성별,연령대,직업군,직업군상세,거주지 시군구 코드,근무지 시군구 코드,거주지행정동,근무지행정동,추정가구원수,추정월소득,증빙연소득,추정 연소득,2년전 추정 연소득 금액,2년내 이직후 소득 증감액,총자산평가금액(주택),순자산평가금액(주택),자가거주여부,현 거주지의 아파트여부,현 거주지의 매매가(국토부 실거래가) 또는 공시가격,차량보유(국산/수입),추정 LTV,추정DTI,신용평점,총대출건수,신용대출-총대출약정액,신용대출-총대출잔액,주택담보대출-총대출약정액,주택담보대출-총대출잔액,정책자금대출-총대출약정액,정책자금대출-총대출잔액,총 대출 상환금액 (최근 12개월),최근 12개월 신용카드소비금액,최근 12개월 체크카드소비금액,최근 12개월 일시불이용금액,최근 12개월 할부이용금액,최근 12개월 현금서비스이용금액,대출연체건수,카드연체건수,연체일수,대출연체금액,카드연체금액,Thin Filer 여부,"파산, 개인회생 신청 여부",2년내 현거주지평균실거래가,2년내 현거주지평균전세거래가,2년내 직장명이력건수
1,30,910,4,26440,26260,2644001,2626001,4,2686.0,0.0,32950.0,27731.0,0.0,431318.0,248454.0,0,1,-99999999.0,1,0.0,23.6,940.0,5,19534.0,7785.0,0.0,0.0,0.0,0.0,1174.0,12532.0,3354.0,4622.0,1204.0,998.0,1,0,25,5921.0,228.0,0,0,1.0,1.0,0
2,25,420,4,26350,26320,2635001,2632002,3,3846.0,0.0,41433.0,37192.0,0.0,125017.0,82928.0,0,1,156973.0,1,0.0,0.0,416.0,3,0.0,0.0,0.0,0.0,0.0,0.0,0.0,11216.0,865.0,7687.0,2402.0,926.0,0,0,0,0.0,0.0,0,0,138845.0,100805.0,0
1,35,420,1,26230,26440,2623003,2644001,3,2724.0,0.0,30590.0,27862.0,0.0,159420.0,139613.0,0,1,160249.0,0,0.0,0.0,751.0,2,0.0,0.0,0.0,0.0,0.0,0.0,0.0,9958.0,1230.0,5509.0,2589.0,2361.0,0,0,0,0.0,0.0,0,0,157271.0,101361.0,0
1,35,910,3,26170,26260,2617002,2626001,1,3218.0,0.0,0.0,35398.0,0.0,270746.0,144647.0,0,0,494664.0,0,0.0,0.0,668.0,1,0.0,0.0,0.0,0.0,0.0,0.0,0.0,0.0,0.0,0.0,0.0,0.0,1,2,35,6333.0,768.0,0,1,501098.0,280193.0,0
2,25,220,3,26320,26320,2632001,2632001,3,4329.0,0.0,50311.0,52452.0,0.0,142725.0,119203.0,0,0,-99999999.0,0,0.0,0.0,682.0,1,0.0,0.0,0.0,0.0,0.0,0.0,0.0,12347.0,6056.0,4688.0,3987.0,3935.0,0,0,0,0.0,0.0,0,0,1.0,1.0,0
2,50,110,2,26410,26320,2641001,2632002,2,3063.0,0.0,38026.0,38616.0,0.0,177182.0,96595.0,1,0,120441.0,1,0.0,12.9,499.0,3,10873.0,4908.0,0.0,0.0,0.0,0.0,636.0,16475.0,2017.0,6469.0,1159.0,1064.0,0,0,0,0.0,0.0,0,0,115294.0,66589.0,0
2,30,420,1,26230,26410,2623001,2641002,4,2303.0,0.0,27207.0,25493.0,1590.0,101986.0,51281.0,1,0,137551.0,0,15.0,91.4,0.0,3,4793.0,3605.0,27506.0,21256.0,0.0,0.0,3709.0,5674.0,2559.0,3169.0,1977.0,1415.0,2,0,37,1388.0,294.0,1,0,156804.0,96978.0,2
2,20,910,1,26260,26260,2626003,2626001,3,2392.0,0.0,28111.0,27999.0,-2100.0,153313.0,67452.0,1,1,147969.0,0,47.0,248.0,0.0,3,0.0,0.0,80418.0,69708.0,0.0,0.0,9562.0,5085.0,3671.0,3474.0,1109.0,693.0,0,0,0,0.0,0.0,1,0,137213.0,81526.0,2
2,25,110,4,26350,26440,2635001,2644001,1,2800.0,0.0,30958.0,25869.0,2770.0,96713.0,75079.0,0,1,125875.0,2,0.0,0.0,560.0,1,0.0,0.0,0.0,0.0,0.0,0.0,0.0,12785.0,4250.0,8273.0,1458.0,1101.0,0,0,0,0.0,0.0,0,0,122529.0,83908.0,1
2,50,910,5,26440,26380,2644002,2638001,4,2389.0,0.0,29533.0,28288.0,0.0,97526.0,61090.0,1,1,90995.0,2,55.0,170.7,641.0,2,0.0,0.0,82222.0,50409.0,0.0,0.0,4815.0,5994.0,3819.0,4151.0,1438.0,629.0,0,0,0,0.0,0.0,0,0,87331.0,53803.0,0
2,55,110,3,26410,26260,2641002,2626001,1,2437.0,0.0,27887.0,25669.0,-275.0,106067.0,87371.0,0,1,90236.0,0,0.0,13.8,479.0,0,5202.0,3845.0,0.0,0.0,0.0,0.0,732.0,3841.0,2380.0,1647.0,958.0,1304.0,0,0,0,0.0,0.0,0,0,92113.0,54118.0,1
1,30,910,5,26320,26260,2632002,2626001,2,3440.0,40096.0,37957.0,46312.0,0.0,77801.0,36797.0,1,1,115766.0,0,0.0,3.2,599.0,1,2820.0,1202.0,0.0,0.0,0.0,0.0,115.0,5876.0,1463.0,2674.0,303.0,877.0,0,0,0,0.0,0.0,0,0,127064.0,84095.0,0
2,60,420,5,26410,26260,2641002,2626003,1,3467.0,0.0,43252.0,36921.0,0.0,133603.0,97776.0,0,1,92773.0,1,0.0,1.9,775.0,1,2611.0,823.0,0.0,0.0,0.0,0.0,130.0,9732.0,2819.0,5827.0,2930.0,1014.0,0,0,0,0.0,0.0,0,0,104237.0,64947.0,0
1,50,910,4,26230,26350,2623001,2635001,4,1730.0,20334.0,19629.0,20819.0,0.0,133400.0,54313.0,0,0,165004.0,0,0.0,24.7,778.0,1,6030.0,2707.0,0.0,0.0,2552.0,2133.0,619.0,7998.0,1247.0,3200.0,571.0,662.0,0,0,0,0.0,0.0,0,0,160325.0,80866.0,0
1,45,910,3,26500,26410,2650003,2641002,1,2268.0,19519.0,25499.0,29188.0,0.0,161353.0,85292.0,0,1,133329.0,0,0.0,0.0,750.0,2,0.0,0.0,0.0,0.0,0.0,0.0,0.0,8474.0,3794.0,3685.0,970.0,47.0,0,0,0,0.0,0.0,0,0,130038.0,85985.0,0
1,50,220,5,26410,26410,2641003,2641003,4,2498.0,0.0,26404.0,20678.0,0.0,144895.0,106542.0,0,0,129757.0,2,0.0,0.0,0.0,4,0.0,0.0,0.0,0.0,0.0,0.0,0.0,3811.0,3298.0,1580.0,872.0,1898.0,0,0,0,0.0,0.0,1,0,132641.0,71596.0,0
2,30,910,4,26410,26320,2641003,2632002,1,3189.0,0.0,34622.0,30514.0,1823.0,327756.0,141204.0,0,0,238530.0,0,0.0,0.0,777.0,3,0.0,0.0,0.0,0.0,0.0,0.0,0.0,9949.0,2144.0,4608.0,2809.0,615.0,0,0,0,0.0,0.0,0,0,266122.0,196967.0,1
1,40,910,5,26260,26260,2626003,2626002,3,3543.0,0.0,42935.0,36492.0,4327.0,185642.0,112773.0,0,1,170837.0,0,0.0,0.0,0.0,1,0.0,0.0,0.0,0.0,0.0,0.0,0.0,13652.0,3162.0,8311.0,3300.0,2167.0,0,0,0,0.0,0.0,1,0,149315.0,102442.0,1
2,35,910,5,26350,26230,2635001,2623001,1,4556.0,38611.0,52236.0,47566.0,0.0,87173.0,61798.0,1,0,88496.0,0,0.0,0.0,694.0,2,0.0,0.0,0.0,0.0,0.0,0.0,0.0,19997.0,2890.0,6070.0,4723.0,285.0,0,0,0,0.0,0.0,0,0,101044.0,59960.0,0
1,40,910,1,26440,26350,2644001,2635001,2,2497.0,20457.0,30987.0,30498.0,2404.0,129553.0,103665.0,0,0,134770.0,1,0.0,3.4,0.0,2,1835.0,1050.0,0.0,0.0,0.0,0.0,151.0,9212.0,2245.0,2859.0,1823.0,946.0,0,0,0,0.0,0.0,1,0,145611.0,74997.0,1
2,25,910,4,26260,26440,2626002,2644001,3,2530.0,22719.0,26989.0,27315.0,0.0,230411.0,181589.0,0,1,301983.0,1,0.0,0.0,471.0,0,0.0,0.0,0.0,0.0,0.0,0.0,0.0,5943.0,821.0,1792.0,1213.0,95.0,0,0,0,0.0,0.0,0,0,298152.0,173501.0,0
2,40,110,4,26320,26260,2632001,2626002,3,3183.0,37479.0,37343.0,32561.0,4940.0,55827.0,26881.0,1,0,86688.0,0,0.0,8.4,470.0,1,6552.0,3137.0,0.0,0.0,0.0,0.0,570.0,16750.0,4801.0,9309.0,2999.0,2981.0,0,0,0,0.0,0.0,0,0,89601.0,59393.0,1
2,60,910,5,26320,26230,2632001,2623001,4,2357.0,26537.0,28143.0,23455.0,0.0,330561.0,145891.0,1,1,477517.0,1,0.0,0.0,463.0,0,0.0,0.0,0.0,0.0,0.0,0.0,0.0,5371.0,2511.0,2399.0,716.0,1956.0,0,0,0,0.0,0.0,0,0,543841.0,394101.0,0
1,25,910,2,26470,26440,2647001,2644002,4,2708.0,0.0,31798.0,31181.0,-5502.0,62020.0,37646.0,0,1,98414.0,1,0.0,0.0,418.0,1,0.0,0.0,0.0,0.0,0.0,0.0,0.0,13915.0,3137.0,6796.0,2210.0,2167.0,0,0,0,0.0,0.0,0,0,89570.0,61527.0,1
2,70,910,5,26230,26350,2623002,2635002,3,2530.0,24653.0,29246.0,21811.0,0.0,169425.0,90209.0,0,0,223432.0,1,0.0,0.0,513.0,3,0.0,0.0,0.0,0.0,0.0,0.0,0.0,5067.0,1333.0,2465.0,1588.0,483.0,0,0,0,0.0,0.0,0,0,253045.0,175244.0,0
1,30,420,3,26230,26320,2623002,2632002,2,1096.0,8903.0,12776.0,12771.0,0.0,99107.0,56306.0,0,0,116240.0,0,0.0,22.2,582.0,1,4008.0,2836.0,0.0,0.0,0.0,0.0,526.0,3594.0,1006.0,1370.0,593.0,581.0,0,0,0,0.0,0.0,0,0,105317.0,56090.0,0
2,25,110,2,26350,26440,2635001,2644001,2,2880.0,24571.0,34212.0,41676.0,0.0,95745.0,56333.0,1,1,100154.0,0,0.0,16.2,0.0,1,13416.0,5558.0,0.0,0.0,0.0,0.0,510.0,4744.0,2740.0,2923.0,1320.0,2376.0,0,0,0,0.0,0.0,1,0,114051.0,63565.0,0
1,20,910,1,26260,26350,2626003,2635002,4,2681.0,0.0,32779.0,42472.0,0.0,45173.0,27937.0,0,0,53265.0,1,0.0,16.4,0.0,1,5991.0,5363.0,0.0,0.0,0.0,0.0,946.0,13523.0,1067.0,5067.0,3161.0,994.0,0,0,0,0.0,0.0,1,0,45503.0,31743.0,0
2,45,910,2,26440,26410,2644002,2641002,3,3626.0,0.0,40512.0,52150.0,-1264.0,170161.0,116599.0,1,0,147213.0,0,0.0,1.5,453.0,2,1725.0,607.0,0.0,0.0,0.0,0.0,68.0,10990.0,971.0,6305.0,1288.0,113.0,0,0,0,0.0,0.0,0,0,156431.0,92934.0,1
2,35,110,5,26350,26320,2635001,2632002,4,2804.0,29030.0,32020.0,33081.0,2781.0,45569.0,18461.0,0,1,59279.0,0,0.0,0.0,672.0,2,0.0,0.0,0.0,0.0,0.0,0.0,0.0,13109.0,3213.0,7810.0,1261.0,1077.0,0,0,0,0.0,0.0,0,0,50931.0,36395.0,2
2,25,110,4,26260,26410,2626001,2641002,2,1984.0,22270.0,23355.0,23468.0,0.0,41537.0,23423.0,0,1,44788.0,1,0.0,11.4,0.0,1,3554.0,2651.0,0.0,0.0,0.0,0.0,385.0,9079.0,2203.0,3652.0,789.0,1667.0,0,0,0,0.0,0.0,1,0,44276.0,22585.0,0
2,35,110,4,26320,26230,2632002,2623003,2,2632.0,0.0,29290.0,25866.0,0.0,197960.0,107968.0,1,1,240222.0,1,8.0,78.6,548.0,0,0.0,0.0,27567.0,20380.0,6195.0,2633.0,3438.0,4877.0,3045.0,2847.0,969.0,260.0,0,0,0,0.0,0.0,0,1,204683.0,133914.0,0
1,25,910,5,26230,26410,2623001,2641002,4,1441.0,11482.0,15646.0,15254.0,2985.0,288879.0,153084.0,0,0,377244.0,0,0.0,0.0,573.0,1,0.0,0.0,0.0,0.0,0.0,0.0,0.0,1885.0,2135.0,729.0,209.0,109.0,1,1,25,1084.0,335.0,0,0,325486.0,204154.0,1
2,30,420,2,26410,26260,2641001,2626003,3,2013.0,0.0,25026.0,21639.0,-2679.0,66148.0,55150.0,1,1,47152.0,0,0.0,0.0,789.0,2,0.0,0.0,0.0,0.0,0.0,0.0,0.0,10532.0,3749.0,5375.0,1347.0,1198.0,0,0,0,0.0,0.0,0,0,51269.0,35950.0,1
1,50,110,4,26320,26230,2632001,2623002,1,3213.0,0.0,34988.0,33748.0,4316.0,180208.0,-99999999.0,1,1,280234.0,1,0.0,18.6,467.0,1,10170.0,6502.0,0.0,0.0,0.0,0.0,688.0,10383.0,4517.0,6093.0,3129.0,635.0,0,0,0,0.0,0.0,0,0,315546.0,171147.0,2
2,35,910,2,26230,26260,2623001,2626002,3,2639.0,0.0,28938.0,28040.0,0.0,159200.0,76898.0,1,0,215085.0,0,21.0,183.1,433.0,1,9473.0,8330.0,77945.0,44654.0,0.0,0.0,6849.0,11529.0,666.0,4130.0,2266.0,900.0,0,0,0,0.0,0.0,0,0,228793.0,125727.0,0
1,40,910,5,26410,26350,2641002,2635001,1,3400.0,0.0,39907.0,-1.0,0.0,93441.0,81154.0,1,1,80643.0,0,28.0,57.2,0.0,1,0.0,0.0,24591.0,22830.0,0.0,0.0,2091.0,13626.0,2391.0,7779.0,2041.0,1275.0,0,0,0,0.0,0.0,1,0,88885.0,55391.0,0
2,35,910,3,26410,26230,2641001,2623003,4,1522.0,0.0,16217.0,13043.0,0.0,220024.0,134351.0,0,1,196754.0,0,0.0,0.0,570.0,0,0.0,0.0,0.0,0.0,0.0,0.0,0.0,5990.0,1964.0,2116.0,633.0,908.0,0,0,0,0.0,0.0,0,0,176422.0,114861.0,0
2,75,110,5,26230,26260,2623003,2626002,1,2642.0,0.0,27921.0,34889.0,-102.0,89485.0,44852.0,0,0,86399.0,0,0.0,0.0,0.0,1,0.0,0.0,0.0,0.0,0.0,0.0,0.0,7515.0,3829.0,2468.0,1361.0,63.0,0,0,0,0.0,0.0,1,0,88953.0,48090.0,1
2,25,420,4,26260,26410,2626003,2641001,4,2491.0,21177.0,26474.0,24622.0,0.0,134662.0,109502.0,1,0,146566.0,0,0.0,5.0,630.0,1,2207.0,1322.0,0.0,0.0,0.0,0.0,208.0,9442.0,3668.0,4151.0,1218.0,1396.0,0,0,0,0.0,0.0,0,0,146463.0,106417.0,0
2,25,910,4,26320,26230,2632001,2623003,4,3421.0,26726.0,36764.0,36663.0,-2186.0,46525.0,35426.0,0,1,70325.0,2,0.0,6.5,637.0,3,2749.0,2383.0,0.0,0.0,0.0,0.0,452.0,15498.0,3942.0,6003.0,956.0,1443.0,0,0,0,0.0,0.0,0,0,77848.0,55332.0,2
1,20,420,5,26440,26260,2644002,2626003,1,3237.0,37820.0,36767.0,32048.0,-1575.0,47733.0,43910.0,0,0,39050.0,0,0.0,17.6,0.0,1,8197.0,6486.0,0.0,0.0,0.0,0.0,738.0,12805.0,4784.0,4605.0,3972.0,1508.0,0,0,0,0.0,0.0,1,0,39704.0,21099.0,1
2,35,910,4,26260,26440,2626002,2644001,3,3217.0,0.0,39114.0,38090.0,0.0,199073.0,175739.0,1,1,204861.0,0,0.0,8.4,433.0,3,0.0,0.0,0.0,0.0,3856.0,3273.0,595.0,16668.0,1596.0,6724.0,3677.0,2213.0,0,0,0,0.0,0.0,0,0,230423.0,164150.0,0
2,35,110,2,26440,26230,2644001,2623003,1,3802.0,0.0,42521.0,41231.0,0.0,137410.0,107437.0,1,1,129429.0,0,18.0,53.5,694.0,2,0.0,0.0,26649.0,22754.0,0.0,0.0,4212.0,7845.0,3020.0,4745.0,2347.0,2182.0,0,0,0,0.0,0.0,0,0,145320.0,105883.0,0
2,40,910,3,26410,26230,2641002,2623002,2,2561.0,30689.0,29080.0,29374.0,0.0,90629.0,44276.0,1,1,80030.0,0,7.0,24.1,602.0,2,4080.0,1590.0,10512.0,5423.0,0.0,0.0,1093.0,11080.0,897.0,7138.0,3016.0,1574.0,1,0,43,2601.0,582.0,0,0,76272.0,42798.0,0
2,25,910,3,26320,26230,2632002,2623001,2,3668.0,0.0,42917.0,34639.0,0.0,310118.0,206461.0,0,1,441876.0,0,0.0,2.9,783.0,3,0.0,0.0,0.0,0.0,3002.0,1227.0,201.0,12249.0,2477.0,8266.0,666.0,1027.0,2,2,36,2331.0,818.0,0,0,474449.0,339778.0,0
2,18,220,1,26320,26260,2632001,2626002,3,2121.0,19461.0,23552.0,22858.0,0.0,308165.0,143400.0,0,0,344041.0,1,0.0,13.6,566.0,0,4528.0,3195.0,0.0,0.0,0.0,0.0,562.0,2856.0,2848.0,1943.0,703.0,1606.0,0,0,0,0.0,0.0,0,0,383749.0,245895.0,0
1,35,110,3,26410,26410,2641001,2641003,4,2097.0,24457.0,23833.0,17981.0,0.0,128476.0,90212.0,1,1,95704.0,1,40.0,159.8,673.0,0,0.0,0.0,71297.0,38088.0,0.0,0.0,4748.0,7767.0,1054.0,4283.0,715.0,1174.0,0,0,0,0.0,0.0,0,0,91845.0,64347.0,0
2,75,910,3,26350,26200,2635001,2620001,2,3289.0,27193.0,37076.0,34623.0,-6923.0,41217.0,37270.0,1,1,53498.0,0,63.0,91.3,0.0,1,0.0,0.0,44479.0,33841.0,0.0,0.0,6713.0,11848.0,4320.0,6841.0,852.0,1365.0,1,1,34,673.0,576.0,1,0,57904.0,37674.0,1
2,25,220,2,26350,26350,2635001,2635002,2,1822.0,0.0,20377.0,19721.0,-714.0,92322.0,37123.0,1,0,95141.0,0,75.0,350.3,0.0,1,0.0,0.0,75840.0,71374.0,0.0,0.0,8980.0,9105.0,2443.0,3843.0,535.0,818.0,0,0,0,0.0,0.0,1,0,80885.0,46470.0,1
2,25,910,1,26440,26320,2644001,2632001,1,3172.0,0.0,35770.0,35479.0,0.0,59901.0,52821.0,0,1,54963.0,0,0.0,6.5,0.0,1,4116.0,2332.0,0.0,0.0,0.0,0.0,210.0,11712.0,4807.0,7707.0,3553.0,701.0,0,0,0,0.0,0.0,1,0,53758.0,36183.0,0
1,25,110,3,26440,26410,2644001,2641001,4,2866.0,0.0,30157.0,27055.0,0.0,-99999999.0,72563.0,1,1,1.0,0,0.0,0.0,684.0,3,0.0,0.0,0.0,0.0,0.0,0.0,0.0,4395.0,4395.0,1931.0,972.0,1902.0,0,0,0,0.0,0.0,0,0,1.0,1.0,0
2,30,420,3,26320,26710,2632001,2671002,2,3497.0,38556.0,42917.0,45572.0,0.0,56287.0,27197.0,0,1,81544.0,0,0.0,0.0,0.0,1,0.0,0.0,0.0,0.0,0.0,0.0,0.0,19180.0,5027.0,11392.0,5405.0,955.0,0,0,0,0.0,0.0,1,0,78232.0,53221.0,0
2,25,420,1,26350,26320,2635002,2632002,2,2761.0,0.0,34387.0,32692.0,0.0,48159.0,41933.0,0,0,46282.0,0,0.0,4.4,613.0,3,3897.0,1520.0,0.0,0.0,0.0,0.0,127.0,7228.0,3707.0,4437.0,1746.0,1594.0,0,0,0,0.0,0.0,0,0,51608.0,35611.0,0
1,30,420,4,26350,26410,2635001,2641003,1,2836.0,0.0,34670.0,33620.0,4796.0,25398.0,17659.0,0,1,27353.0,0,0.0,7.4,702.0,1,3907.0,2558.0,0.0,0.0,0.0,0.0,260.0,11928.0,4226.0,8244.0,1093.0,2590.0,0,0,0,0.0,0.0,0,0,28603.0,18923.0,1
1,35,420,1,26410,26110,2641003,2611002,2,3131.0,33224.0,32911.0,30507.0,-2068.0,109136.0,70555.0,1,1,91669.0,0,10.0,28.2,0.0,0,0.0,0.0,17983.0,9291.0,0.0,0.0,1155.0,10182.0,1468.0,3185.0,2366.0,1452.0,0,0,0,0.0,0.0,1,0,92666.0,-99999999.0,1
1,30,910,1,26320,26410,2632002,2641001,3,2369.0,0.0,28432.0,26265.0,-135.0,24853.0,16772.0,0,0,27037.0,1,0.0,3.8,701.0,0,0.0,0.0,0.0,0.0,1242.0,1094.0,115.0,6380.0,3299.0,2555.0,533.0,87.0,0,0,0,0.0,0.0,0,0,30002.0,17495.0,1
2,30,420,3,26350,26350,2635002,2635002,4,2341.0,18493.0,27264.0,25006.0,4715.0,81459.0,39186.0,0,1,110148.0,0,0.0,0.0,0.0,3,0.0,0.0,0.0,0.0,0.0,0.0,0.0,6607.0,3769.0,3228.0,434.0,2112.0,0,0,0,0.0,0.0,1,0,118402.0,86126.0,1
1,20,910,2,26350,26440,2635002,2644002,2,3108.0,26051.0,33219.0,31812.0,0.0,149737.0,69179.0,0,0,197120.0,2,0.0,3.6,0.0,3,2449.0,1206.0,0.0,0.0,0.0,0.0,120.0,10914.0,2622.0,6756.0,1660.0,1500.0,0,0,0,0.0,0.0,1,0,181951.0,128004.0,0
2,55,420,5,26230,26440,2623001,2644001,3,2781.0,0.0,34389.0,27178.0,1286.0,64007.0,48892.0,0,0,78286.0,0,0.0,6.3,494.0,2,5647.0,2167.0,0.0,0.0,0.0,0.0,336.0,13931.0,786.0,8222.0,1114.0,501.0,0,0,0,0.0,0.0,0,0,85376.0,60515.0,1
2,30,420,1,26440,26350,2644001,2635002,4,2535.0,25925.0,30553.0,27943.0,-1245.0,51488.0,45527.0,0,0,50086.0,1,0.0,0.0,0.0,0,0.0,0.0,0.0,0.0,0.0,0.0,0.0,13178.0,1949.0,4351.0,3448.0,1215.0,0,0,0,0.0,0.0,1,0,50290.0,26293.0,1
1,25,220,2,26230,26350,2623001,2635001,2,2746.0,0.0,29631.0,20854.0,2036.0,94778.0,74112.0,1,1,96237.0,1,0.0,9.2,638.0,1,3798.0,2714.0,0.0,0.0,0.0,0.0,472.0,13241.0,965.0,8512.0,3067.0,875.0,0,0,0,0.0,0.0,0,0,87729.0,52780.0,2
1,20,110,4,26260,26230,2626002,2623002,2,3836.0,0.0,47674.0,45952.0,0.0,60044.0,51784.0,0,0,68187.0,1,0.0,5.0,0.0,3,2708.0,2368.0,0.0,0.0,0.0,0.0,429.0,6715.0,4836.0,3122.0,1711.0,1600.0,0,0,0,0.0,0.0,1,0,77936.0,45871.0,0
1,35,220,2,26230,26350,2623002,2635002,1,2512.0,27557.0,27010.0,23010.0,0.0,110348.0,95410.0,0,1,115954.0,1,0.0,8.7,730.0,3,5641.0,2344.0,0.0,0.0,0.0,0.0,391.0,4477.0,3471.0,2875.0,1443.0,1046.0,0,0,0,0.0,0.0,0,0,112479.0,80868.0,0
2,50,910,5,26410,26350,2641003,2635001,4,2493.0,24740.0,28444.0,30881.0,-1011.0,53120.0,22184.0,0,1,46313.0,0,0.0,0.0,729.0,1,0.0,0.0,0.0,0.0,0.0,0.0,0.0,4891.0,907.0,3196.0,778.0,1883.0,0,0,0,0.0,0.0,0,0,39862.0,23233.0,1
1,20,420,4,26260,26410,2626002,2641001,1,1690.0,0.0,18282.0,14742.0,-2164.0,92717.0,76401.0,0,0,89966.0,0,0.0,13.7,491.0,1,6555.0,2513.0,0.0,0.0,0.0,0.0,375.0,8056.0,1382.0,5375.0,1753.0,352.0,0,0,0,0.0,0.0,0,0,101332.0,74488.0,1
1,25,910,5,26440,26440,2644001,2644002,1,2772.0,0.0,29939.0,32389.0,0.0,80189.0,66128.0,0,1,-99999999.0,2,0.0,5.9,716.0,3,0.0,0.0,0.0,0.0,2033.0,1770.0,155.0,4015.0,3217.0,2466.0,651.0,1582.0,0,0,0,0.0,0.0,0,0,1.0,1.0,0
1,25,910,5,26260,26260,2626003,2626001,1,3227.0,0.0,40130.0,36536.0,-3680.0,98036.0,58085.0,0,1,102169.0,0,0.0,3.7,828.0,2,0.0,0.0,0.0,0.0,1857.0,1494.0,289.0,13803.0,5537.0,8300.0,1271.0,2309.0,3,1,21,2147.0,1744.0,0,0,100816.0,72302.0,1
1,35,420,1,26260,26410,2626003,2641001,3,3344.0,26652.0,38938.0,39318.0,0.0,263311.0,164679.0,1,0,293510.0,1,0.0,6.3,462.0,1,6903.0,2436.0,0.0,0.0,0.0,0.0,197.0,16946.0,1894.0,8544.0,5125.0,3053.0,0,0,0,0.0,0.0,0,0,295092.0,155398.0,0
2,55,220,3,26320,26410,2632002,2641001,2,2870.0,0.0,31623.0,28806.0,0.0,111289.0,90146.0,1,1,129431.0,1,21.0,96.5,609.0,1,5286.0,3945.0,34544.0,26575.0,0.0,0.0,3253.0,9530.0,2803.0,4980.0,2113.0,794.0,0,0,0,0.0,0.0,0,0,139542.0,103815.0,0
2,30,910,4,26350,26710,2635001,2671003,3,3421.0,0.0,41233.0,41449.0,-5147.0,133608.0,125940.0,0,1,141322.0,0,0.0,16.7,696.0,1,8887.0,6895.0,0.0,0.0,0.0,0.0,620.0,4236.0,917.0,2146.0,1004.0,661.0,0,0,0,0.0,0.0,0,0,123441.0,73134.0,2
1,30,110,1,26410,26410,2641002,2641001,3,3275.0,27750.0,40120.0,44010.0,0.0,67855.0,64008.0,0,1,55313.0,1,0.0,17.8,0.0,1,14616.0,7143.0,0.0,0.0,0.0,0.0,1424.0,4934.0,2837.0,2498.0,629.0,3001.0,0,0,0,0.0,0.0,1,0,59439.0,30912.0,0
1,40,910,3,26320,26410,2632001,2641001,1,3523.0,0.0,43457.0,43929.0,0.0,112866.0,74561.0,0,1,147394.0,0,0.0,0.0,837.0,0,0.0,0.0,0.0,0.0,0.0,0.0,0.0,15142.0,2819.0,5819.0,4519.0,3306.0,0,0,0,0.0,0.0,0,0,156301.0,102515.0,0
1,40,910,4,26230,26230,2623003,2623002,2,3440.0,0.0,42539.0,33728.0,0.0,83710.0,69835.0,0,0,114840.0,0,0.0,0.0,745.0,0,0.0,0.0,0.0,0.0,0.0,0.0,0.0,10185.0,1831.0,4392.0,2066.0,2648.0,0,0,0,0.0,0.0,0,0,108132.0,77438.0,0
2,25,420,4,26410,26230,2641001,2623001,1,3820.0,0.0,47029.0,42750.0,0.0,100488.0,65954.0,0,0,78432.0,1,0.0,0.0,703.0,0,0.0,0.0,0.0,0.0,0.0,0.0,0.0,13027.0,1816.0,4832.0,923.0,1457.0,0,0,0,0.0,0.0,0,0,85333.0,58197.0,0
1,25,220,3,26260,26260,2626003,2626002,1,2690.0,31008.0,31682.0,37867.0,0.0,145709.0,127682.0,1,1,137773.0,1,0.0,3.9,756.0,4,0.0,0.0,0.0,0.0,1545.0,1231.0,229.0,3669.0,2154.0,2154.0,536.0,2463.0,0,0,0,0.0,0.0,0,0,124622.0,84285.0,0
2,30,910,5,26440,26320,2644001,2632002,2,1937.0,0.0,21665.0,18140.0,4229.0,73120.0,55377.0,0,1,73380.0,0,0.0,16.7,0.0,0,7685.0,3625.0,0.0,0.0,0.0,0.0,464.0,8978.0,606.0,4203.0,1673.0,1011.0,0,0,0,0.0,0.0,1,0,83648.0,61506.0,1
2,40,420,4,26440,26200,2644001,2620002,2,3231.0,23641.0,39907.0,44526.0,-39.0,77744.0,71148.0,0,1,72328.0,0,0.0,6.0,655.0,2,0.0,0.0,0.0,0.0,2981.0,2381.0,460.0,16637.0,5500.0,6610.0,2499.0,697.0,0,0,0,0.0,0.0,0,0,81736.0,60633.0,1
1,40,420,1,26320,26230,2632001,2623002,1,3307.0,0.0,35534.0,31129.0,0.0,73729.0,69931.0,1,1,111202.0,1,0.0,0.0,604.0,1,0.0,0.0,0.0,0.0,0.0,0.0,0.0,11042.0,5116.0,6843.0,932.0,2347.0,0,0,0,0.0,0.0,0,0,116562.0,82290.0,0
1,35,910,2,26350,26350,2635002,2635002,2,3820.0,34151.0,41400.0,37198.0,0.0,72880.0,42387.0,1,1,75673.0,1,38.0,68.8,779.0,1,0.0,0.0,46207.0,28488.0,0.0,0.0,4761.0,11042.0,5473.0,7268.0,1627.0,1595.0,0,0,0,0.0,0.0,0,0,72088.0,50174.0,0
1,45,220,5,26260,26260,2626003,2626002,2,3633.0,33075.0,41299.0,36794.0,0.0,109529.0,102807.0,1,0,137782.0,1,0.0,0.0,553.0,1,0.0,0.0,0.0,0.0,0.0,0.0,0.0,9820.0,846.0,2964.0,500.0,190.0,0,0,0,0.0,0.0,0,0,134599.0,79093.0,0
2,25,220,1,26350,26260,2635002,2626002,4,4065.0,0.0,44989.0,34396.0,7718.0,79349.0,61962.0,1,1,97570.0,0,0.0,12.9,641.0,3,7664.0,5794.0,0.0,0.0,0.0,0.0,1139.0,7614.0,2917.0,4959.0,864.0,2800.0,0,0,0,0.0,0.0,0,0,105260.0,64806.0,1
1,25,110,1,26260,26260,2626003,2626001,3,3203.0,25828.0,37576.0,41488.0,956.0,242504.0,128757.0,0,0,239474.0,0,0.0,0.0,500.0,3,0.0,0.0,0.0,0.0,0.0,0.0,0.0,16116.0,2884.0,5007.0,3894.0,2455.0,3,2,35,1218.0,1315.0,0,0,218477.0,138182.0,1
1,20,220,2,26320,26440,2632001,2644001,2,2949.0,0.0,36304.0,32367.0,3867.0,492622.0,197892.0,0,1,630752.0,0,0.0,5.9,745.0,1,3429.0,2142.0,0.0,0.0,0.0,0.0,291.0,9848.0,2279.0,5750.0,2088.0,2485.0,0,0,0,0.0,0.0,0,0,595135.0,368844.0,1
1,50,110,5,26230,26290,2623001,2629001,2,1900.0,16539.0,21816.0,17898.0,0.0,70209.0,54490.0,0,1,81281.0,0,0.0,0.0,0.0,3,0.0,0.0,0.0,0.0,0.0,0.0,0.0,3007.0,2705.0,1957.0,489.0,284.0,0,0,0,0.0,0.0,1,0,79863.0,56044.0,0
1,35,420,4,26230,26230,2623003,2623001,1,3000.0,0.0,34823.0,37304.0,-3573.0,117760.0,61507.0,0,1,137791.0,1,0.0,1.5,528.0,1,921.0,518.0,0.0,0.0,0.0,0.0,86.0,13144.0,3753.0,5183.0,4442.0,937.0,0,0,0,0.0,0.0,0,0,149479.0,111855.0,1
1,25,910,1,26230,26410,2623002,2641001,2,2441.0,25630.0,27696.0,30165.0,0.0,184021.0,97027.0,0,1,205636.0,0,0.0,22.2,630.0,2,6900.0,4456.0,0.0,0.0,2541.0,1679.0,1199.0,12190.0,1257.0,8258.0,777.0,1754.0,0,0,0,0.0,0.0,0,0,183708.0,101301.0,0
2,20,420,2,26320,26320,2632001,2632001,3,2937.0,0.0,34995.0,35459.0,-3913.0,84166.0,59227.0,0,0,115046.0,0,0.0,0.0,588.0,1,0.0,0.0,0.0,0.0,0.0,0.0,0.0,6959.0,1094.0,4092.0,1684.0,2132.0,5,0,42,551.0,1777.0,0,0,101785.0,70963.0,1
1,40,420,5,26230,26260,2623003,2626001,1,2835.0,0.0,30338.0,28124.0,0.0,54359.0,22668.0,1,0,68079.0,1,0.0,15.5,790.0,1,5545.0,4699.0,0.0,0.0,0.0,0.0,609.0,10330.0,2973.0,7164.0,2442.0,2150.0,0,0,0,0.0,0.0,0,0,76321.0,49820.0,0
1,40,910,2,26440,26260,2644002,2626001,4,3107.0,36077.0,32925.0,40230.0,4031.0,280101.0,176184.0,1,0,279268.0,0,6.0,54.9,834.0,0,0.0,0.0,34306.0,18074.0,0.0,0.0,1754.0,14780.0,4269.0,5614.0,3048.0,1443.0,0,0,0,0.0,0.0,0,0,318323.0,216987.0,1
1,35,420,3,26440,26410,2644001,2641002,3,2737.0,30861.0,32249.0,28982.0,519.0,148999.0,125108.0,0,1,153744.0,1,0.0,0.0,0.0,0,0.0,0.0,0.0,0.0,0.0,0.0,0.0,4522.0,3303.0,1589.0,584.0,802.0,0,0,0,0.0,0.0,1,0,155387.0,97140.0,2
2,25,220,3,26470,26260,2647003,2626001,4,3408.0,29811.0,39430.0,48159.0,-1214.0,119517.0,49599.0,0,1,191812.0,0,0.0,0.0,248.0,2,0.0,0.0,0.0,0.0,0.0,0.0,0.0,15158.0,2046.0,8559.0,3050.0,1295.0,0,0,0,0.0,0.0,0,0,203961.0,137475.0,2
1,55,220,4,26110,26140,2611002,2614001,2,1030.0,0.0,11654.0,9521.0,-921.0,235700.0,175165.0,0,0,363010.0,0,0.0,17.2,800.0,2,2239.0,2004.0,0.0,0.0,0.0,0.0,293.0,3198.0,1078.0,1618.0,611.0,274.0,4,0,36,957.0,223.0,0,0,329638.0,216354.0,1
1,40,910,4,26320,26440,2632002,2644001,4,2923.0,33572.0,32644.0,29487.0,0.0,156708.0,76334.0,0,0,201484.0,1,0.0,2.9,656.0,0,1115.0,936.0,0.0,0.0,0.0,0.0,94.0,10912.0,2906.0,6830.0,1023.0,1678.0,4,0,40,1040.0,1187.0,0,0,223629.0,148475.0,0
1,35,110,5,26260,26320,2626003,2632001,2,3582.0,33578.0,37982.0,28840.0,-4704.0,95917.0,83885.0,1,1,97040.0,1,24.0,61.8,656.0,1,0.0,0.0,28182.0,23455.0,0.0,0.0,2885.0,6201.0,4645.0,2925.0,750.0,1503.0,0,0,0,0.0,0.0,0,0,107733.0,79479.0,1
2,35,910,1,26470,26410,2647002,2641001,4,4016.0,42558.0,47634.0,42142.0,0.0,54941.0,33782.0,1,1,67525.0,1,0.0,2.5,775.0,0,0.0,0.0,0.0,0.0,2911.0,1211.0,174.0,8397.0,3589.0,2526.0,1522.0,2161.0,0,0,0,0.0,0.0,0,0,60504.0,30945.0,0
2,55,420,3,26410,26260,2641002,2626002,3,3276.0,0.0,37159.0,37752.0,0.0,73424.0,62166.0,0,1,56352.0,0,0.0,0.0,603.0,4,0.0,0.0,0.0,0.0,0.0,0.0,0.0,10947.0,4227.0,5408.0,1769.0,1999.0,0,0,0,0.0,0.0,0,0,60426.0,34685.0,0
2,55,420,4,26320,26260,2632002,2626002,3,3895.0,0.0,44366.0,48743.0,0.0,203393.0,162328.0,0,1,260514.0,0,0.0,0.0,568.0,1,0.0,0.0,0.0,0.0,0.0,0.0,0.0,8327.0,2385.0,4716.0,741.0,849.0,0,0,0,0.0,0.0,0,0,237709.0,157150.0,0
2,35,420,3,26230,26470,2623001,2647003,1,2910.0,0.0,35755.0,33547.0,-1064.0,148635.0,131216.0,0,0,189131.0,1,0.0,0.0,604.0,0,0.0,0.0,0.0,0.0,0.0,0.0,0.0,11043.0,826.0,4692.0,1342.0,2559.0,0,0,0,0.0,0.0,0,0,186311.0,110960.0,3
2,30,420,4,26260,26260,2626001,2626002,4,2802.0,0.0,33554.0,32721.0,0.0,88256.0,60391.0,0,1,88206.0,1,0.0,4.3,714.0,1,3704.0,1434.0,0.0,0.0,0.0,0.0,204.0,4385.0,4029.0,2196.0,998.0,126.0,0,0,0,0.0,0.0,0,0,83727.0,51281.0,0
1,30,420,4,26440,26230,2644002,2623002,1,3144.0,0.0,34392.0,28472.0,0.0,284913.0,190140.0,0,0,304262.0,0,0.0,0.0,764.0,3,0.0,0.0,0.0,0.0,0.0,0.0,0.0,12851.0,5098.0,6957.0,3356.0,673.0,0,0,0,0.0,0.0,0,0,338111.0,205132.0,0
1,45,420,2,26110,26230,2611001,2623003,1,2798.0,0.0,33057.0,37113.0,0.0,89829.0,37781.0,0,1,117267.0,0,0.0,19.7,0.0,1,6676.0,3178.0,0.0,0.0,4446.0,3318.0,938.0,6476.0,4900.0,3803.0,1784.0,329.0,0,0,0,0.0,0.0,1,0,116035.0,80592.0,0
1,35,420,1,26350,26260,2635002,2626001,2,2291.0,0.0,24661.0,18498.0,0.0,178530.0,123828.0,0,0,181462.0,0,0.0,0.0,702.0,1,0.0,0.0,0.0,0.0,0.0,0.0,0.0,8827.0,2901.0,3480.0,1870.0,811.0,0,0,0,0.0,0.0,0,0,198980.0,102324.0,0
2,20,220,5,26260,26410,2626001,2641003,4,2465.0,27100.0,26839.0,21977.0,0.0,112648.0,77399.0,0,1,117553.0,0,0.0,0.0,631.0,0,0.0,0.0,0.0,0.0,0.0,0.0,0.0,4215.0,2867.0,1718.0,280.0,2028.0,0,0,0,0.0,0.0,0,0,121344.0,74321.0,0
2,25,420,5,26230,26410,2623001,2641003,4,2077.0,0.0,24775.0,24788.0,-484.0,314825.0,230930.0,0,0,361469.0,2,0.0,0.0,0.0,1,0.0,0.0,0.0,0.0,0.0,0.0,0.0,9411.0,1701.0,5409.0,1123.0,1639.0,0,0,0,0.0,0.0,1,0,360022.0,240039.0,1
2,55,420,5,26350,26230,2635002,2623002,4,3143.0,0.0,33793.0,26001.0,1022.0,155100.0,73217.0,0,0,159122.0,0,0.0,11.3,524.0,0,5791.0,3818.0,0.0,0.0,0.0,0.0,541.0,3539.0,4738.0,1563.0,950.0,1334.0,0,0,0,0.0,0.0,0,0,167318.0,100782.0,2
2,50,910,2,26260,26410,2626003,2641003,3,2807.0,0.0,31047.0,34023.0,0.0,101488.0,70735.0,0,1,97098.0,0,0.0,35.6,835.0,4,14743.0,11055.0,0.0,0.0,0.0,0.0,940.0,4961.0,2561.0,2977.0,677.0,999.0,0,0,0,0.0,0.0,0,0,82627.0,42656.0,0
1,60,910,2,26410,26260,2641002,2626001,4,2566.0,28155.0,31552.0,29743.0,0.0,88674.0,57613.0,0,1,75379.0,1,0.0,0.0,0.0,2,0.0,0.0,0.0,0.0,0.0,0.0,0.0,6886.0,3614.0,2803.0,1729.0,99.0,0,0,0,0.0,0.0,1,0,76318.0,56280.0,0
1,30,910,2,26410,26440,2641001,2644002,2,2432.0,28650.0,29127.0,34736.0,135.0,97809.0,71184.0,0,1,78602.0,2,0.0,0.0,620.0,0,0.0,0.0,0.0,0.0,0.0,0.0,0.0,10864.0,2729.0,6540.0,2654.0,1143.0,0,0,0,0.0,0.0,0,0,71305.0,42409.0,1
1,45,420,1,26320,26350,2632001,2635002,2,3128.0,0.0,38659.0,29579.0,0.0,63880.0,48760.0,0,1,82120.0,1,0.0,8.0,524.0,1,3950.0,3091.0,0.0,0.0,0.0,0.0,327.0,4295.0,5281.0,1559.0,879.0,788.0,0,0,0,0.0,0.0,0,1,89110.0,65503.0,0
2,45,910,1,26230,26710,2623001,2671001,1,3307.0,0.0,0.0,36377.0,-1.0,43477.0,26033.0,0,0,46948.0,1,0.0,0.0,732.0,3,0.0,0.0,0.0,0.0,0.0,0.0,0.0,0.0,0.0,0.0,0.0,0.0,4,1,29,1615.0,2064.0,0,0,52107.0,38056.0,2
2,25,910,2,26320,26440,2632002,2644001,4,2065.0,0.0,22973.0,28225.0,0.0,118805.0,80458.0,0,0,150170.0,2,0.0,0.0,0.0,1,0.0,0.0,0.0,0.0,0.0,0.0,0.0,4190.0,1376.0,1578.0,310.0,1553.0,0,0,0,0.0,0.0,1,0,161314.0,86166.0,0
1,25,110,5,26350,26260,2635001,2626003,2,1963.0,20747.0,23094.0,24705.0,0.0,71674.0,44245.0,0,0,73628.0,0,0.0,18.0,0.0,2,9591.0,4168.0,0.0,0.0,0.0,0.0,638.0,10365.0,3212.0,5248.0,2786.0,1335.0,0,0,0,0.0,0.0,1,0,83323.0,54952.0,0
1,75,910,2,26320,26350,2632001,2635001,1,3420.0,0.0,38500.0,31343.0,498.0,71560.0,58752.0,1,1,86978.0,1,44.0,106.3,0.0,1,6799.0,2956.0,50206.0,37961.0,0.0,0.0,7286.0,7716.0,1656.0,4476.0,958.0,2894.0,0,0,0,0.0,0.0,1,0,77682.0,44412.0,1
2,20,910,3,26440,26410,2644001,2641001,2,1906.0,13926.0,22670.0,19323.0,0.0,93592.0,78433.0,1,0,94535.0,0,15.0,61.5,593.0,3,0.0,0.0,21076.0,13935.0,0.0,0.0,1617.0,3423.0,1080.0,1749.0,462.0,849.0,0,0,0,0.0,0.0,0,0,86534.0,47723.0,0
2,35,910,3,26230,26440,2623002,2644001,3,3156.0,30412.0,35337.0,33709.0,0.0,101858.0,57154.0,1,0,119205.0,0,7.0,31.2,576.0,2,5296.0,2317.0,12252.0,8716.0,0.0,0.0,1508.0,11984.0,2357.0,4362.0,1040.0,1404.0,0,0,0,0.0,0.0,0,0,126800.0,81200.0,0
2,35,420,2,26440,26230,2644002,2623003,2,3851.0,33010.0,40446.0,34194.0,0.0,99154.0,-99999999.0,0,1,113197.0,0,0.0,0.0,704.0,1,0.0,0.0,0.0,0.0,0.0,0.0,0.0,7961.0,2742.0,5322.0,2136.0,1815.0,0,0,0,0.0,0.0,0,0,100870.0,63962.0,0
2,40,910,5,26350,26320,2635001,2632001,2,3853.0,0.0,41180.0,40664.0,0.0,280121.0,216555.0,1,0,364419.0,0,4.0,35.1,0.0,2,0.0,0.0,28247.0,14461.0,0.0,0.0,2269.0,11904.0,5231.0,3594.0,4022.0,2907.0,0,0,0,0.0,0.0,1,0,365544.0,263625.0,0
1,25,420,1,26230,26230,2623002,2623001,2,3280.0,0.0,39498.0,36125.0,9570.0,146888.0,-99999999.0,0,1,139959.0,1,0.0,0.0,306.0,4,0.0,0.0,0.0,0.0,0.0,0.0,0.0,14624.0,3036.0,8661.0,2846.0,651.0,0,0,0,0.0,0.0,0,0,147672.0,98832.0,1
1,40,420,5,26440,26260,2644001,2626001,3,3261.0,0.0,34788.0,27226.0,0.0,349650.0,141950.0,1,1,313648.0,1,6.0,50.7,596.0,2,0.0,0.0,26687.0,17649.0,0.0,0.0,3294.0,13218.0,4644.0,7786.0,2096.0,191.0,0,0,0,0.0,0.0,0,0,286328.0,195661.0,0
2,25,110,4,26440,26260,2644001,2626001,3,4264.0,0.0,49884.0,50235.0,6117.0,75857.0,48176.0,1,0,86100.0,0,0.0,0.0,461.0,1,0.0,0.0,0.0,0.0,0.0,0.0,0.0,8841.0,3149.0,5821.0,1812.0,2650.0,0,0,0,0.0,0.0,0,0,83558.0,58301.0,2
2,45,420,2,26350,26230,2635002,2623003,3,1283.0,0.0,15673.0,17128.0,1341.0,157981.0,89931.0,0,1,171001.0,1,0.0,0.0,514.0,2,0.0,0.0,0.0,0.0,0.0,0.0,0.0,2718.0,1102.0,1752.0,455.0,639.0,0,0,0,0.0,0.0,0,0,186942.0,96631.0,1
2,25,420,4,26260,26350,2626001,2635002,1,2498.0,0.0,29932.0,-1.0,0.0,78429.0,64436.0,0,1,86653.0,1,0.0,0.0,781.0,1,0.0,0.0,0.0,0.0,0.0,0.0,0.0,5836.0,3567.0,2102.0,832.0,1419.0,0,0,0,0.0,0.0,0,0,83084.0,49074.0,0
2,40,110,3,26170,26410,2617001,2641003,2,3352.0,0.0,37968.0,33275.0,0.0,70497.0,33764.0,0,1,118112.0,0,0.0,0.0,430.0,0,0.0,0.0,0.0,0.0,0.0,0.0,0.0,9042.0,1979.0,6135.0,3088.0,2695.0,0,0,0,0.0,0.0,0,0,124873.0,81521.0,0
2,45,910,5,26350,26320,2635001,2632002,3,2581.0,0.0,28177.0,26923.0,0.0,357656.0,296152.0,0,0,421637.0,1,0.0,5.1,688.0,0,2600.0,1434.0,0.0,0.0,0.0,0.0,178.0,10184.0,1016.0,3670.0,3366.0,2043.0,0,0,0,0.0,0.0,0,0,-99999999.0,332350.0,0
1,25,110,1,26230,26320,2623001,2632002,1,3606.0,0.0,0.0,39666.0,1.0,62262.0,47554.0,1,1,-99999999.0,0,0.0,0.0,584.0,1,0.0,0.0,0.0,0.0,0.0,0.0,0.0,0.0,0.0,0.0,0.0,0.0,5,0,39,3653.0,230.0,0,0,1.0,1.0,1
1,25,220,1,26350,26530,2635002,2653002,1,2774.0,32278.0,32269.0,32275.0,0.0,25873.0,22344.0,0,1,26824.0,0,0.0,27.3,0.0,1,10113.0,8795.0,0.0,0.0,0.0,0.0,1306.0,13164.0,1621.0,4773.0,735.0,1778.0,0,0,0,0.0,0.0,1,0,29193.0,-99999999.0,0
2,45,220,3,26440,26230,2644002,2623002,2,2886.0,0.0,32643.0,31114.0,0.0,64552.0,60978.0,1,1,54885.0,0,59.0,111.2,523.0,4,8855.0,4080.0,38408.0,32224.0,0.0,0.0,5698.0,11245.0,3201.0,5079.0,1815.0,1285.0,0,0,0,0.0,0.0,0,0,51832.0,34662.0,0
2,20,910,5,26380,26230,2638001,2623001,3,2621.0,21445.0,32459.0,29883.0,-444.0,29584.0,19588.0,1,1,29174.0,2,0.0,0.0,692.0,1,0.0,0.0,0.0,0.0,0.0,0.0,0.0,10213.0,820.0,6302.0,1120.0,1443.0,0,0,0,0.0,0.0,0,0,26268.0,14060.0,1
1,25,420,1,26350,26170,2635002,2617002,3,2460.0,28917.0,26888.0,25056.0,0.0,55782.0,43771.0,1,1,56439.0,0,87.0,194.0,706.0,0,9618.0,2985.0,56304.0,49191.0,0.0,0.0,9604.0,7588.0,2857.0,5118.0,1707.0,1749.0,3,1,33,5501.0,617.0,0,0,60530.0,34464.0,0
2,30,910,4,26410,26260,2641002,2626002,1,2444.0,0.0,27824.0,21874.0,0.0,58971.0,46615.0,1,0,51143.0,0,31.0,69.9,426.0,1,3806.0,2454.0,30241.0,15772.0,2402.0,1216.0,3519.0,6801.0,3324.0,2913.0,1155.0,622.0,0,0,0,0.0,0.0,0,0,50307.0,32786.0,0
1,55,910,5,26440,26320,2644002,2632001,3,2976.0,0.0,31895.0,29385.0,0.0,100828.0,87167.0,0,0,96895.0,1,0.0,0.0,800.0,1,0.0,0.0,0.0,0.0,0.0,0.0,0.0,7051.0,3737.0,3345.0,1234.0,233.0,0,0,0,0.0,0.0,0,0,102522.0,67442.0,0
1,35,910,3,26350,26410,2635001,2641002,1,2297.0,17206.0,24692.0,25083.0,0.0,28861.0,19769.0,0,0,28216.0,1,0.0,0.0,0.0,0,0.0,0.0,0.0,0.0,0.0,0.0,0.0,3981.0,2523.0,2472.0,1301.0,1348.0,0,0,0,0.0,0.0,1,0,26571.0,13324.0,0
2,30,420,5,26350,26440,2635002,2644002,3,3420.0,25888.0,38636.0,34832.0,0.0,202313.0,92903.0,1,0,199138.0,2,0.0,0.0,701.0,1,0.0,0.0,0.0,0.0,0.0,0.0,0.0,7516.0,2981.0,4047.0,2414.0,944.0,0,0,0,0.0,0.0,0,0,181727.0,113395.0,0
2,65,420,4,26200,26350,2620001,2635001,3,3225.0,0.0,38375.0,32485.0,0.0,32034.0,30069.0,0,1,29337.0,0,0.0,0.0,496.0,1,0.0,0.0,0.0,0.0,0.0,0.0,0.0,15939.0,5667.0,10504.0,2094.0,914.0,0,0,0,0.0,0.0,0,0,29354.0,21856.0,0
1,30,420,2,26350,26260,2635002,2626002,1,3515.0,34611.0,39290.0,34280.0,0.0,91432.0,39431.0,0,1,92793.0,1,0.0,0.0,0.0,2,0.0,0.0,0.0,0.0,0.0,0.0,0.0,15335.0,1248.0,6617.0,3635.0,394.0,0,0,0,0.0,0.0,1,0,82090.0,42258.0,0
1,30,420,5,26350,26260,2635002,2626001,2,2066.0,20558.0,24542.0,21569.0,0.0,81268.0,75523.0,0,1,85876.0,1,0.0,0.0,484.0,2,0.0,0.0,0.0,0.0,0.0,0.0,0.0,2493.0,2907.0,935.0,772.0,1868.0,4,0,41,3012.0,994.0,0,0,87550.0,51842.0,0
2,30,420,4,26260,26350,2626002,2635001,4,1695.0,0.0,20527.0,25490.0,0.0,161977.0,87540.0,0,1,185298.0,0,0.0,1.8,0.0,3,1199.0,371.0,0.0,0.0,0.0,0.0,48.0,3662.0,1429.0,1902.0,1238.0,1370.0,0,0,0,0.0,0.0,1,0,171091.0,110658.0,0
2,25,220,1,26230,26260,2623001,2626001,2,2797.0,0.0,34278.0,52243.0,0.0,121896.0,81776.0,1,0,125408.0,1,18.0,70.9,624.0,5,2811.0,1997.0,23818.0,22320.0,0.0,0.0,3158.0,13113.0,4366.0,6382.0,3582.0,2004.0,0,0,0,0.0,0.0,0,0,112226.0,82402.0,0
1,25,420,3,26350,26410,2635002,2641001,3,4684.0,0.0,49601.0,40614.0,0.0,201214.0,185693.0,0,1,207842.0,0,0.0,3.6,501.0,2,4610.0,1792.0,0.0,0.0,0.0,0.0,245.0,15126.0,5049.0,9868.0,1207.0,2156.0,0,0,0,0.0,0.0,0,0,206601.0,107157.0,0
2,40,910,4,26230,26110,2623001,2611002,3,3623.0,0.0,0.0,39853.0,-2.0,79469.0,61363.0,0,0,77917.0,1,0.0,0.0,691.0,1,0.0,0.0,0.0,0.0,0.0,0.0,0.0,0.0,0.0,0.0,0.0,0.0,0,0,0,0.0,0.0,0,0,80016.0,56736.0,2
1,20,220,5,26440,26410,2644002,2641003,1,2440.0,21356.0,26338.0,25651.0,0.0,74694.0,53933.0,1,1,87296.0,0,35.0,150.3,708.0,0,21292.0,9303.0,32750.0,30296.0,0.0,0.0,7540.0,10077.0,3402.0,3206.0,1989.0,2046.0,0,0,0,0.0,0.0,0,0,95001.0,54824.0,0
2,40,910,4,26410,26260,2641003,2626002,4,3076.0,26917.0,36594.0,32266.0,0.0,126459.0,73250.0,1,1,109035.0,0,0.0,0.0,1000.0,2,0.0,0.0,0.0,0.0,0.0,0.0,0.0,13309.0,1095.0,4919.0,1819.0,574.0,2,0,34,2708.0,449.0,0,0,101995.0,58617.0,0
1,25,910,3,26410,26260,2641001,2626002,2,3273.0,0.0,36799.0,27897.0,0.0,-99999999.0,102659.0,1,0,1.0,2,150.0,189.9,771.0,0,0.0,0.0,83050.0,69875.0,0.0,0.0,12468.0,7307.0,4614.0,4156.0,2320.0,2106.0,0,0,0,0.0,0.0,0,0,1.0,1.0,0
2,30,110,2,26440,26260,2644001,2626002,4,1911.0,0.0,22771.0,18334.0,-2398.0,161950.0,67700.0,0,1,183876.0,2,0.0,0.0,803.0,1,0.0,0.0,0.0,0.0,0.0,0.0,0.0,8206.0,2134.0,3530.0,1982.0,996.0,1,0,35,2130.0,258.0,0,0,188357.0,135901.0,2
2,25,420,1,26350,26440,2635001,2644001,2,3690.0,38554.0,40323.0,34337.0,0.0,119741.0,86511.0,0,1,143742.0,0,0.0,0.0,420.0,1,0.0,0.0,0.0,0.0,0.0,0.0,0.0,16547.0,1595.0,5609.0,5360.0,907.0,0,0,0,0.0,0.0,0,0,129360.0,70039.0,0
2,35,910,1,26440,26290,2644001,2629002,3,2691.0,25135.0,31727.0,35370.0,0.0,113504.0,72252.0,0,1,103185.0,1,0.0,5.2,0.0,3,2639.0,1656.0,0.0,0.0,0.0,0.0,241.0,10360.0,3088.0,6781.0,727.0,1159.0,0,0,0,0.0,0.0,1,0,88323.0,45768.0,0
2,40,110,4,26320,26230,2632001,2623002,2,2741.0,27732.0,29469.0,32154.0,0.0,96590.0,50552.0,1,1,126795.0,2,0.0,8.8,611.0,0,5075.0,2599.0,0.0,0.0,0.0,0.0,376.0,10617.0,2715.0,6422.0,3028.0,1359.0,2,3,34,2242.0,288.0,0,0,130843.0,91462.0,0
2,30,110,5,26260,26260,2626001,2626003,4,2815.0,31470.0,30513.0,-1.0,0.0,126242.0,77174.0,0,1,139473.0,0,0.0,0.0,882.0,1,0.0,0.0,0.0,0.0,0.0,0.0,0.0,3574.0,1866.0,2337.0,808.0,1714.0,0,0,0,0.0,0.0,0,0,141075.0,101318.0,0
2,25,110,1,26320,26410,2632002,2641002,1,3544.0,34262.0,41567.0,36948.0,0.0,334690.0,307084.0,1,0,427380.0,1,5.0,53.2,972.0,1,0.0,0.0,25268.0,22108.0,0.0,0.0,2026.0,12378.0,5222.0,4267.0,1738.0,2478.0,0,0,0,0.0,0.0,0,0,484691.0,273492.0,0
2,25,220,4,26320,26230,2632001,2623002,4,2309.0,21891.0,25800.0,21567.0,0.0,85345.0,73962.0,0,0,123613.0,0,0.0,6.4,561.0,0,2692.0,1655.0,0.0,0.0,0.0,0.0,257.0,9385.0,939.0,3999.0,2938.0,72.0,0,0,0,0.0,0.0,0,0,127258.0,94591.0,0
2,45,910,3,26410,26440,2641003,2644001,1,1690.0,0.0,0.0,18590.0,0.0,79325.0,50508.0,0,0,56508.0,1,0.0,0.0,574.0,3,0.0,0.0,0.0,0.0,0.0,0.0,0.0,0.0,0.0,0.0,0.0,0.0,0,0,0,0.0,0.0,0,0,51425.0,37703.0,1
2,25,110,1,26440,26260,2644002,2626001,4,3010.0,29126.0,35730.0,31583.0,0.0,75763.0,71139.0,0,0,66028.0,0,0.0,4.0,0.0,1,2376.0,1434.0,0.0,0.0,0.0,0.0,221.0,8632.0,1839.0,2862.0,1903.0,2057.0,0,0,0,0.0,0.0,1,0,70856.0,37577.0,0
2,40,910,2,26140,26320,2614003,2632001,1,1472.0,0.0,17286.0,17168.0,-4290.0,124695.0,81571.0,0,1,-99999999.0,1,0.0,44.2,624.0,0,9780.0,7641.0,0.0,0.0,0.0,0.0,935.0,5135.0,2291.0,3577.0,1754.0,1082.0,0,0,0,0.0,0.0,0,0,1.0,1.0,2
2,25,110,2,26260,26410,2626002,2641001,1,2604.0,0.0,31147.0,32947.0,-1630.0,27638.0,16362.0,1,0,25985.0,0,140.0,153.3,628.0,2,13764.0,8669.0,46091.0,36445.0,3859.0,2647.0,7007.0,10471.0,1296.0,7300.0,3031.0,865.0,0,0,0,0.0,0.0,0,0,27577.0,16405.0,2
2,25,110,4,26440,26260,2644001,2626002,1,3571.0,0.0,43166.0,47634.0,0.0,91032.0,55835.0,0,1,106608.0,0,0.0,1.5,733.0,1,0.0,0.0,0.0,0.0,1088.0,641.0,121.0,16654.0,5389.0,8451.0,3168.0,2397.0,0,0,0,0.0,0.0,0,0,116606.0,77900.0,0
1,40,110,2,26350,26140,2635002,2614003,3,3176.0,0.0,39137.0,38923.0,0.0,167441.0,147522.0,0,1,194034.0,1,0.0,0.0,1000.0,3,0.0,0.0,0.0,0.0,0.0,0.0,0.0,15096.0,4719.0,10529.0,1002.0,1917.0,0,0,0,0.0,0.0,0,0,174839.0,87742.0,0
2,30,220,5,26230,26410,2623001,2641003,2,3478.0,29048.0,37079.0,41977.0,0.0,71988.0,39397.0,1,0,69899.0,0,0.0,0.0,820.0,3,0.0,0.0,0.0,0.0,0.0,0.0,0.0,12832.0,3679.0,8659.0,2985.0,1003.0,0,0,0,0.0,0.0,0,0,65173.0,42561.0,0
1,20,420,2,26410,26410,2641002,2641003,3,3203.0,31280.0,37293.0,28833.0,1614.0,110417.0,57655.0,0,1,95265.0,2,0.0,0.0,0.0,3,0.0,0.0,0.0,0.0,0.0,0.0,0.0,16568.0,3023.0,9007.0,2983.0,501.0,0,0,0,0.0,0.0,1,0,83728.0,59780.0,1
2,60,110,1,26410,26260,2641002,2626001,4,4367.0,0.0,52393.0,62773.0,0.0,349969.0,324877.0,0,1,320243.0,0,0.0,0.0,0.0,3,0.0,0.0,0.0,0.0,0.0,0.0,0.0,15106.0,3475.0,5043.0,3380.0,2443.0,0,0,0,0.0,0.0,1,0,291136.0,180366.0,0
1,25,420,1,26230,26440,2623003,2644002,1,2418.0,20898.0,26438.0,26426.0,0.0,120446.0,96820.0,0,0,135133.0,0,0.0,17.2,790.0,2,1922.0,1416.0,0.0,0.0,7587.0,3133.0,459.0,6745.0,1271.0,2365.0,433.0,1629.0,0,0,0,0.0,0.0,0,0,125086.0,65052.0,0
2,30,910,3,26380,26410,2638002,2641003,3,3059.0,25907.0,33732.0,45610.0,2784.0,25757.0,21123.0,0,1,28687.0,1,0.0,0.0,0.0,1,0.0,0.0,0.0,0.0,0.0,0.0,0.0,7279.0,3722.0,3050.0,2162.0,930.0,0,0,0,0.0,0.0,1,0,26793.0,14669.0,1
1,30,110,3,26260,26230,2626003,2623002,3,2515.0,23016.0,27750.0,25826.0,0.0,42365.0,34195.0,1,1,50632.0,0,109.0,212.3,0.0,0,4420.0,3742.0,68138.0,55180.0,0.0,0.0,6699.0,3983.0,2221.0,2507.0,1161.0,1926.0,0,0,0,0.0,0.0,1,0,49979.0,32681.0,0
2,30,110,4,26350,26320,2635002,2632001,2,3422.0,0.0,39848.0,38701.0,0.0,84914.0,65859.0,0,1,89011.0,1,0.0,0.0,826.0,2,0.0,0.0,0.0,0.0,0.0,0.0,0.0,7088.0,2215.0,3656.0,1960.0,2769.0,0,0,0,0.0,0.0,0,0,100894.0,66005.0,0
2,45,910,3,26260,26410,2626002,2641002,4,2760.0,31069.0,31001.0,31748.0,3567.0,60944.0,27436.0,0,0,70296.0,0,0.0,8.6,728.0,3,0.0,0.0,0.0,0.0,3845.0,2670.0,475.0,6421.0,1928.0,4060.0,1824.0,1890.0,1,2,41,1515.0,73.0,0,0,61299.0,32880.0,1
1,18,910,1,26200,26440,2620002,2644002,3,3917.0,0.0,46347.0,-1.0,0.0,105033.0,85552.0,0,1,86589.0,1,0.0,0.0,553.0,1,0.0,0.0,0.0,0.0,0.0,0.0,0.0,12851.0,1768.0,7515.0,1343.0,474.0,0,0,0,0.0,0.0,0,0,82456.0,54108.0,0
2,60,420,2,26260,26410,2626001,2641003,1,2455.0,0.0,28774.0,27926.0,0.0,82723.0,44415.0,1,1,102352.0,1,0.0,0.0,587.0,0,0.0,0.0,0.0,0.0,0.0,0.0,0.0,12926.0,742.0,8092.0,2631.0,1181.0,0,0,0,0.0,0.0,0,0,93713.0,54061.0,0
1,35,420,3,26440,26200,2644002,2620002,3,3715.0,0.0,43890.0,46281.0,0.0,198718.0,93958.0,0,1,225794.0,0,0.0,0.0,0.0,0,0.0,0.0,0.0,0.0,0.0,0.0,0.0,16301.0,3379.0,6623.0,4520.0,3449.0,0,0,0,0.0,0.0,1,0,242976.0,127739.0,0
2,60,420,2,26230,26320,2623001,2632002,2,3186.0,34684.0,35061.0,34732.0,0.0,51287.0,48243.0,0,1,69085.0,0,0.0,1.6,749.0,2,944.0,550.0,0.0,0.0,0.0,0.0,50.0,14401.0,5151.0,8356.0,3412.0,728.0,0,0,0,0.0,0.0,0,0,78095.0,49891.0,0
2,45,220,4,26710,26230,2671003,2623002,1,2779.0,0.0,33445.0,25268.0,0.0,87160.0,36200.0,0,1,80297.0,0,0.0,0.0,703.0,2,0.0,0.0,0.0,0.0,0.0,0.0,0.0,5468.0,4772.0,1810.0,1122.0,96.0,0,0,0,0.0,0.0,0,0,78696.0,52809.0,0
1,55,420,5,26410,26410,2641002,2641001,4,3153.0,0.0,37294.0,35322.0,-8970.0,112460.0,46941.0,0,1,104102.0,2,0.0,7.9,835.0,2,3386.0,2425.0,0.0,0.0,1233.0,520.0,375.0,4044.0,1402.0,2329.0,633.0,1547.0,0,0,0,0.0,0.0,0,0,116620.0,65963.0,1
1,35,220,2,26320,26350,2632002,2635002,1,2970.0,0.0,31961.0,28796.0,0.0,121137.0,69103.0,0,1,170886.0,0,0.0,0.0,859.0,2,0.0,0.0,0.0,0.0,0.0,0.0,0.0,3227.0,2930.0,1597.0,803.0,681.0,0,0,0,0.0,0.0,0,0,189203.0,131307.0,0
1,30,420,3,26410,26320,2641001,2632001,1,3031.0,24754.0,33039.0,34404.0,0.0,107805.0,93177.0,0,1,85292.0,0,0.0,4.2,540.0,1,0.0,0.0,0.0,0.0,2219.0,1383.0,116.0,9116.0,2156.0,3958.0,563.0,1957.0,0,0,0,0.0,0.0,0,0,81644.0,42132.0,0
1,30,110,5,26410,26410,2641002,2641003,1,2666.0,0.0,29598.0,-1.0,0.0,23231.0,21788.0,0,1,22252.0,0,0.0,5.6,0.0,0,3383.0,1646.0,0.0,0.0,0.0,0.0,148.0,4177.0,3092.0,2416.0,244.0,2230.0,1,0,46,1004.0,883.0,1,0,19597.0,11119.0,0
1,35,910,2,26350,26320,2635002,2632002,4,2344.0,0.0,29000.0,28250.0,0.0,103774.0,48275.0,1,1,136211.0,1,11.0,63.2,710.0,1,4707.0,3038.0,17450.0,15302.0,0.0,0.0,2408.0,4822.0,682.0,1460.0,872.0,1000.0,0,0,0,0.0,0.0,0,0,155399.0,94986.0,0
2,30,110,3,26230,26260,2623001,2626002,3,2582.0,19358.0,28796.0,20487.0,0.0,90179.0,55685.0,0,0,115133.0,0,0.0,0.0,638.0,2,0.0,0.0,0.0,0.0,0.0,0.0,0.0,4670.0,2611.0,2843.0,1002.0,1839.0,0,0,0,0.0,0.0,0,0,125827.0,78103.0,0
2,40,910,2,26410,26440,2641001,2644001,4,1706.0,15518.0,17981.0,18220.0,0.0,165788.0,133271.0,0,1,115489.0,0,0.0,0.0,772.0,2,0.0,0.0,0.0,0.0,0.0,0.0,0.0,6290.0,1438.0,3235.0,926.0,1029.0,0,0,0,0.0,0.0,0,0,123069.0,80551.0,0
1,20,110,4,26320,26260,2632001,2626003,2,3347.0,37415.0,36092.0,33289.0,0.0,152327.0,115013.0,0,1,178274.0,1,0.0,0.0,714.0,0,0.0,0.0,0.0,0.0,0.0,0.0,0.0,15651.0,3355.0,7391.0,3986.0,1938.0,0,0,0,0.0,0.0,0,0,175173.0,-99999999.0,0
1,45,220,4,26230,26350,2623001,2635002,1,1997.0,22471.0,21097.0,23293.0,1151.0,114063.0,60266.0,0,1,152559.0,2,0.0,0.0,575.0,0,0.0,0.0,0.0,0.0,0.0,0.0,0.0,3004.0,840.0,1538.0,988.0,54.0,0,0,0,0.0,0.0,0,0,139326.0,75313.0,1
1,25,910,1,26440,26350,2644001,2635002,2,2659.0,19580.0,30062.0,48746.0,0.0,119121.0,69217.0,0,0,139280.0,1,0.0,0.0,632.0,3,0.0,0.0,0.0,0.0,0.0,0.0,0.0,4130.0,3019.0,1688.0,365.0,1744.0,0,0,0,0.0,0.0,0,0,132439.0,98265.0,0
2,60,420,1,26320,26350,2632002,2635002,1,3221.0,24266.0,38956.0,42737.0,-1743.0,222221.0,161534.0,1,1,270821.0,1,19.0,133.4,605.0,1,0.0,0.0,75779.0,51956.0,0.0,0.0,7457.0,8391.0,2280.0,4588.0,1614.0,2424.0,0,0,0,0.0,0.0,0,0,-99999999.0,141501.0,1
1,25,420,1,26260,26230,2626001,2623001,3,3346.0,34850.0,38147.0,27501.0,4093.0,196846.0,82572.0,1,0,201514.0,0,0.0,7.5,555.0,1,0.0,0.0,0.0,0.0,5347.0,2861.0,567.0,12328.0,3284.0,4826.0,4103.0,229.0,0,0,0,0.0,0.0,0,0,209257.0,104927.0,1
1,25,110,1,26200,26410,2620001,2641001,2,1646.0,0.0,20045.0,17908.0,0.0,116448.0,95141.0,0,0,95311.0,0,0.0,0.0,639.0,0,0.0,0.0,0.0,0.0,0.0,0.0,0.0,4595.0,2665.0,3083.0,1546.0,1456.0,0,0,0,0.0,0.0,0,0,84248.0,53562.0,0
1,45,910,1,26260,26140,2626001,2614001,4,2740.0,0.0,29030.0,22748.0,3457.0,-99999999.0,197223.0,0,1,1.0,0,0.0,0.0,481.0,0,0.0,0.0,0.0,0.0,0.0,0.0,0.0,5732.0,934.0,3508.0,1130.0,1075.0,0,0,0,0.0,0.0,0,0,1.0,1.0,1
1,45,910,4,26440,26260,2644002,2626002,2,3099.0,0.0,35451.0,36254.0,4685.0,67716.0,57937.0,0,1,69698.0,1,0.0,5.2,712.0,2,3310.0,1838.0,0.0,0.0,0.0,0.0,152.0,4974.0,2541.0,3251.0,1398.0,2188.0,0,0,0,0.0,0.0,0,0,74453.0,49531.0,1
2,40,910,5,26410,26320,2641003,2632001,2,2834.0,0.0,34218.0,50583.0,0.0,48472.0,37615.0,0,0,47100.0,0,0.0,0.0,833.0,0,0.0,0.0,0.0,0.0,0.0,0.0,0.0,8907.0,3124.0,5220.0,959.0,1911.0,0,0,0,0.0,0.0,0,0,54014.0,35885.0,0
1,60,910,3,26260,26320,2626001,2632002,4,3674.0,0.0,43535.0,50406.0,0.0,98076.0,74045.0,0,1,101179.0,0,0.0,11.1,657.0,0,13881.0,4848.0,0.0,0.0,0.0,0.0,595.0,4891.0,3205.0,1626.0,1425.0,2784.0,0,0,0,0.0,0.0,0,0,109638.0,68606.0,0
2,25,110,5,26260,26350,2626001,2635001,3,2266.0,24467.0,27658.0,25385.0,0.0,78882.0,64845.0,0,1,95621.0,1,0.0,18.3,773.0,1,0.0,0.0,0.0,0.0,9792.0,5071.0,877.0,8847.0,2278.0,4498.0,3032.0,49.0,1,2,52,5867.0,276.0,0,0,109673.0,64074.0,0
2,45,110,4,26350,26260,2635001,2626003,1,1468.0,0.0,16218.0,15219.0,0.0,22489.0,9925.0,0,1,26337.0,1,0.0,0.0,670.0,1,0.0,0.0,0.0,0.0,0.0,0.0,0.0,6296.0,1844.0,3661.0,942.0,835.0,0,0,0,0.0,0.0,0,0,22891.0,15389.0,0
2,30,110,5,26410,26410,2641003,2641002,2,3327.0,30253.0,38266.0,37208.0,923.0,66741.0,-99999999.0,0,1,51123.0,0,0.0,0.0,517.0,3,0.0,0.0,0.0,0.0,0.0,0.0,0.0,16799.0,4098.0,9187.0,2024.0,973.0,0,0,0,0.0,0.0,0,0,57698.0,37391.0,1
1,35,110,4,26260,26470,2626003,2647003,2,2451.0,0.0,29054.0,30568.0,-64.0,121316.0,83339.0,0,0,130831.0,1,0.0,14.7,911.0,1,6464.0,4285.0,0.0,0.0,0.0,0.0,541.0,6183.0,2384.0,3548.0,528.0,873.0,2,1,36,368.0,450.0,0,0,142519.0,81187.0,1
2,30,220,1,26230,26320,2623003,2632001,3,1657.0,0.0,17957.0,15335.0,0.0,95338.0,78886.0,0,1,112734.0,0,0.0,13.4,335.0,1,6737.0,2402.0,0.0,0.0,0.0,0.0,453.0,6981.0,959.0,3590.0,1286.0,195.0,0,0,0,0.0,0.0,0,0,114980.0,60775.0,0
1,18,910,3,26410,26140,2641001,2614002,3,2697.0,0.0,32719.0,34268.0,0.0,61952.0,53711.0,0,1,56325.0,1,0.0,0.0,651.0,1,0.0,0.0,0.0,0.0,0.0,0.0,0.0,9077.0,1752.0,5022.0,1343.0,1495.0,0,0,0,0.0,0.0,0,0,53844.0,28703.0,0
2,35,220,3,26500,26530,2650002,2653002,3,3600.0,36766.0,40043.0,-1.0,0.0,101255.0,61781.0,0,0,97350.0,2,0.0,14.6,550.0,2,4843.0,3897.0,0.0,0.0,4421.0,1956.0,991.0,7756.0,4779.0,4067.0,1549.0,2312.0,0,0,0,0.0,0.0,0,0,86969.0,55907.0,0
2,40,420,4,26350,26230,2635001,2623001,4,1979.0,0.0,21149.0,19965.0,0.0,106281.0,88905.0,0,0,142418.0,0,0.0,9.9,856.0,0,5903.0,2087.0,0.0,0.0,0.0,0.0,248.0,2829.0,1661.0,937.0,581.0,412.0,2,1,32,2202.0,1977.0,0,0,123990.0,76064.0,0
1,25,910,4,26440,26320,2644002,2632001,3,4318.0,40917.0,51952.0,53299.0,6025.0,151607.0,79010.0,1,1,129809.0,1,14.0,42.5,678.0,2,3692.0,3298.0,33183.0,18757.0,0.0,0.0,3112.0,13323.0,3263.0,7116.0,4115.0,649.0,0,0,0,0.0,0.0,0,0,124355.0,83209.0,2
2,55,110,1,26440,26350,2644002,2635001,2,2255.0,20825.0,26857.0,29914.0,0.0,67178.0,29917.0,0,0,77950.0,1,0.0,0.0,982.0,0,0.0,0.0,0.0,0.0,0.0,0.0,0.0,10838.0,2929.0,5271.0,3412.0,2044.0,0,0,0,0.0,0.0,0,0,75847.0,38779.0,0
2,30,910,4,26260,26530,2626001,2653003,1,2857.0,25918.0,35048.0,36285.0,0.0,166761.0,89321.0,0,1,189174.0,2,0.0,0.0,655.0,2,0.0,0.0,0.0,0.0,0.0,0.0,0.0,15128.0,2992.0,7592.0,2744.0,679.0,0,0,0,0.0,0.0,0,0,203792.0,151389.0,0
2,25,420,5,26440,26440,2644002,2644001,3,2008.0,16292.0,24667.0,18815.0,0.0,51309.0,46010.0,1,0,49034.0,0,0.0,4.4,551.0,1,2137.0,1077.0,0.0,0.0,0.0,0.0,142.0,6455.0,1908.0,2129.0,1792.0,648.0,0,0,0,0.0,0.0,0,0,45436.0,29048.0,0
1,35,910,1,26320,26230,2632002,2623002,2,2827.0,0.0,31258.0,26117.0,-8371.0,72982.0,51030.0,0,1,81861.0,0,0.0,0.0,428.0,2,0.0,0.0,0.0,0.0,0.0,0.0,0.0,11584.0,1189.0,7664.0,2520.0,2204.0,0,0,0,0.0,0.0,0,0,76438.0,42272.0,1
2,25,910,3,26440,26410,2644001,2641003,2,2713.0,24476.0,31967.0,27021.0,0.0,273593.0,181869.0,0,1,252002.0,0,0.0,0.0,794.0,0,0.0,0.0,0.0,0.0,0.0,0.0,0.0,5580.0,4382.0,3546.0,1495.0,1070.0,0,0,0,0.0,0.0,0,0,228150.0,125677.0,0
1,20,220,5,26350,26260,2635001,2626003,4,1832.0,20992.0,22897.0,25106.0,0.0,53406.0,43197.0,0,0,60584.0,1,0.0,0.0,541.0,1,0.0,0.0,0.0,0.0,0.0,0.0,0.0,8252.0,2930.0,2641.0,2147.0,607.0,0,0,0,0.0,0.0,0,0,68785.0,49447.0,0
1,40,910,1,26320,26410,2632001,2641002,4,4637.0,0.0,50950.0,62565.0,-1210.0,66486.0,26963.0,0,0,102179.0,0,0.0,0.0,595.0,3,0.0,0.0,0.0,0.0,0.0,0.0,0.0,5479.0,6564.0,3615.0,1635.0,283.0,0,0,0,0.0,0.0,0,1,91432.0,47625.0,3
2,20,420,1,26350,26230,2635002,2623001,2,2478.0,0.0,28363.0,23745.0,0.0,46543.0,21646.0,1,1,59054.0,0,115.0,266.8,0.0,0,8984.0,7905.0,94612.0,67754.0,0.0,0.0,13871.0,6988.0,1258.0,4455.0,692.0,1789.0,0,0,0,0.0,0.0,1,0,59498.0,31346.0,0
1,20,910,5,26260,26500,2626001,2650001,3,2479.0,24328.0,30542.0,26200.0,0.0,60092.0,27329.0,1,0,56203.0,2,37.0,76.3,787.0,2,0.0,0.0,23968.0,21038.0,3564.0,2268.0,3821.0,11280.0,2613.0,6889.0,3257.0,1798.0,0,0,0,0.0,0.0,0,0,53824.0,37424.0,0
2,40,910,1,26410,26410,2641001,2641002,4,3430.0,0.0,36722.0,34954.0,4464.0,107261.0,50082.0,0,1,83475.0,0,0.0,8.1,571.0,3,5612.0,2962.0,0.0,0.0,0.0,0.0,422.0,8384.0,5259.0,5635.0,985.0,801.0,5,0,35,1203.0,1078.0,0,0,85175.0,62761.0,1
1,20,420,4,26320,26230,2632002,2623003,1,3979.0,0.0,49167.0,50458.0,-267.0,150833.0,97951.0,0,0,199395.0,0,0.0,6.5,591.0,1,4222.0,3213.0,0.0,0.0,0.0,0.0,312.0,6693.0,6913.0,3774.0,1716.0,2397.0,0,0,0,0.0,0.0,0,0,170034.0,103756.0,1
1,45,910,5,26320,26410,2632001,2641001,2,3532.0,0.0,40534.0,50017.0,0.0,97618.0,54117.0,0,0,145930.0,1,0.0,0.0,422.0,1,0.0,0.0,0.0,0.0,0.0,0.0,0.0,17830.0,1015.0,6223.0,6025.0,187.0,0,0,0,0.0,0.0,0,0,161725.0,84777.0,0
1,45,910,3,26440,26230,2644001,2623003,3,2019.0,0.0,24806.0,21382.0,0.0,81242.0,67605.0,1,0,88942.0,0,0.0,3.8,0.0,2,0.0,0.0,0.0,0.0,1268.0,939.0,107.0,5076.0,518.0,1847.0,1144.0,461.0,0,0,0,0.0,0.0,1,0,86358.0,58061.0,0
2,25,420,3,26440,26320,2644002,2632002,2,2939.0,0.0,34512.0,28571.0,0.0,46833.0,40345.0,0,1,41780.0,0,0.0,11.7,0.0,0,0.0,0.0,0.0,0.0,5255.0,4052.0,793.0,3961.0,2984.0,1302.0,1250.0,2239.0,0,0,0,0.0,0.0,1,0,38783.0,22029.0,0
2,30,910,3,26170,26320,2617002,2632001,4,1577.0,15725.0,18676.0,20122.0,-810.0,63814.0,57989.0,0,0,84087.0,0,0.0,0.0,764.0,1,0.0,0.0,0.0,0.0,0.0,0.0,0.0,4535.0,888.0,2121.0,1330.0,1416.0,0,0,0,0.0,0.0,0,0,79366.0,58517.0,2
1,20,910,2,26230,26410,2623002,2641002,2,3386.0,0.0,40788.0,44547.0,0.0,39041.0,19826.0,0,0,39264.0,0,0.0,0.0,696.0,3,0.0,0.0,0.0,0.0,0.0,0.0,0.0,14029.0,1931.0,5128.0,3653.0,2516.0,0,0,0,0.0,0.0,0,0,44774.0,32476.0,0
2,35,110,2,26230,26440,2623001,2644001,1,1737.0,16054.0,18472.0,15189.0,332.0,153574.0,103903.0,0,1,178497.0,0,0.0,9.3,674.0,0,2122.0,1727.0,0.0,0.0,0.0,0.0,141.0,4328.0,1486.0,1358.0,313.0,1065.0,0,0,0,0.0,0.0,0,0,171467.0,123434.0,1
1,20,910,3,26350,26260,2635001,2626003,2,2278.0,0.0,26779.0,28680.0,5701.0,160114.0,68334.0,0,0,158114.0,1,0.0,0.0,558.0,1,0.0,0.0,0.0,0.0,0.0,0.0,0.0,11119.0,700.0,5634.0,636.0,1430.0,0,0,0,0.0,0.0,0,0,156706.0,78465.0,1
2,60,420,5,26320,26320,2632001,2632002,2,2798.0,25514.0,34549.0,26641.0,0.0,96349.0,51253.0,0,1,116141.0,0,0.0,0.0,841.0,1,0.0,0.0,0.0,0.0,0.0,0.0,0.0,6032.0,3698.0,2550.0,1942.0,203.0,0,0,0,0.0,0.0,0,0,128821.0,94672.0,0
1,25,220,5,26380,26350,2638002,2635001,4,3089.0,28957.0,38341.0,37825.0,0.0,128653.0,94984.0,1,1,161175.0,0,0.0,0.0,0.0,1,0.0,0.0,0.0,0.0,0.0,0.0,0.0,11600.0,2516.0,4402.0,3007.0,1703.0,0,0,0,0.0,0.0,1,0,185131.0,-99999999.0,0
2,40,910,5,26260,26350,2626001,2635001,1,2630.0,0.0,32708.0,33650.0,0.0,166998.0,105595.0,0,0,179385.0,2,0.0,0.0,589.0,0,0.0,0.0,0.0,0.0,0.0,0.0,0.0,4496.0,964.0,2610.0,963.0,1764.0,0,0,0,0.0,0.0,0,0,204845.0,104908.0,0
1,25,420,1,26170,26440,2617001,2644002,1,3787.0,0.0,44655.0,43071.0,0.0,104896.0,81807.0,1,1,195041.0,1,7.0,31.2,671.0,2,0.0,0.0,19188.0,13952.0,0.0,0.0,1199.0,6311.0,5823.0,3340.0,321.0,2727.0,0,0,0,0.0,0.0,0,0,173658.0,118016.0,0
1,25,110,2,26440,26230,2644002,2623001,1,3270.0,27636.0,38477.0,39585.0,-4694.0,227787.0,196256.0,0,0,247693.0,1,0.0,0.0,650.0,2,0.0,0.0,0.0,0.0,0.0,0.0,0.0,6478.0,3393.0,3372.0,565.0,2189.0,1,0,55,1490.0,1325.0,0,0,251994.0,183952.0,1
2,30,420,4,26350,26410,2635002,2641001,3,3219.0,26761.0,37356.0,-1.0,0.0,53408.0,23112.0,0,1,56686.0,2,0.0,0.0,650.0,1,0.0,0.0,0.0,0.0,0.0,0.0,0.0,6581.0,5191.0,2904.0,1691.0,984.0,1,0,30,1569.0,284.0,0,1,58366.0,34212.0,0
2,35,110,3,26320,26440,2632002,2644001,4,2001.0,16106.0,23442.0,20159.0,0.0,80081.0,73373.0,1,1,87179.0,0,0.0,0.0,582.0,0,0.0,0.0,0.0,0.0,0.0,0.0,0.0,7756.0,482.0,4671.0,934.0,1088.0,0,0,0,0.0,0.0,0,0,94578.0,63349.0,0
1,75,110,2,26440,26230,2644001,2623002,3,3905.0,0.0,0.0,42955.0,0.0,74560.0,31563.0,0,0,74905.0,1,0.0,0.0,720.0,0,0.0,0.0,0.0,0.0,0.0,0.0,0.0,0.0,0.0,0.0,0.0,0.0,1,1,38,3516.0,509.0,0,0,74561.0,43477.0,1
2,18,220,2,26440,26290,2644002,2629003,4,2278.0,0.0,24112.0,22797.0,0.0,145560.0,136814.0,0,0,155641.0,2,0.0,27.4,492.0,1,12008.0,5000.0,0.0,0.0,1841.0,1610.0,1267.0,9715.0,1955.0,4642.0,2903.0,956.0,0,0,0,0.0,0.0,0,0,154304.0,102438.0,0
2,18,220,1,26230,26440,2623001,2644001,4,3929.0,35618.0,41953.0,43631.0,-395.0,41753.0,31344.0,0,0,47937.0,1,0.0,13.3,631.0,0,9159.0,5565.0,0.0,0.0,0.0,0.0,827.0,13421.0,5952.0,6104.0,1978.0,1384.0,0,0,0,0.0,0.0,0,0,45915.0,29006.0,1
1,30,420,2,26470,26320,2647002,2632001,3,4114.0,0.0,48294.0,46949.0,0.0,235340.0,99741.0,0,1,383392.0,0,0.0,4.2,0.0,0,0.0,0.0,0.0,0.0,3184.0,2052.0,369.0,11707.0,2076.0,7241.0,2403.0,348.0,1,0,42,4110.0,255.0,1,0,409926.0,218206.0,0
1,30,110,3,26350,26260,2635001,2626002,3,3133.0,0.0,34865.0,36087.0,0.0,138284.0,85252.0,0,1,176129.0,1,0.0,0.0,607.0,2,0.0,0.0,0.0,0.0,0.0,0.0,0.0,6716.0,3171.0,2515.0,478.0,1526.0,2,0,32,2673.0,604.0,0,0,184269.0,92479.0,0
2,50,420,3,26200,26410,2620002,2641003,1,3471.0,32375.0,38538.0,30831.0,0.0,282145.0,152927.0,1,0,-99999999.0,0,0.0,5.0,651.0,3,4163.0,1939.0,0.0,0.0,0.0,0.0,362.0,7808.0,1634.0,5425.0,1552.0,2184.0,0,0,0,0.0,0.0,0,0,1.0,1.0,0
2,55,910,3,26410,26320,2641001,2632001,4,796.0,0.0,8666.0,7342.0,-1647.0,96342.0,80852.0,0,0,65991.0,0,0.0,0.0,678.0,2,0.0,0.0,0.0,0.0,0.0,0.0,0.0,2240.0,1141.0,814.0,594.0,245.0,0,0,0,0.0,0.0,0,0,67710.0,37608.0,4
2,50,910,2,26350,26410,2635002,2641001,4,2673.0,20689.0,32349.0,31831.0,0.0,70956.0,37181.0,1,0,77507.0,1,0.0,0.0,0.0,3,0.0,0.0,0.0,0.0,0.0,0.0,0.0,10356.0,2056.0,4930.0,1229.0,1948.0,0,0,0,0.0,0.0,1,0,87248.0,52550.0,0
2,25,420,2,26410,26260,2641001,2626001,4,3516.0,0.0,43699.0,49043.0,6911.0,146424.0,125107.0,1,0,121314.0,0,5.0,13.6,433.0,1,0.0,0.0,11251.0,5925.0,0.0,0.0,560.0,12863.0,3431.0,6980.0,2880.0,3473.0,0,0,0,0.0,0.0,0,0,138324.0,100070.0,1
2,30,420,5,26440,26350,2644002,2635002,4,3401.0,0.0,39981.0,31703.0,-3855.0,183201.0,104752.0,0,1,165694.0,0,0.0,11.4,0.0,1,5233.0,4538.0,0.0,0.0,0.0,0.0,873.0,14656.0,4374.0,6874.0,3317.0,664.0,0,0,0,0.0,0.0,1,0,142691.0,101541.0,1
2,40,420,3,26440,26410,2644001,2641001,2,2007.0,17989.0,24868.0,23672.0,0.0,64302.0,60703.0,0,1,71821.0,0,0.0,0.0,571.0,1,0.0,0.0,0.0,0.0,0.0,0.0,0.0,3604.0,1373.0,2344.0,1062.0,1237.0,0,0,0,0.0,0.0,0,0,61862.0,40790.0,0
2,25,420,2,26410,26260,2641001,2626002,1,2609.0,0.0,32007.0,31675.0,0.0,29776.0,16339.0,0,1,24041.0,0,0.0,0.0,579.0,2,0.0,0.0,0.0,0.0,0.0,0.0,0.0,4466.0,1143.0,2491.0,707.0,860.0,0,0,0,0.0,0.0,0,0,27516.0,15662.0,0
1,35,420,4,26410,26260,2641001,2626003,4,1151.0,0.0,12587.0,9970.0,-2467.0,32999.0,25631.0,1,1,24445.0,0,150.0,544.6,724.0,2,0.0,0.0,85332.0,68550.0,0.0,0.0,7309.0,5624.0,982.0,3220.0,1790.0,244.0,0,0,0,0.0,0.0,0,0,25174.0,13371.0,1
2,25,220,3,26260,26440,2626003,2644002,2,3068.0,0.0,33156.0,34773.0,0.0,115477.0,97013.0,0,1,141683.0,1,0.0,55.4,521.0,1,38831.0,18353.0,0.0,0.0,0.0,0.0,2512.0,6982.0,2251.0,4556.0,1334.0,1482.0,0,0,0,0.0,0.0,0,0,132468.0,72159.0,0
2,25,910,3,26350,26380,2635001,2638002,4,1576.0,0.0,17215.0,17528.0,0.0,248728.0,129103.0,1,0,300039.0,1,0.0,5.5,336.0,0,1528.0,943.0,0.0,0.0,0.0,0.0,132.0,7574.0,1138.0,2663.0,453.0,529.0,0,0,0,0.0,0.0,0,0,294773.0,217320.0,0
1,50,110,2,26320,26320,2632001,2632001,3,3535.0,31409.0,37798.0,37973.0,0.0,45229.0,19976.0,0,1,53371.0,1,0.0,3.3,0.0,1,1543.0,1265.0,0.0,0.0,0.0,0.0,203.0,7609.0,794.0,3643.0,556.0,1875.0,0,0,0,0.0,0.0,1,0,52467.0,34506.0,0
2,25,110,4,26410,26320,2641002,2632001,2,3569.0,27738.0,41635.0,50011.0,6173.0,83833.0,58950.0,1,1,70427.0,0,0.0,0.0,807.0,1,0.0,0.0,0.0,0.0,0.0,0.0,0.0,5105.0,5051.0,2352.0,1650.0,2208.0,0,0,0,0.0,0.0,0,0,62061.0,37445.0,1
2,65,110,1,26320,26320,2632001,2632001,2,2492.0,0.0,27575.0,25595.0,-3305.0,80092.0,61863.0,0,0,113722.0,0,0.0,0.0,0.0,0,0.0,0.0,0.0,0.0,0.0,0.0,0.0,7656.0,3204.0,4596.0,561.0,910.0,0,0,0,0.0,0.0,1,0,127734.0,94029.0,1
1,25,910,5,26230,26350,2623001,2635002,3,3139.0,22669.0,38691.0,42255.0,0.0,312487.0,265458.0,0,1,355964.0,2,0.0,1.7,504.0,1,1593.0,661.0,0.0,0.0,0.0,0.0,92.0,6542.0,4315.0,4167.0,1885.0,42.0,0,0,0,0.0,0.0,0,0,336877.0,213324.0,0
1,18,220,3,26230,26350,2623002,2635001,2,2659.0,28033.0,31182.0,-1.0,21.0,382781.0,210537.0,0,0,412437.0,0,0.0,0.0,640.0,1,0.0,0.0,0.0,0.0,0.0,0.0,0.0,12935.0,2290.0,6208.0,4475.0,2277.0,0,0,0,0.0,0.0,0,0,418497.0,251385.0,1
1,25,110,3,26230,26230,2623003,2623001,2,2957.0,0.0,33175.0,35891.0,0.0,127347.0,-99999999.0,0,0,158033.0,0,0.0,9.7,485.0,2,6032.0,3234.0,0.0,0.0,0.0,0.0,637.0,8339.0,2801.0,2892.0,2510.0,2553.0,0,0,0,0.0,0.0,0,0,175553.0,93305.0,0
1,25,110,2,26320,26320,2632002,2632002,1,2054.0,20917.0,25612.0,27191.0,0.0,169194.0,152896.0,0,0,239645.0,2,0.0,5.7,642.0,1,2324.0,1462.0,0.0,0.0,0.0,0.0,195.0,6514.0,2722.0,3938.0,1118.0,563.0,0,0,0,0.0,0.0,0,0,267644.0,139480.0,0
1,30,220,3,26410,26260,2641003,2626002,3,3205.0,0.0,39762.0,43977.0,-1443.0,166395.0,137867.0,0,0,113875.0,0,0.0,0.0,605.0,3,0.0,0.0,0.0,0.0,0.0,0.0,0.0,9398.0,5734.0,5764.0,1126.0,2739.0,1,1,39,1456.0,778.0,0,0,103181.0,68868.0,1
1,20,910,4,26350,26410,2635001,2641002,1,1733.0,0.0,20895.0,19581.0,0.0,45789.0,18507.0,0,0,48004.0,0,0.0,0.0,510.0,0,0.0,0.0,0.0,0.0,0.0,0.0,0.0,2902.0,1185.0,1190.0,285.0,1525.0,0,0,0,0.0,0.0,0,0,43243.0,22219.0,0
1,35,910,3,26260,26410,2626002,2641003,1,1611.0,0.0,19466.0,19337.0,589.0,150109.0,67244.0,0,1,176100.0,0,0.0,10.8,715.0,1,5218.0,2107.0,0.0,0.0,0.0,0.0,339.0,6193.0,2281.0,2283.0,992.0,344.0,0,0,0,0.0,0.0,0,0,156978.0,81709.0,1
1,50,220,1,26260,26230,2626001,2623002,1,2721.0,25707.0,33889.0,32674.0,0.0,53543.0,50799.0,1,0,53658.0,1,46.0,80.3,616.0,0,3578.0,2601.0,29546.0,24616.0,0.0,0.0,5239.0,5223.0,3387.0,1862.0,1030.0,1314.0,0,0,0,0.0,0.0,0,0,49375.0,36556.0,0
1,30,910,3,26320,26350,2632002,2635002,3,2663.0,0.0,31160.0,22530.0,0.0,89061.0,71576.0,1,0,137972.0,0,0.0,10.3,874.0,0,4052.0,3222.0,0.0,0.0,0.0,0.0,394.0,10093.0,3195.0,3436.0,1943.0,200.0,0,0,0,0.0,0.0,0,0,130507.0,84605.0,0
2,25,110,2,26410,26440,2641002,2644001,1,2977.0,0.0,36498.0,36256.0,0.0,195603.0,145672.0,1,1,142477.0,1,0.0,0.0,0.0,0,0.0,0.0,0.0,0.0,0.0,0.0,0.0,8762.0,1174.0,3647.0,2065.0,1296.0,0,0,0,0.0,0.0,1,0,152210.0,110134.0,0
1,30,420,1,26440,26500,2644001,2650003,2,2378.0,28096.0,25277.0,22554.0,-4581.0,103628.0,92825.0,1,0,112393.0,1,11.0,47.8,319.0,0,0.0,0.0,18895.0,12080.0,0.0,0.0,1871.0,10074.0,3016.0,5908.0,2897.0,620.0,1,1,34,540.0,492.0,0,0,100655.0,54591.0,1
2,45,420,5,26440,26110,2644002,2611002,1,4026.0,0.0,46734.0,41074.0,4754.0,191281.0,80683.0,0,1,224765.0,1,0.0,0.0,414.0,0,0.0,0.0,0.0,0.0,0.0,0.0,0.0,13186.0,3430.0,5463.0,1316.0,610.0,0,0,0,0.0,0.0,0,0,-99999999.0,151699.0,2
1,35,910,2,26350,26170,2635001,2617001,3,2904.0,0.0,33411.0,32738.0,0.0,215251.0,175765.0,1,0,235881.0,0,12.0,87.4,922.0,3,0.0,0.0,37989.0,29201.0,0.0,0.0,2476.0,13730.0,2099.0,8719.0,2051.0,1486.0,0,0,0,0.0,0.0,0,0,227224.0,153771.0,0
2,20,420,3,26440,26230,2644001,2623001,1,2951.0,29900.0,31208.0,29137.0,0.0,34401.0,26147.0,1,1,35505.0,0,0.0,0.0,603.0,1,0.0,0.0,0.0,0.0,0.0,0.0,0.0,3397.0,2379.0,1473.0,927.0,321.0,0,0,0,0.0,0.0,0,0,30428.0,17614.0,0
2,35,220,1,26410,26260,2641003,2626003,1,2928.0,34826.0,31253.0,30252.0,-1914.0,26726.0,23159.0,1,0,19007.0,1,150.0,154.1,681.0,1,1007.0,751.0,65729.0,47417.0,0.0,0.0,4880.0,11060.0,4168.0,6438.0,3511.0,883.0,0,0,0,0.0,0.0,0,0,17593.0,12780.0,1
2,30,420,2,26230,26260,2623002,2626001,2,3452.0,0.0,36397.0,34324.0,0.0,198244.0,164116.0,0,1,240336.0,2,0.0,0.0,0.0,0,0.0,0.0,0.0,0.0,0.0,0.0,0.0,10759.0,3818.0,4139.0,3246.0,2514.0,0,0,0,0.0,0.0,1,0,237770.0,125105.0,0
1,25,110,2,26440,26440,2644002,2644001,3,3174.0,25131.0,35193.0,37359.0,-5134.0,203098.0,135408.0,0,1,237857.0,0,0.0,0.0,834.0,1,0.0,0.0,0.0,0.0,0.0,0.0,0.0,5600.0,747.0,1936.0,1908.0,1914.0,0,0,0,0.0,0.0,0,0,241899.0,175061.0,1
2,20,420,1,26170,26440,2617002,2644002,1,3087.0,0.0,32744.0,34256.0,-1865.0,115146.0,50553.0,0,1,212563.0,0,0.0,0.0,0.0,0,0.0,0.0,0.0,0.0,0.0,0.0,0.0,4486.0,1653.0,1779.0,1298.0,2111.0,0,0,0,0.0,0.0,1,0,221131.0,147109.0,1
1,70,220,5,26260,26440,2626003,2644002,2,3278.0,0.0,37193.0,36021.0,0.0,124908.0,112439.0,0,0,-99999999.0,1,0.0,0.0,823.0,1,0.0,0.0,0.0,0.0,0.0,0.0,0.0,13315.0,4103.0,7330.0,4549.0,694.0,0,0,0,0.0,0.0,0,0,1.0,1.0,0
1,25,910,2,26260,26530,2626002,2653001,4,1614.0,14590.0,19571.0,26656.0,-8.0,168692.0,138315.0,1,0,209811.0,1,0.0,5.8,814.0,0,0.0,0.0,0.0,0.0,1294.0,1135.0,220.0,4529.0,2619.0,2562.0,1498.0,880.0,2,1,37,1760.0,778.0,0,0,213748.0,153923.0,1
2,25,420,3,26260,26440,2626001,2644002,3,1639.0,0.0,19222.0,15324.0,0.0,166816.0,99425.0,0,1,207882.0,2,0.0,0.0,651.0,2,0.0,0.0,0.0,0.0,0.0,0.0,0.0,2436.0,1729.0,1335.0,601.0,451.0,0,0,0,0.0,0.0,0,0,230303.0,115936.0,0
1,25,420,3,26440,26440,2644001,2644002,4,2751.0,0.0,32593.0,24069.0,0.0,82248.0,77409.0,1,1,76680.0,1,34.0,86.2,704.0,1,0.0,0.0,41654.0,25968.0,2795.0,2137.0,5443.0,11188.0,3161.0,5246.0,2928.0,1180.0,0,0,0,0.0,0.0,0,0,81868.0,52321.0,0
1,35,910,3,26440,26410,2644002,2641003,2,2672.0,19568.0,28224.0,26739.0,2549.0,175170.0,100041.0,0,0,194708.0,0,0.0,0.0,602.0,1,0.0,0.0,0.0,0.0,0.0,0.0,0.0,5696.0,1596.0,2984.0,812.0,1375.0,0,0,0,0.0,0.0,0,0,-99999999.0,124815.0,2
2,30,220,3,26440,26350,2644001,2635001,4,3177.0,0.0,38693.0,34247.0,0.0,80187.0,48418.0,1,0,69976.0,1,0.0,3.1,431.0,0,0.0,0.0,0.0,0.0,2232.0,1185.0,100.0,7932.0,1479.0,5367.0,2535.0,1178.0,0,0,0,0.0,0.0,0,0,75783.0,40831.0,0
1,25,220,3,26260,26410,2626002,2641001,1,2813.0,0.0,30359.0,25466.0,0.0,114248.0,106944.0,0,1,149420.0,1,0.0,11.2,0.0,0,5605.0,3404.0,0.0,0.0,0.0,0.0,386.0,3908.0,2334.0,1289.0,1015.0,1285.0,0,0,0,0.0,0.0,1,0,140152.0,79170.0,0
2,30,420,1,26440,26320,2644001,2632002,3,3178.0,0.0,35293.0,42455.0,0.0,111303.0,85421.0,0,0,125385.0,0,0.0,0.0,0.0,2,0.0,0.0,0.0,0.0,0.0,0.0,0.0,8749.0,3175.0,2914.0,2790.0,1661.0,0,0,0,0.0,0.0,1,0,142570.0,77848.0,0
1,35,910,4,26350,26410,2635001,2641001,2,1990.0,0.0,22952.0,19630.0,0.0,58944.0,52080.0,0,0,68673.0,0,0.0,10.1,685.0,0,2109.0,858.0,0.0,0.0,3655.0,1469.0,309.0,9631.0,2144.0,4790.0,1093.0,236.0,0,0,0,0.0,0.0,0,0,72581.0,40762.0,0
1,25,420,1,26320,26320,2632002,2632002,1,2793.0,0.0,34521.0,35735.0,0.0,63209.0,56146.0,0,1,80325.0,0,0.0,0.0,713.0,1,0.0,0.0,0.0,0.0,0.0,0.0,0.0,13846.0,1544.0,8595.0,2224.0,60.0,0,0,0,0.0,0.0,0,0,84463.0,57094.0,0
1,55,910,3,26230,26350,2623001,2635002,4,1928.0,0.0,24093.0,17540.0,0.0,377175.0,-99999999.0,0,1,508867.0,0,0.0,0.0,571.0,1,0.0,0.0,0.0,0.0,0.0,0.0,0.0,5201.0,723.0,3388.0,392.0,173.0,0,0,0,0.0,0.0,0,0,552427.0,409494.0,0
1,25,910,2,26230,26320,2623002,2632001,3,3051.0,36044.0,36811.0,36746.0,0.0,57807.0,31611.0,1,1,56642.0,1,0.0,62.9,844.0,3,31261.0,20775.0,0.0,0.0,4150.0,2392.0,3889.0,7634.0,2342.0,4521.0,2517.0,2600.0,0,0,0,0.0,0.0,0,0,48212.0,31939.0,0
1,25,420,3,26350,26230,2635002,2623002,1,1579.0,14022.0,18883.0,16192.0,0.0,123251.0,106747.0,0,0,142960.0,0,0.0,0.0,651.0,0,0.0,0.0,0.0,0.0,0.0,0.0,0.0,7614.0,2348.0,2957.0,2233.0,1489.0,0,0,0,0.0,0.0,0,1,127579.0,81396.0,0
1,60,910,1,26410,26230,2641001,2623003,1,3026.0,0.0,34967.0,34854.0,6103.0,-99999999.0,94502.0,0,0,1.0,1,0.0,8.3,720.0,0,5716.0,2900.0,0.0,0.0,0.0,0.0,243.0,12548.0,1940.0,7573.0,3498.0,409.0,0,0,0,0.0,0.0,0,0,1.0,1.0,1
1,45,220,4,26410,26350,2641001,2635002,3,1845.0,0.0,21829.0,16057.0,80.0,95556.0,67882.0,1,1,75907.0,0,0.0,6.9,615.0,2,0.0,0.0,0.0,0.0,1880.0,1516.0,163.0,3740.0,2377.0,1447.0,678.0,616.0,0,0,0,0.0,0.0,0,0,78362.0,41923.0,1
1,30,420,3,26440,26260,2644001,2626003,3,2551.0,0.0,27522.0,28875.0,-624.0,147693.0,103053.0,1,0,126227.0,0,20.0,115.7,787.0,0,3391.0,2887.0,27703.0,25648.0,4666.0,3318.0,4957.0,11405.0,1480.0,3490.0,607.0,733.0,0,0,0,0.0,0.0,0,0,141262.0,97128.0,2
1,45,420,1,26260,26410,2626003,2641003,1,3382.0,0.0,37332.0,30987.0,0.0,120257.0,48737.0,1,1,121842.0,1,0.0,0.0,664.0,0,0.0,0.0,0.0,0.0,0.0,0.0,0.0,15649.0,1887.0,5649.0,5335.0,1775.0,0,0,0,0.0,0.0,0,0,123022.0,89554.0,0
2,30,420,1,26260,26260,2626002,2626003,4,2948.0,0.0,36759.0,32704.0,5987.0,-99999999.0,24902.0,0,0,1.0,0,0.0,0.0,639.0,1,0.0,0.0,0.0,0.0,0.0,0.0,0.0,8056.0,1744.0,5537.0,1331.0,905.0,0,0,0,0.0,0.0,0,0,1.0,1.0,1
2,30,420,3,26260,26260,2626002,2626002,3,1730.0,0.0,21554.0,19763.0,869.0,136229.0,100675.0,0,0,168736.0,1,0.0,0.0,807.0,2,0.0,0.0,0.0,0.0,0.0,0.0,0.0,8891.0,1632.0,5208.0,1105.0,1649.0,0,0,0,0.0,0.0,0,0,168189.0,88985.0,1
2,45,420,4,26350,26260,2635001,2626003,2,2363.0,0.0,26338.0,24746.0,0.0,71195.0,59586.0,0,0,92793.0,0,0.0,55.4,0.0,1,16549.0,13220.0,0.0,0.0,2511.0,1367.0,1762.0,8751.0,1447.0,3139.0,2680.0,385.0,0,0,0,0.0,0.0,1,0,87657.0,59131.0,0
2,40,910,3,26230,26410,2623003,2641001,1,1824.0,17970.0,20031.0,21540.0,560.0,280520.0,182723.0,1,0,326784.0,1,0.0,12.9,614.0,2,3352.0,2584.0,0.0,0.0,0.0,0.0,304.0,8142.0,1344.0,3454.0,910.0,771.0,2,0,38,648.0,131.0,0,0,344466.0,236472.0,1
1,25,420,4,26440,26230,2644001,2623001,2,1698.0,0.0,18608.0,28980.0,0.0,127705.0,64456.0,0,1,134515.0,2,0.0,8.0,570.0,1,0.0,0.0,0.0,0.0,3032.0,1492.0,249.0,4371.0,1767.0,2855.0,443.0,328.0,3,1,37,786.0,583.0,0,0,139036.0,74449.0,0
1,35,110,4,26230,26320,2623003,2632001,2,2876.0,0.0,32987.0,27693.0,0.0,64855.0,40447.0,1,1,75427.0,0,0.0,0.0,699.0,1,0.0,0.0,0.0,0.0,0.0,0.0,0.0,7895.0,4227.0,4622.0,1511.0,1059.0,0,0,0,0.0,0.0,0,0,68400.0,38327.0,0
2,30,220,5,26350,26410,2635001,2641003,1,3164.0,35947.0,34638.0,36207.0,213.0,121221.0,99714.0,1,1,149762.0,0,0.0,14.0,0.0,1,9030.0,3519.0,0.0,0.0,2018.0,1336.0,698.0,9560.0,4143.0,3800.0,1793.0,557.0,0,0,0,0.0,0.0,1,0,143977.0,84227.0,1
1,18,220,5,26440,26440,2644002,2644001,2,3086.0,29503.0,36406.0,30201.0,0.0,56675.0,26056.0,0,0,63831.0,1,0.0,0.0,0.0,3,0.0,0.0,0.0,0.0,0.0,0.0,0.0,6999.0,2798.0,4835.0,2208.0,256.0,0,0,0,0.0,0.0,1,0,67216.0,39044.0,0
2,65,110,5,26410,26410,2641001,2641002,1,3192.0,34959.0,33994.0,31396.0,-1615.0,115228.0,81594.0,0,1,86708.0,0,0.0,11.2,557.0,4,8238.0,3804.0,0.0,0.0,0.0,0.0,665.0,9793.0,2016.0,5218.0,3416.0,2451.0,0,0,0,0.0,0.0,0,0,98264.0,55905.0,1
1,35,420,4,26440,26230,2644001,2623001,1,2792.0,0.0,29895.0,24706.0,0.0,86213.0,67782.0,0,1,99826.0,0,0.0,10.4,647.0,2,5759.0,3095.0,0.0,0.0,0.0,0.0,470.0,8317.0,3150.0,4323.0,1063.0,1393.0,0,0,0,0.0,0.0,0,1,96703.0,62525.0,0
1,35,420,3,26170,26260,2617001,2626002,1,2622.0,0.0,28983.0,25196.0,695.0,60107.0,37790.0,0,1,108920.0,1,0.0,0.0,692.0,0,0.0,0.0,0.0,0.0,0.0,0.0,0.0,4806.0,2212.0,2569.0,530.0,1557.0,0,0,0,0.0,0.0,0,0,116178.0,82813.0,1
2,35,420,3,26440,26320,2644001,2632001,2,2103.0,0.0,25351.0,38393.0,0.0,59655.0,43590.0,1,1,57602.0,0,0.0,0.0,627.0,5,0.0,0.0,0.0,0.0,0.0,0.0,0.0,10481.0,3003.0,6217.0,1996.0,820.0,1,1,30,1660.0,689.0,0,0,56252.0,36376.0,0
2,35,220,4,26410,26110,2641001,2611002,2,2514.0,0.0,28022.0,24970.0,0.0,425475.0,376934.0,1,1,414474.0,1,0.0,6.1,794.0,0,0.0,0.0,0.0,0.0,4115.0,1722.0,262.0,3828.0,3691.0,1552.0,699.0,353.0,0,0,0,0.0,0.0,0,0,399637.0,215861.0,0
2,25,220,1,26110,26260,2611002,2626003,2,1941.0,16600.0,22208.0,22697.0,0.0,104280.0,53918.0,1,1,183095.0,0,0.0,6.9,730.0,1,2696.0,1535.0,0.0,0.0,0.0,0.0,236.0,9079.0,1272.0,2811.0,2695.0,1722.0,0,0,0,0.0,0.0,0,0,190405.0,101928.0,0
1,65,910,4,26500,26350,2650001,2635002,3,2251.0,22962.0,26592.0,-1.0,-2431.0,76188.0,36136.0,1,1,60107.0,1,28.0,70.8,0.0,0,4262.0,2118.0,19193.0,16722.0,0.0,0.0,2260.0,7665.0,1863.0,4294.0,606.0,722.0,0,0,0,0.0,0.0,1,0,68409.0,50741.0,1
1,35,420,3,26410,26260,2641002,2626003,3,2858.0,0.0,34516.0,30854.0,0.0,68669.0,29766.0,0,1,47517.0,1,0.0,10.7,345.0,4,4909.0,1750.0,0.0,0.0,3141.0,1960.0,495.0,9275.0,820.0,4541.0,910.0,2043.0,0,0,0,0.0,0.0,0,0,44978.0,22585.0,0
2,35,910,3,26410,26350,2641003,2635001,1,2723.0,0.0,30264.0,27011.0,0.0,130967.0,104697.0,0,1,116924.0,0,0.0,4.0,0.0,2,0.0,0.0,0.0,0.0,2830.0,1218.0,196.0,12120.0,2295.0,7570.0,1349.0,2187.0,0,0,0,0.0,0.0,1,0,114953.0,84335.0,0
1,30,420,5,26320,26320,2632001,2632002,4,4792.0,0.0,57322.0,57950.0,0.0,67299.0,60252.0,0,0,98450.0,1,0.0,3.5,732.0,0,2428.0,2025.0,0.0,0.0,0.0,0.0,287.0,14825.0,4412.0,9947.0,1108.0,2568.0,0,0,0,0.0,0.0,0,0,85276.0,52556.0,0
2,25,220,4,26410,26320,2641002,2632001,3,1925.0,15069.0,0.0,21175.0,1.0,51186.0,39911.0,0,0,38611.0,0,0.0,0.0,614.0,1,0.0,0.0,0.0,0.0,0.0,0.0,0.0,0.0,0.0,0.0,0.0,0.0,1,2,35,2909.0,305.0,0,0,40111.0,20113.0,1
1,20,420,5,26440,26320,2644001,2632001,2,2719.0,30833.0,32054.0,33214.0,2982.0,96814.0,90719.0,1,0,96265.0,0,23.0,68.6,689.0,1,0.0,0.0,26238.0,21997.0,0.0,0.0,3221.0,4977.0,2333.0,2678.0,1018.0,658.0,0,0,0,0.0,0.0,0,0,92667.0,51997.0,1
2,30,910,5,26350,26440,2635001,2644002,1,1875.0,20952.0,21378.0,28128.0,-464.0,96377.0,76086.0,1,0,113451.0,1,15.0,79.5,621.0,2,0.0,0.0,19033.0,17002.0,0.0,0.0,1386.0,7284.0,1610.0,4039.0,2309.0,86.0,0,0,0,0.0,0.0,0,0,100507.0,65735.0,2
2,25,910,5,26350,26320,2635001,2632002,4,2548.0,0.0,31476.0,33434.0,0.0,76863.0,42941.0,0,0,87442.0,1,0.0,0.0,680.0,2,0.0,0.0,0.0,0.0,0.0,0.0,0.0,12325.0,1976.0,4084.0,3657.0,183.0,0,0,0,0.0,0.0,0,0,90584.0,49989.0,0
1,35,420,2,26410,26320,2641001,2632001,3,2574.0,27062.0,32083.0,39590.0,-2875.0,57828.0,31260.0,0,0,40487.0,1,0.0,4.3,832.0,2,2270.0,1375.0,0.0,0.0,0.0,0.0,118.0,8938.0,1073.0,3979.0,964.0,1721.0,0,0,0,0.0,0.0,0,0,42674.0,31188.0,1
2,50,910,1,26350,26320,2635001,2632002,2,3349.0,0.0,40350.0,49549.0,0.0,78074.0,59857.0,0,1,81350.0,1,0.0,0.0,752.0,1,0.0,0.0,0.0,0.0,0.0,0.0,0.0,8025.0,3973.0,4518.0,748.0,2970.0,0,0,0,0.0,0.0,0,0,72164.0,36639.0,0
1,25,220,2,26230,26440,2623003,2644001,1,2508.0,0.0,30926.0,29524.0,-874.0,74475.0,57472.0,0,1,96346.0,0,0.0,0.0,482.0,1,0.0,0.0,0.0,0.0,0.0,0.0,0.0,13276.0,1468.0,6781.0,3101.0,1876.0,0,0,0,0.0,0.0,0,0,99221.0,58005.0,2
1,25,420,4,26320,26230,2632001,2623003,1,2676.0,0.0,28829.0,25970.0,-4176.0,68527.0,47153.0,0,1,76766.0,1,0.0,14.3,434.0,2,5418.0,4122.0,0.0,0.0,0.0,0.0,743.0,9407.0,2528.0,5775.0,1400.0,710.0,0,0,0,0.0,0.0,0,0,84689.0,49660.0,1
2,35,910,5,26260,26230,2626003,2623002,2,2520.0,24623.0,29758.0,29026.0,1766.0,116530.0,80381.0,0,0,135566.0,1,0.0,20.5,708.0,1,6915.0,6114.0,0.0,0.0,0.0,0.0,816.0,8651.0,3569.0,3005.0,1745.0,270.0,0,0,0,0.0,0.0,0,0,137253.0,92702.0,1
2,25,910,5,26440,26440,2644002,2644002,1,1889.0,14125.0,20584.0,21550.0,2878.0,375396.0,236181.0,0,1,391658.0,0,0.0,49.7,802.0,0,12573.0,10229.0,0.0,0.0,0.0,0.0,1948.0,7765.0,2375.0,4307.0,2058.0,335.0,0,0,0,0.0,0.0,0,0,426505.0,318421.0,1
1,55,420,4,26350,26260,2635001,2626003,1,2376.0,0.0,26264.0,29580.0,0.0,219489.0,130038.0,0,1,297023.0,0,0.0,0.0,434.0,4,0.0,0.0,0.0,0.0,0.0,0.0,0.0,5698.0,899.0,3622.0,1821.0,1802.0,0,0,0,0.0,0.0,0,0,296345.0,218535.0,0
1,30,420,4,26230,26230,2623001,2623003,2,2552.0,0.0,29464.0,29991.0,4606.0,316523.0,236990.0,0,0,432584.0,0,0.0,0.0,623.0,3,0.0,0.0,0.0,0.0,0.0,0.0,0.0,10540.0,2201.0,5959.0,1118.0,590.0,2,0,35,1759.0,189.0,0,0,397843.0,240586.0,1
1,20,420,5,26260,26320,2626003,2632001,1,2848.0,25722.0,34130.0,37643.0,0.0,70220.0,56958.0,0,1,90875.0,0,0.0,0.0,0.0,1,0.0,0.0,0.0,0.0,0.0,0.0,0.0,7602.0,4231.0,2515.0,539.0,1483.0,0,0,0,0.0,0.0,1,0,81453.0,53701.0,0
2,25,420,4,26230,26260,2623003,2626002,2,3163.0,0.0,37776.0,37014.0,0.0,269632.0,228479.0,0,0,317719.0,1,0.0,0.0,615.0,0,0.0,0.0,0.0,0.0,0.0,0.0,0.0,7189.0,790.0,4063.0,850.0,3006.0,1,0,28,3031.0,3689.0,0,0,292015.0,213075.0,0
2,60,910,1,26230,26410,2623001,2641001,4,2648.0,21196.0,32409.0,40422.0,0.0,113138.0,64411.0,1,0,109457.0,0,28.0,94.4,978.0,1,0.0,0.0,43793.0,30578.0,0.0,0.0,4562.0,5880.0,1270.0,3764.0,1271.0,2590.0,0,0,0,0.0,0.0,0,0,114102.0,78446.0,0
2,25,110,3,26230,26350,2623003,2635001,4,2636.0,24187.0,30626.0,26979.0,0.0,178406.0,155526.0,0,1,190339.0,1,0.0,0.0,543.0,1,0.0,0.0,0.0,0.0,0.0,0.0,0.0,12534.0,2275.0,4505.0,965.0,528.0,0,0,0,0.0,0.0,0,0,178453.0,95983.0,0
1,35,110,2,26230,26410,2623003,2641003,1,1681.0,0.0,20765.0,21975.0,-1386.0,129913.0,73597.0,0,1,149472.0,2,0.0,23.0,566.0,4,7609.0,4778.0,0.0,0.0,0.0,0.0,497.0,7930.0,1782.0,4342.0,1176.0,1592.0,0,0,0,0.0,0.0,0,0,151572.0,-99999999.0,1
1,25,220,4,26320,26350,2632001,2635002,3,3151.0,28185.0,38681.0,35603.0,517.0,80341.0,45608.0,0,1,88684.0,2,0.0,0.0,559.0,1,0.0,0.0,0.0,0.0,0.0,0.0,0.0,6687.0,3400.0,3307.0,947.0,955.0,2,0,34,2569.0,604.0,0,0,96764.0,59252.0,1
1,25,910,4,26260,26350,2626001,2635001,4,2348.0,25304.0,28641.0,24625.0,-1514.0,152010.0,128190.0,0,0,140820.0,1,0.0,0.0,0.0,0,0.0,0.0,0.0,0.0,0.0,0.0,0.0,3568.0,3891.0,1391.0,296.0,1908.0,0,0,0,0.0,0.0,1,0,123867.0,75048.0,2
1,50,110,2,26290,26320,2629003,2632001,3,3286.0,0.0,36011.0,33369.0,0.0,132053.0,123226.0,0,0,191480.0,1,0.0,4.2,430.0,1,0.0,0.0,0.0,0.0,2043.0,1517.0,212.0,5550.0,4227.0,2646.0,1909.0,679.0,0,0,0,0.0,0.0,0,0,169494.0,87600.0,0
1,25,110,2,26140,26170,2614001,2617002,2,3656.0,32310.0,42274.0,36764.0,1177.0,34169.0,31187.0,0,0,29219.0,0,0.0,14.4,621.0,0,17338.0,6069.0,0.0,0.0,0.0,0.0,949.0,8778.0,6073.0,4118.0,2689.0,132.0,2,0,37,8333.0,331.0,0,0,31292.0,22370.0,1
2,18,420,1,26350,26350,2635002,2635001,2,2678.0,29570.0,32062.0,44530.0,0.0,91631.0,42250.0,1,1,109473.0,1,0.0,14.0,669.0,2,8531.0,4479.0,0.0,0.0,0.0,0.0,878.0,10049.0,4666.0,5312.0,2290.0,2061.0,0,0,0,0.0,0.0,0,0,94041.0,68519.0,0
1,30,420,2,26230,26350,2623001,2635001,1,2135.0,16672.0,26585.0,27806.0,0.0,166615.0,93081.0,0,1,223869.0,1,0.0,9.3,557.0,1,0.0,0.0,0.0,0.0,4576.0,2481.0,338.0,8850.0,706.0,5304.0,2790.0,970.0,0,0,0,0.0,0.0,0,0,204187.0,147781.0,0
1,50,910,5,26350,26320,2635002,2632001,2,2789.0,25640.0,29349.0,24550.0,0.0,116594.0,-99999999.0,0,0,129963.0,2,0.0,0.0,588.0,1,0.0,0.0,0.0,0.0,0.0,0.0,0.0,4105.0,970.0,1391.0,557.0,2315.0,0,0,0,0.0,0.0,0,0,127313.0,69825.0,0
2,25,110,4,26410,26320,2641001,2632001,4,3027.0,0.0,33764.0,30517.0,-4072.0,130834.0,110350.0,1,0,90769.0,1,26.0,89.9,0.0,1,8531.0,6417.0,41798.0,23938.0,0.0,0.0,4217.0,8749.0,4213.0,3329.0,2655.0,956.0,0,0,0,0.0,0.0,1,0,103497.0,54580.0,3
2,25,910,5,26320,26440,2632001,2644002,3,2595.0,19338.0,29024.0,22202.0,2217.0,62890.0,42598.0,0,1,84612.0,0,0.0,3.3,776.0,1,2326.0,964.0,0.0,0.0,0.0,0.0,127.0,8195.0,4108.0,4563.0,2078.0,851.0,0,0,0,0.0,0.0,0,0,85221.0,47347.0,1
2,70,420,5,26410,26350,2641001,2635002,2,2433.0,0.0,26951.0,20963.0,4604.0,115120.0,47068.0,0,1,90636.0,1,0.0,30.8,616.0,1,11243.0,8288.0,0.0,0.0,0.0,0.0,1073.0,5140.0,2931.0,1795.0,617.0,1221.0,0,0,0,0.0,0.0,0,0,80916.0,45552.0,1
1,35,220,5,26350,26350,2635001,2635002,1,3166.0,0.0,38419.0,35741.0,0.0,93171.0,62985.0,1,1,123905.0,1,0.0,0.0,706.0,1,0.0,0.0,0.0,0.0,0.0,0.0,0.0,13655.0,815.0,7687.0,3444.0,2445.0,0,0,0,0.0,0.0,0,0,127011.0,-99999999.0,0
1,50,420,1,26320,26170,2632002,2617001,4,3123.0,35013.0,33073.0,33333.0,1097.0,87372.0,36446.0,1,1,112977.0,0,0.0,30.5,437.0,2,8658.0,6176.0,0.0,0.0,6746.0,3920.0,985.0,10197.0,1071.0,5739.0,2075.0,55.0,0,0,0,0.0,0.0,0,0,108788.0,68277.0,1
2,40,220,2,26260,26350,2626001,2635002,1,2575.0,25260.0,28889.0,32597.0,0.0,65673.0,36433.0,1,0,68412.0,1,0.0,8.0,685.0,1,4284.0,2314.0,0.0,0.0,0.0,0.0,266.0,10278.0,4208.0,4467.0,2047.0,1466.0,0,0,0,0.0,0.0,0,0,-99999999.0,44307.0,0
2,40,110,1,26320,26350,2632002,2635002,3,1725.0,20264.0,20568.0,21456.0,0.0,170914.0,130112.0,0,0,245099.0,1,0.0,0.0,642.0,1,0.0,0.0,0.0,0.0,0.0,0.0,0.0,7085.0,651.0,4927.0,2330.0,400.0,0,0,0,0.0,0.0,0,0,245386.0,145290.0,0
1,30,110,1,26260,26470,2626002,2647002,2,3097.0,30296.0,35038.0,36168.0,0.0,121453.0,57573.0,1,1,134953.0,1,0.0,15.8,0.0,0,3037.0,1935.0,0.0,0.0,6137.0,3618.0,641.0,14503.0,4804.0,7100.0,2418.0,629.0,0,0,0,0.0,0.0,1,0,140450.0,78062.0,0
2,25,110,2,26320,26350,2632001,2635001,2,2301.0,23511.0,24823.0,26379.0,-5666.0,114317.0,90524.0,1,1,154632.0,2,0.0,0.0,654.0,2,0.0,0.0,0.0,0.0,0.0,0.0,0.0,8330.0,1703.0,5704.0,2711.0,175.0,3,0,38,1922.0,544.0,0,0,175992.0,97077.0,3
1,40,420,2,26410,26260,2641003,2626001,1,2939.0,0.0,34450.0,38610.0,-1252.0,337888.0,250633.0,0,1,245023.0,1,0.0,0.0,633.0,2,0.0,0.0,0.0,0.0,0.0,0.0,0.0,13092.0,4856.0,4864.0,3908.0,23.0,0,0,0,0.0,0.0,0,0,261599.0,169546.0,1
1,40,910,1,26440,26260,2644002,2626003,2,2898.0,28385.0,33458.0,30689.0,0.0,131174.0,83470.0,0,1,124568.0,1,0.0,0.0,479.0,4,0.0,0.0,0.0,0.0,0.0,0.0,0.0,9311.0,1529.0,6277.0,1646.0,813.0,0,0,0,0.0,0.0,0,0,135053.0,90785.0,0
1,60,110,5,26320,26440,2632002,2644002,3,1572.0,0.0,19593.0,15253.0,-2231.0,202865.0,122669.0,0,1,224646.0,0,0.0,0.0,868.0,0,0.0,0.0,0.0,0.0,0.0,0.0,0.0,3586.0,2868.0,1903.0,1014.0,1014.0,0,0,0,0.0,0.0,0,0,252407.0,155249.0,1
2,35,110,3,26440,26440,2644001,2644001,2,2853.0,0.0,34228.0,29255.0,0.0,116280.0,105009.0,0,1,126395.0,0,0.0,4.4,774.0,3,2709.0,1505.0,0.0,0.0,0.0,0.0,179.0,4511.0,3003.0,3139.0,381.0,1171.0,0,0,0,0.0,0.0,0,0,119702.0,84236.0,0
1,25,420,4,26320,26230,2632002,2623002,1,3134.0,0.0,39088.0,39819.0,0.0,79866.0,56245.0,0,1,96111.0,0,0.0,3.0,600.0,1,1620.0,1177.0,0.0,0.0,0.0,0.0,229.0,10605.0,4683.0,5718.0,2125.0,364.0,0,0,0,0.0,0.0,0,0,97999.0,49376.0,0
2,30,420,4,26440,26410,2644002,2641001,2,3214.0,26203.0,34945.0,29562.0,-5084.0,52288.0,46479.0,0,0,44838.0,0,0.0,0.0,0.0,1,0.0,0.0,0.0,0.0,0.0,0.0,0.0,13259.0,1655.0,8917.0,912.0,1373.0,0,0,0,0.0,0.0,1,0,51178.0,33393.0,1
1,35,420,5,26200,26320,2620002,2632002,1,2876.0,29268.0,34579.0,31958.0,0.0,114100.0,71523.0,0,0,92711.0,1,0.0,0.0,331.0,1,0.0,0.0,0.0,0.0,0.0,0.0,0.0,10518.0,1290.0,4626.0,1146.0,2277.0,0,0,0,0.0,0.0,0,0,94182.0,61348.0,0
1,30,910,1,26440,26440,2644001,2644001,2,1515.0,0.0,17579.0,17169.0,-1086.0,19968.0,14518.0,0,0,20438.0,1,0.0,0.0,911.0,4,0.0,0.0,0.0,0.0,0.0,0.0,0.0,1917.0,884.0,1060.0,301.0,1176.0,0,0,0,0.0,0.0,0,0,18173.0,13170.0,1
2,45,910,2,26380,26350,2638003,2635001,4,3630.0,35938.0,43288.0,42668.0,0.0,116248.0,107533.0,0,1,121663.0,0,0.0,0.0,627.0,2,0.0,0.0,0.0,0.0,0.0,0.0,0.0,7953.0,5071.0,2488.0,617.0,2013.0,0,0,0,0.0,0.0,0,0,138386.0,76269.0,0
2,35,110,2,26410,26260,2641002,2626001,4,3067.0,0.0,35071.0,35071.0,0.0,119281.0,55853.0,1,1,115676.0,0,22.0,72.3,0.0,0,0.0,0.0,30585.0,25348.0,0.0,0.0,4070.0,8921.0,704.0,4757.0,2832.0,1549.0,0,0,0,0.0,0.0,1,0,110569.0,65594.0,0
1,18,110,3,26350,26290,2635001,2629002,4,2018.0,0.0,22046.0,19550.0,0.0,86635.0,47175.0,0,1,105503.0,2,0.0,19.8,527.0,0,6224.0,4368.0,0.0,0.0,0.0,0.0,677.0,5308.0,2418.0,2389.0,1660.0,645.0,3,0,40,1253.0,585.0,0,0,97658.0,60883.0,0
1,35,110,3,26410,26260,2641001,2626001,1,2288.0,0.0,24233.0,23058.0,0.0,93394.0,84445.0,0,1,89558.0,0,0.0,22.1,610.0,0,11596.0,4102.0,0.0,0.0,2013.0,1257.0,807.0,8338.0,807.0,5250.0,428.0,948.0,0,0,0,0.0,0.0,0,0,93064.0,58722.0,0
1,35,420,4,26410,26320,2641003,2632002,2,2950.0,26128.0,35921.0,39013.0,1038.0,46597.0,-99999999.0,1,1,35880.0,0,62.0,61.6,0.0,2,0.0,0.0,30542.0,22114.0,0.0,0.0,2166.0,5802.0,3814.0,2894.0,464.0,2218.0,0,0,0,0.0,0.0,1,0,34292.0,19568.0,1
1,55,910,3,26290,26230,2629003,2623003,1,3242.0,31350.0,39324.0,43049.0,0.0,226695.0,124596.0,1,1,357801.0,1,5.0,41.9,681.0,5,0.0,0.0,23090.0,16480.0,0.0,0.0,1841.0,9022.0,2331.0,4594.0,2995.0,1361.0,0,0,0,0.0,0.0,0,0,348281.0,218544.0,0
1,30,420,2,26260,26320,2626002,2632002,2,2483.0,0.0,26879.0,24983.0,-83.0,80632.0,76482.0,0,0,86990.0,1,0.0,23.1,0.0,1,12492.0,6203.0,0.0,0.0,0.0,0.0,818.0,7730.0,3686.0,5359.0,393.0,1808.0,0,0,0,0.0,0.0,1,0,79570.0,43023.0,2
2,35,420,3,26350,26230,2635002,2623001,3,3337.0,0.0,39344.0,35954.0,0.0,55091.0,25133.0,0,0,61922.0,0,0.0,6.4,530.0,1,4759.0,2513.0,0.0,0.0,0.0,0.0,336.0,17481.0,2394.0,11471.0,5890.0,1932.0,0,0,0,0.0,0.0,0,0,53337.0,31616.0,0
1,30,420,5,26440,26410,2644001,2641001,4,1635.0,0.0,19580.0,19918.0,0.0,136871.0,100785.0,1,0,113767.0,0,29.0,199.4,529.0,2,14457.0,6408.0,52342.0,32628.0,0.0,0.0,7670.0,8298.0,2710.0,5581.0,1841.0,638.0,0,0,0,0.0,0.0,0,0,99190.0,73012.0,0
2,30,420,3,26320,26260,2632001,2626001,2,2122.0,0.0,24648.0,28654.0,0.0,105499.0,87927.0,0,0,125638.0,0,0.0,0.0,0.0,1,0.0,0.0,0.0,0.0,0.0,0.0,0.0,5758.0,2313.0,2118.0,1246.0,1819.0,0,0,0,0.0,0.0,1,0,117233.0,-99999999.0,0
2,20,420,3,26260,26110,2626002,2611002,1,1458.0,0.0,16234.0,13332.0,0.0,79618.0,66298.0,1,0,100596.0,0,0.0,37.1,422.0,1,11317.0,5333.0,0.0,0.0,1111.0,683.0,492.0,3521.0,785.0,2296.0,213.0,1153.0,0,0,0,0.0,0.0,0,0,98268.0,52503.0,0
2,55,910,1,26350,26350,2635002,2635002,2,2217.0,0.0,27185.0,22926.0,4660.0,74726.0,48050.0,0,0,97760.0,0,0.0,7.4,543.0,2,0.0,0.0,0.0,0.0,5034.0,2016.0,383.0,11755.0,3551.0,5538.0,1867.0,867.0,0,0,0,0.0,0.0,0,0,107337.0,54475.0,1
2,55,420,1,26350,26410,2635002,2641002,2,3780.0,0.0,44547.0,60865.0,0.0,98382.0,41732.0,0,0,97785.0,0,0.0,2.0,630.0,1,1699.0,898.0,0.0,0.0,0.0,0.0,166.0,17888.0,2630.0,11465.0,5384.0,2642.0,0,0,0,0.0,0.0,0,0,89405.0,61066.0,0
2,35,420,2,26350,26410,2635002,2641003,3,4138.0,29933.0,49410.0,40140.0,0.0,221348.0,190927.0,0,1,211882.0,0,0.0,0.0,0.0,1,0.0,0.0,0.0,0.0,0.0,0.0,0.0,17223.0,4913.0,8671.0,2533.0,3673.0,0,0,0,0.0,0.0,1,0,221693.0,145176.0,0
1,35,420,1,26350,26710,2635001,2671002,1,2952.0,0.0,34846.0,34893.0,0.0,130840.0,110103.0,0,0,129877.0,0,0.0,15.2,0.0,0,9738.0,5281.0,0.0,0.0,0.0,0.0,626.0,11066.0,3162.0,6271.0,3559.0,1641.0,0,0,0,0.0,0.0,1,0,146475.0,80623.0,0
1,20,910,3,26410,26260,2641003,2626001,3,2385.0,0.0,28483.0,26909.0,0.0,96699.0,51305.0,0,0,84331.0,1,0.0,0.0,588.0,1,0.0,0.0,0.0,0.0,0.0,0.0,0.0,10114.0,3480.0,4049.0,2068.0,2135.0,2,1,34,2101.0,721.0,0,0,81963.0,49259.0,0
2,35,910,5,26410,26260,2641002,2626002,2,2656.0,0.0,28659.0,23868.0,-4368.0,164631.0,96686.0,0,1,123745.0,0,0.0,12.6,655.0,2,4263.0,3621.0,0.0,0.0,0.0,0.0,377.0,9985.0,1526.0,3773.0,3011.0,183.0,0,0,0,0.0,0.0,0,0,141522.0,77553.0,1
1,30,420,3,26350,26260,2635002,2626003,3,3108.0,22769.0,38369.0,30025.0,0.0,100360.0,68438.0,0,1,127601.0,0,0.0,5.1,407.0,1,1043.0,495.0,0.0,0.0,2733.0,1471.0,364.0,15074.0,1393.0,7883.0,4294.0,2880.0,0,0,0,0.0,0.0,0,0,132864.0,89638.0,0
2,40,420,4,26350,26260,2635001,2626001,4,1784.0,0.0,19752.0,16733.0,-2757.0,125609.0,58129.0,0,0,119584.0,0,0.0,9.2,694.0,1,4409.0,1822.0,0.0,0.0,0.0,0.0,205.0,6977.0,2739.0,2493.0,1319.0,1077.0,0,0,0,0.0,0.0,0,0,135980.0,72674.0,1
2,20,220,5,26200,26350,2620001,2635002,1,2428.0,19244.0,29556.0,27722.0,0.0,108085.0,92014.0,1,0,91728.0,0,0.0,0.0,532.0,1,0.0,0.0,0.0,0.0,0.0,0.0,0.0,9682.0,1791.0,5324.0,2909.0,374.0,3,2,36,3304.0,1038.0,0,0,86086.0,59301.0,0
2,40,910,4,26440,26710,2644001,2671002,4,3733.0,36024.0,45867.0,55687.0,0.0,140627.0,127570.0,1,1,159550.0,1,0.0,0.0,610.0,1,0.0,0.0,0.0,0.0,0.0,0.0,0.0,19626.0,4626.0,6145.0,6062.0,441.0,0,0,0,0.0,0.0,0,0,166970.0,97674.0,0
1,25,110,4,26440,26710,2644002,2671001,1,2120.0,0.0,25021.0,34461.0,0.0,75623.0,43068.0,0,1,62777.0,0,0.0,20.6,712.0,4,6213.0,3963.0,0.0,0.0,1629.0,1180.0,864.0,10740.0,3333.0,4081.0,3635.0,1463.0,0,0,0,0.0,0.0,0,0,56352.0,-99999999.0,0
1,35,910,4,26440,26350,2644001,2635001,4,2313.0,0.0,27054.0,23288.0,0.0,49831.0,45257.0,1,1,56194.0,2,0.0,12.8,0.0,2,4967.0,2518.0,0.0,0.0,1920.0,951.0,676.0,6653.0,826.0,2728.0,484.0,540.0,0,0,0,0.0,0.0,1,0,63164.0,44326.0,0
1,35,110,2,26320,26320,2632002,2632001,2,2809.0,0.0,30107.0,24451.0,0.0,170094.0,142960.0,0,1,259834.0,1,0.0,0.0,0.0,3,0.0,0.0,0.0,0.0,0.0,0.0,0.0,13533.0,1745.0,4973.0,3960.0,82.0,0,0,0,0.0,0.0,1,0,247184.0,156451.0,0
1,25,220,3,26230,26410,2623003,2641002,3,2984.0,0.0,33935.0,37381.0,-2710.0,243521.0,194891.0,1,1,286388.0,0,8.0,82.8,754.0,1,5818.0,4084.0,34400.0,24004.0,0.0,0.0,2590.0,8063.0,1047.0,2800.0,2014.0,547.0,0,0,0,0.0,0.0,0,0,257058.0,153346.0,1
1,30,910,2,26410,26200,2641001,2620001,4,2394.0,0.0,28066.0,28363.0,0.0,51271.0,47838.0,1,1,39230.0,2,33.0,46.4,645.0,4,0.0,0.0,19804.0,13016.0,0.0,0.0,2076.0,5253.0,3924.0,3181.0,1366.0,236.0,0,0,0,0.0,0.0,0,0,39575.0,23578.0,0
1,45,110,4,26320,26260,2632002,2626002,3,2850.0,32956.0,30392.0,32113.0,0.0,109927.0,63599.0,1,1,149103.0,0,26.0,153.8,0.0,1,6156.0,3293.0,47294.0,38247.0,5982.0,5203.0,4258.0,5245.0,4324.0,2452.0,1721.0,414.0,0,0,0,0.0,0.0,1,0,134223.0,84656.0,0
1,35,420,3,26230,26350,2623001,2635001,2,3195.0,0.0,34260.0,36353.0,0.0,75409.0,-99999999.0,1,1,81513.0,0,23.0,55.1,840.0,4,0.0,0.0,28364.0,18873.0,0.0,0.0,1950.0,4852.0,4717.0,1950.0,299.0,1450.0,0,0,0,0.0,0.0,0,0,76135.0,41196.0,0
2,20,110,5,26410,26410,2641001,2641002,4,4075.0,37455.0,50884.0,42715.0,0.0,167716.0,76164.0,1,0,161172.0,0,20.0,63.8,859.0,1,0.0,0.0,40723.0,32463.0,0.0,0.0,3753.0,11588.0,3430.0,4889.0,3205.0,2170.0,0,0,0,0.0,0.0,0,0,155447.0,88509.0,0
2,30,910,1,26410,26230,2641002,2623003,2,2718.0,0.0,30345.0,28553.0,0.0,114461.0,75877.0,0,1,96533.0,1,0.0,0.0,465.0,1,0.0,0.0,0.0,0.0,0.0,0.0,0.0,13316.0,2499.0,8223.0,2165.0,1088.0,0,0,0,0.0,0.0,0,0,86307.0,55169.0,0
2,25,420,1,26260,26230,2626001,2623001,3,2773.0,31770.0,31056.0,31193.0,0.0,726856.0,511420.0,1,1,897577.0,1,3.0,100.0,702.0,0,0.0,0.0,42805.0,31070.0,0.0,0.0,3850.0,6633.0,4311.0,2589.0,1532.0,1855.0,0,0,0,0.0,0.0,0,0,773805.0,426214.0,0
1,35,220,4,26230,26530,2623001,2653002,3,3793.0,0.0,41735.0,29213.0,7804.0,82383.0,38518.0,0,1,99463.0,1,0.0,34.3,0.0,3,11534.0,9869.0,0.0,0.0,6523.0,4436.0,2461.0,17606.0,5637.0,10647.0,2125.0,53.0,0,0,0,0.0,0.0,1,1,95730.0,62542.0,1
1,35,220,4,26230,26530,2623001,2653001,2,2443.0,0.0,28808.0,35354.0,0.0,248296.0,200014.0,0,0,266068.0,2,0.0,6.6,819.0,3,2396.0,1900.0,0.0,0.0,0.0,0.0,164.0,3962.0,619.0,2345.0,544.0,2049.0,2,1,48,2668.0,666.0,0,0,242702.0,136962.0,0
2,18,420,4,26260,26110,2626002,2611002,1,1939.0,0.0,22194.0,19955.0,0.0,263229.0,174086.0,0,1,293221.0,2,0.0,0.0,0.0,3,0.0,0.0,0.0,0.0,0.0,0.0,0.0,3357.0,960.0,1098.0,789.0,1758.0,0,0,0,0.0,0.0,1,0,308297.0,203227.0,0
1,35,220,2,26440,26410,2644001,2641001,2,2963.0,33104.0,35796.0,41020.0,0.0,135966.0,88452.0,0,0,153942.0,0,0.0,2.0,777.0,2,2366.0,731.0,0.0,0.0,0.0,0.0,78.0,5623.0,2616.0,3725.0,903.0,2705.0,0,0,0,0.0,0.0,0,0,130861.0,69473.0,0
1,40,420,1,26200,26260,2620001,2626003,4,3500.0,27774.0,40337.0,40081.0,0.0,100937.0,72654.0,1,1,76047.0,2,63.0,147.1,595.0,2,17535.0,11426.0,55120.0,47922.0,0.0,0.0,8781.0,11791.0,4743.0,6198.0,1643.0,855.0,4,1,38,3759.0,147.0,0,1,79418.0,49681.0,0
2,40,910,2,26230,26230,2623002,2623001,3,3035.0,0.0,31961.0,30373.0,0.0,104496.0,49541.0,1,1,114310.0,0,0.0,0.0,721.0,1,0.0,0.0,0.0,0.0,0.0,0.0,0.0,14292.0,2232.0,9082.0,868.0,2246.0,0,0,0,0.0,0.0,0,0,115797.0,79614.0,0
2,20,220,3,26230,26350,2623002,2635001,3,2737.0,0.0,31381.0,27130.0,-1666.0,99322.0,50656.0,0,0,134440.0,2,0.0,5.3,0.0,1,2121.0,1657.0,0.0,0.0,0.0,0.0,166.0,5379.0,1469.0,2298.0,516.0,1861.0,0,0,0,0.0,0.0,1,0,135380.0,78365.0,2
2,25,420,3,26320,26350,2632002,2635002,2,1859.0,0.0,19725.0,-1.0,0.0,194849.0,97303.0,0,1,242796.0,0,0.0,0.0,0.0,1,0.0,0.0,0.0,0.0,0.0,0.0,0.0,4277.0,2519.0,2463.0,995.0,764.0,0,0,0,0.0,0.0,1,0,-99999999.0,168135.0,0
1,30,910,5,26350,26350,2635001,2635002,3,2762.0,0.0,33568.0,34430.0,0.0,58479.0,54009.0,1,1,76743.0,0,0.0,1.3,638.0,1,730.0,435.0,0.0,0.0,0.0,0.0,61.0,13383.0,2159.0,7240.0,2299.0,2655.0,0,0,0,0.0,0.0,0,0,77716.0,45277.0,0
1,25,110,5,26200,26320,2620002,2632001,2,3602.0,0.0,38640.0,39104.0,0.0,89627.0,73965.0,0,1,62278.0,0,0.0,2.7,390.0,0,2519.0,1024.0,0.0,0.0,0.0,0.0,203.0,11048.0,1342.0,4508.0,650.0,702.0,0,0,0,0.0,0.0,0,1,62401.0,43254.0,0
1,30,420,4,26410,26230,2641003,2623001,1,1998.0,0.0,21846.0,25168.0,-3508.0,83340.0,57593.0,0,1,76528.0,0,0.0,50.6,545.0,1,13225.0,11052.0,0.0,0.0,0.0,0.0,2190.0,4821.0,2236.0,3089.0,748.0,1022.0,4,0,32,592.0,286.0,0,0,75297.0,53971.0,1
2,20,910,1,26350,26320,2635001,2632002,1,2641.0,0.0,30160.0,26813.0,0.0,35041.0,26726.0,1,0,42373.0,1,118.0,169.8,0.0,0,2518.0,1393.0,58527.0,49828.0,0.0,0.0,5641.0,7478.0,3993.0,4678.0,1193.0,515.0,0,0,0,0.0,0.0,1,0,40337.0,20652.0,0
1,20,420,1,26230,26230,2623001,2623001,2,2548.0,0.0,27749.0,25880.0,0.0,165272.0,125192.0,1,0,165366.0,0,3.0,37.8,639.0,0,4095.0,2253.0,9478.0,5717.0,4031.0,2523.0,1951.0,9914.0,2636.0,5631.0,1179.0,568.0,0,0,0,0.0,0.0,0,0,158575.0,89769.0,0
1,35,110,3,26530,26230,2653002,2623001,3,2346.0,0.0,27163.0,24800.0,0.0,186792.0,101669.0,0,0,204583.0,0,0.0,0.0,671.0,1,0.0,0.0,0.0,0.0,0.0,0.0,0.0,6161.0,4062.0,3988.0,616.0,1807.0,0,0,0,0.0,0.0,0,0,179850.0,133404.0,0
1,25,420,4,26320,26440,2632002,2644002,2,2961.0,0.0,33819.0,33170.0,0.0,67472.0,30203.0,0,1,82912.0,2,0.0,0.0,649.0,2,0.0,0.0,0.0,0.0,0.0,0.0,0.0,11222.0,4519.0,4350.0,593.0,1721.0,0,0,0,0.0,0.0,0,0,80282.0,42019.0,0
1,40,420,4,26380,26260,2638001,2626001,1,3088.0,24148.0,38307.0,38266.0,0.0,183153.0,129162.0,0,1,217208.0,1,0.0,3.9,0.0,0,3385.0,1492.0,0.0,0.0,0.0,0.0,265.0,14569.0,1985.0,8510.0,3479.0,2188.0,2,1,35,1653.0,927.0,1,0,216580.0,115324.0,0
1,20,110,2,26440,26410,2644002,2641003,2,3081.0,23935.0,32895.0,27268.0,3788.0,38170.0,20790.0,1,0,36040.0,1,60.0,82.3,0.0,2,7205.0,5368.0,32052.0,21718.0,0.0,0.0,3533.0,3944.0,2066.0,1638.0,1106.0,940.0,1,3,52,1309.0,1457.0,1,0,38887.0,19592.0,1
2,35,420,1,26410,26230,2641001,2623003,2,2165.0,20787.0,25230.0,21322.0,0.0,100145.0,88169.0,1,1,76222.0,2,31.0,93.2,597.0,2,0.0,0.0,28001.0,23523.0,0.0,0.0,3272.0,9145.0,1147.0,6180.0,1095.0,1863.0,0,0,0,0.0,0.0,0,0,74809.0,42380.0,0
2,30,910,2,26320,26260,2632002,2626003,3,1730.0,0.0,20658.0,16630.0,0.0,91514.0,48487.0,1,0,124968.0,0,28.0,172.8,353.0,1,2338.0,756.0,38568.0,34938.0,0.0,0.0,4448.0,8893.0,1911.0,4677.0,1312.0,753.0,0,0,0,0.0,0.0,0,0,135088.0,87456.0,0
2,45,110,4,26440,26410,2644002,2641001,2,2971.0,0.0,31954.0,29427.0,1086.0,104052.0,74405.0,0,0,120544.0,0,0.0,18.6,752.0,1,3501.0,2096.0,0.0,0.0,7536.0,3834.0,1075.0,4094.0,3348.0,2619.0,1310.0,838.0,0,0,0,0.0,0.0,0,0,130644.0,73666.0,1
1,45,110,5,26350,26350,2635002,2635001,2,2471.0,29165.0,29091.0,23596.0,0.0,103728.0,65458.0,0,1,103832.0,0,0.0,0.0,0.0,2,0.0,0.0,0.0,0.0,0.0,0.0,0.0,3741.0,3417.0,1391.0,1272.0,433.0,0,0,0,0.0,0.0,1,0,98436.0,73056.0,0
2,30,420,5,26320,26440,2632002,2644001,1,3995.0,0.0,48853.0,50489.0,0.0,94256.0,76215.0,0,0,131563.0,0,0.0,0.0,499.0,3,0.0,0.0,0.0,0.0,0.0,0.0,0.0,15409.0,4341.0,6583.0,3390.0,1033.0,0,0,0,0.0,0.0,0,0,131408.0,80841.0,0
2,35,220,3,26440,26230,2644001,2623002,3,4025.0,0.0,48602.0,48608.0,0.0,78224.0,72194.0,1,1,89486.0,0,0.0,9.2,596.0,2,5030.0,4459.0,0.0,0.0,0.0,0.0,672.0,16367.0,1746.0,9906.0,2779.0,3067.0,0,0,0,0.0,0.0,0,0,84812.0,55387.0,0
1,25,110,1,26350,26260,2635002,2626003,4,4094.0,0.0,50644.0,41880.0,0.0,92483.0,57928.0,1,0,108939.0,1,0.0,0.0,845.0,1,0.0,0.0,0.0,0.0,0.0,0.0,0.0,13258.0,2661.0,5880.0,4586.0,1350.0,0,0,0,0.0,0.0,0,0,94966.0,52921.0,0
2,35,420,5,26410,26320,2641003,2632002,3,2189.0,0.0,26139.0,22602.0,0.0,223671.0,94925.0,1,1,217035.0,0,0.0,2.5,550.0,3,1661.0,647.0,0.0,0.0,0.0,0.0,121.0,11173.0,2114.0,3754.0,754.0,672.0,0,0,0,0.0,0.0,0,0,240133.0,157922.0,0
1,20,110,1,26260,26260,2626003,2626003,2,3170.0,0.0,35783.0,36275.0,0.0,69757.0,53280.0,0,0,80467.0,1,0.0,0.0,0.0,2,0.0,0.0,0.0,0.0,0.0,0.0,0.0,5164.0,1969.0,2907.0,716.0,1109.0,0,0,0,0.0,0.0,1,0,88204.0,50105.0,0
2,30,110,2,26350,26440,2635002,2644002,2,3366.0,0.0,41539.0,47579.0,0.0,382011.0,179947.0,0,1,471186.0,1,0.0,5.0,1000.0,1,5624.0,2065.0,0.0,0.0,0.0,0.0,174.0,5877.0,1105.0,2022.0,1220.0,1087.0,0,0,0,0.0,0.0,0,0,412495.0,303178.0,0
1,25,910,5,26230,26440,2623002,2644002,2,3293.0,26633.0,36061.0,36082.0,0.0,67434.0,30849.0,0,1,86576.0,0,0.0,0.0,732.0,0,0.0,0.0,0.0,0.0,0.0,0.0,0.0,3736.0,4891.0,1951.0,463.0,1508.0,0,0,0,0.0,0.0,0,0,90591.0,63886.0,0
1,50,910,3,26230,26350,2623002,2635001,1,2570.0,19672.0,29985.0,32337.0,3316.0,114009.0,87087.0,0,0,117901.0,0,0.0,0.0,659.0,3,0.0,0.0,0.0,0.0,0.0,0.0,0.0,11626.0,2632.0,7379.0,3801.0,2346.0,0,0,0,0.0,0.0,0,0,130110.0,65442.0,1
1,30,110,1,26140,26440,2614003,2644001,1,3631.0,0.0,43686.0,33900.0,0.0,139069.0,63492.0,0,1,126715.0,0,0.0,8.5,0.0,0,4706.0,3735.0,0.0,0.0,0.0,0.0,483.0,5747.0,4254.0,3066.0,1194.0,3313.0,4,0,43,1119.0,326.0,1,0,109228.0,65851.0,0
2,35,220,3,26410,26410,2641003,2641001,4,2800.0,0.0,34285.0,29969.0,4007.0,82863.0,39014.0,0,1,71651.0,1,0.0,0.0,751.0,0,0.0,0.0,0.0,0.0,0.0,0.0,0.0,10669.0,1142.0,5337.0,3383.0,2562.0,0,0,0,0.0,0.0,0,0,69300.0,41838.0,2
1,30,910,1,26440,26260,2644001,2626002,4,2883.0,24662.0,35556.0,38854.0,-4548.0,226255.0,145141.0,0,1,193987.0,0,0.0,10.4,564.0,3,3469.0,2425.0,0.0,0.0,1807.0,1278.0,639.0,15124.0,4920.0,5919.0,2256.0,1716.0,0,0,0,0.0,0.0,0,0,179095.0,113944.0,1
2,25,110,2,26710,26320,2671001,2632001,4,1800.0,0.0,19206.0,21994.0,2240.0,136917.0,88829.0,0,0,143609.0,1,0.0,0.0,424.0,2,0.0,0.0,0.0,0.0,0.0,0.0,0.0,2275.0,2537.0,831.0,227.0,1513.0,0,0,0,0.0,0.0,0,0,142537.0,99917.0,1
1,25,110,5,26410,26230,2641001,2623003,3,3219.0,26006.0,38474.0,42129.0,-6601.0,87296.0,78788.0,1,1,79606.0,0,41.0,102.2,727.0,2,12329.0,6515.0,41007.0,32805.0,0.0,0.0,4583.0,5428.0,2723.0,1669.0,1763.0,1126.0,0,0,0,0.0,0.0,0,1,71340.0,51187.0,1
2,55,220,2,26260,26230,2626001,2623001,4,2631.0,23419.0,28699.0,30332.0,0.0,224753.0,124035.0,0,0,208537.0,1,0.0,23.3,747.0,0,8627.0,6674.0,0.0,0.0,0.0,0.0,923.0,11619.0,1314.0,7207.0,2249.0,457.0,0,0,0,0.0,0.0,0,0,179380.0,115633.0,0
1,45,220,5,26410,26440,2641001,2644002,2,3102.0,27917.0,37405.0,37219.0,6082.0,53675.0,33306.0,0,0,43159.0,0,0.0,0.0,611.0,3,0.0,0.0,0.0,0.0,0.0,0.0,0.0,7374.0,4611.0,2302.0,2123.0,2710.0,0,0,0,0.0,0.0,0,0,36957.0,24920.0,1
1,25,420,3,26440,26410,2644001,2641003,2,2953.0,0.0,35145.0,29356.0,0.0,70313.0,55487.0,1,0,60935.0,0,0.0,6.0,864.0,3,5410.0,2104.0,0.0,0.0,0.0,0.0,323.0,8710.0,3326.0,5605.0,1260.0,2302.0,0,0,0,0.0,0.0,0,0,69138.0,39498.0,0
1,40,420,4,26710,26410,2671001,2641001,1,2918.0,0.0,31697.0,35815.0,0.0,138350.0,118270.0,0,0,130106.0,0,0.0,6.8,838.0,3,3739.0,2153.0,0.0,0.0,0.0,0.0,300.0,9607.0,4060.0,4407.0,796.0,987.0,2,0,30,1540.0,2347.0,0,1,113208.0,59059.0,0
1,30,910,4,26320,26440,2632002,2644001,1,2770.0,0.0,33699.0,24536.0,0.0,159672.0,94528.0,0,0,212708.0,1,0.0,0.0,751.0,0,0.0,0.0,0.0,0.0,0.0,0.0,0.0,11821.0,2785.0,7850.0,2838.0,648.0,0,0,0,0.0,0.0,0,0,194719.0,97689.0,0
1,18,910,3,26320,26260,2632001,2626002,3,3311.0,0.0,37823.0,42569.0,0.0,119799.0,89501.0,0,1,131683.0,0,0.0,0.0,614.0,2,0.0,0.0,0.0,0.0,0.0,0.0,0.0,6218.0,5139.0,2254.0,802.0,1119.0,0,0,0,0.0,0.0,0,0,136662.0,69114.0,0
1,30,910,1,26440,26110,2644002,2611001,1,2671.0,0.0,30951.0,37808.0,0.0,91463.0,67985.0,0,0,88503.0,1,0.0,10.7,378.0,4,4233.0,3318.0,0.0,0.0,0.0,0.0,394.0,12560.0,3501.0,7838.0,4082.0,1071.0,0,0,0,0.0,0.0,0,0,92181.0,62876.0,0
2,25,110,5,26410,26350,2641002,2635001,4,1854.0,20717.0,23069.0,17977.0,0.0,84892.0,48114.0,1,1,58322.0,0,70.0,177.8,627.0,0,0.0,0.0,79313.0,41010.0,0.0,0.0,6098.0,8557.0,1518.0,5530.0,1182.0,1541.0,4,2,40,517.0,633.0,0,0,51251.0,28284.0,0
1,25,220,3,26440,26260,2644001,2626002,4,3170.0,0.0,37448.0,30490.0,0.0,194627.0,90549.0,0,1,223574.0,2,0.0,0.0,0.0,2,0.0,0.0,0.0,0.0,0.0,0.0,0.0,4932.0,4424.0,2304.0,670.0,1167.0,0,0,0,0.0,0.0,1,0,226625.0,153428.0,0
1,40,910,4,26260,26260,2626003,2626001,2,2274.0,22198.0,26554.0,26484.0,196.0,114032.0,88419.0,0,1,144707.0,2,0.0,0.0,344.0,1,0.0,0.0,0.0,0.0,0.0,0.0,0.0,3661.0,1641.0,2537.0,1011.0,1022.0,0,0,0,0.0,0.0,0,0,142909.0,74743.0,1
1,25,110,3,26440,26320,2644002,2632001,3,1939.0,0.0,20425.0,18787.0,0.0,58493.0,32021.0,0,1,52087.0,0,0.0,0.0,734.0,2,0.0,0.0,0.0,0.0,0.0,0.0,0.0,7098.0,1549.0,2730.0,1158.0,301.0,0,0,0,0.0,0.0,0,0,47770.0,33582.0,0
2,50,420,4,26410,26320,2641003,2632002,1,2136.0,19611.0,23279.0,21338.0,0.0,56504.0,32493.0,1,1,39503.0,0,82.0,138.7,802.0,0,0.0,0.0,36131.0,32297.0,0.0,0.0,4023.0,6179.0,1675.0,2129.0,574.0,1363.0,0,0,0,0.0,0.0,0,0,43122.0,28304.0,0
1,35,910,2,26260,26350,2626003,2635002,2,2984.0,0.0,31491.0,29977.0,0.0,244771.0,174961.0,0,1,247924.0,1,0.0,0.0,396.0,2,0.0,0.0,0.0,0.0,0.0,0.0,0.0,8137.0,2342.0,5603.0,991.0,1579.0,0,0,0,0.0,0.0,0,0,282556.0,168059.0,0
2,45,420,5,26140,26380,2614002,2638001,1,2737.0,0.0,30563.0,36579.0,-520.0,64135.0,31326.0,0,0,47379.0,0,0.0,13.4,617.0,1,8833.0,4098.0,0.0,0.0,0.0,0.0,438.0,5383.0,3494.0,2167.0,1340.0,361.0,0,0,0,0.0,0.0,0,0,44457.0,31374.0,2
1,35,910,2,26320,26350,2632002,2635002,1,1414.0,16235.0,15821.0,24055.0,-2239.0,116266.0,61949.0,0,0,167343.0,0,0.0,0.0,0.0,2,0.0,0.0,0.0,0.0,0.0,0.0,0.0,5527.0,822.0,1721.0,481.0,358.0,0,0,0,0.0,0.0,1,0,152581.0,102796.0,1
2,50,910,4,26440,26230,2644001,2623002,1,2551.0,0.0,29491.0,32648.0,0.0,222025.0,143282.0,1,1,226803.0,0,0.0,0.0,612.0,1,0.0,0.0,0.0,0.0,0.0,0.0,0.0,4127.0,1829.0,1887.0,1069.0,733.0,0,0,0,0.0,0.0,0,0,217558.0,154173.0,0
1,30,110,3,26440,26350,2644002,2635001,4,3560.0,0.0,0.0,39160.0,0.0,136662.0,120695.0,1,1,138117.0,1,0.0,0.0,0.0,0,0.0,0.0,0.0,0.0,0.0,0.0,0.0,0.0,0.0,0.0,0.0,0.0,0,0,0,0.0,0.0,1,0,153985.0,104325.0,0
1,35,910,3,26440,26230,2644002,2623001,3,2507.0,0.0,27223.0,20808.0,-1651.0,62656.0,51675.0,0,1,70307.0,0,0.0,5.0,0.0,0,0.0,0.0,0.0,0.0,1729.0,1352.0,162.0,9603.0,1524.0,6110.0,874.0,46.0,0,0,0,0.0,0.0,1,0,75915.0,38900.0,1
2,30,910,1,26320,26260,2632001,2626002,4,2692.0,23919.0,31505.0,31800.0,0.0,53669.0,30842.0,0,1,79175.0,2,0.0,27.2,0.0,2,10223.0,8555.0,0.0,0.0,0.0,0.0,1258.0,13964.0,1175.0,4727.0,1864.0,1470.0,0,0,0,0.0,0.0,1,0,85143.0,54673.0,0
1,55,420,2,26410,26440,2641002,2644001,4,3478.0,33281.0,42897.0,48400.0,1046.0,303135.0,171616.0,0,0,243324.0,0,0.0,0.0,397.0,4,0.0,0.0,0.0,0.0,0.0,0.0,0.0,7478.0,4780.0,3320.0,1138.0,881.0,0,0,0,0.0,0.0,0,0,272734.0,173414.0,1
1,25,420,1,26260,26230,2626002,2623002,4,3317.0,30090.0,0.0,36487.0,0.0,52855.0,-99999999.0,1,1,61237.0,0,0.0,180000.0,471.0,1,0.0,0.0,0.0,0.0,2035.0,1800.0,287.0,0.0,0.0,0.0,0.0,0.0,0,0,0,0.0,0.0,0,0,56320.0,39733.0,2
2,35,220,3,26410,26320,2641001,2632001,4,3464.0,0.0,40938.0,37357.0,0.0,70830.0,53786.0,0,1,57559.0,0,0.0,0.0,713.0,1,0.0,0.0,0.0,0.0,0.0,0.0,0.0,5013.0,5855.0,3101.0,1225.0,2693.0,0,0,0,0.0,0.0,0,0,63837.0,34775.0,0
1,40,220,4,26440,26440,2644002,2644001,1,998.0,0.0,10570.0,-1.0,0.0,123439.0,95917.0,0,1,128333.0,2,0.0,46.4,0.0,1,7330.0,4908.0,0.0,0.0,0.0,0.0,859.0,2045.0,1232.0,771.0,694.0,473.0,0,0,0,0.0,0.0,1,0,144400.0,80341.0,0
2,30,420,3,26410,26230,2641001,2623002,4,3927.0,45925.0,45405.0,69752.0,1334.0,86567.0,-99999999.0,1,1,62761.0,1,0.0,0.0,550.0,1,0.0,0.0,0.0,0.0,0.0,0.0,0.0,6074.0,4285.0,2043.0,2096.0,1082.0,0,0,0,0.0,0.0,0,0,66457.0,34815.0,1
1,50,420,4,26170,26320,2617001,2632001,3,3214.0,0.0,38514.0,25613.0,0.0,139286.0,63756.0,1,1,203451.0,0,0.0,3.4,719.0,1,2773.0,1308.0,0.0,0.0,0.0,0.0,116.0,15049.0,2105.0,8931.0,2197.0,813.0,0,0,0,0.0,0.0,0,0,197763.0,121202.0,0
1,30,910,2,26410,26320,2641001,2632001,1,4400.0,0.0,46500.0,38754.0,9226.0,40918.0,22994.0,0,0,30905.0,1,0.0,0.0,693.0,1,0.0,0.0,0.0,0.0,0.0,0.0,0.0,11454.0,2137.0,3534.0,1283.0,219.0,1,1,29,1203.0,202.0,0,0,34687.0,17388.0,3
1,25,110,2,26320,26410,2632002,2641002,1,2291.0,0.0,25584.0,25576.0,0.0,87008.0,75097.0,0,0,101428.0,0,0.0,0.0,350.0,1,0.0,0.0,0.0,0.0,0.0,0.0,0.0,10541.0,2252.0,5336.0,1316.0,781.0,0,0,0,0.0,0.0,0,0,87302.0,57167.0,0
1,35,910,3,26410,26410,2641001,2641003,4,1654.0,16311.0,20271.0,21980.0,1513.0,148244.0,133548.0,1,1,119216.0,0,18.0,106.3,717.0,1,0.0,0.0,30896.0,21555.0,0.0,0.0,2278.0,2312.0,1619.0,1347.0,539.0,240.0,0,0,0,0.0,0.0,0,0,111486.0,59971.0,1
1,30,420,2,26440,26320,2644002,2632002,4,2805.0,0.0,30717.0,26073.0,0.0,148545.0,75025.0,0,0,159942.0,0,0.0,0.0,0.0,2,0.0,0.0,0.0,0.0,0.0,0.0,0.0,10580.0,2232.0,5997.0,1381.0,1545.0,0,0,0,0.0,0.0,1,0,140551.0,75589.0,0
2,18,910,5,26260,26440,2626003,2644001,2,2621.0,0.0,31310.0,28353.0,0.0,70019.0,55512.0,0,0,75045.0,1,0.0,0.0,634.0,1,0.0,0.0,0.0,0.0,0.0,0.0,0.0,8768.0,2423.0,4419.0,2583.0,2159.0,0,0,0,0.0,0.0,0,0,72425.0,38005.0,0
2,20,420,5,26440,26350,2644001,2635002,1,3225.0,26535.0,37811.0,36224.0,4665.0,53475.0,47099.0,0,1,62532.0,0,0.0,2.7,619.0,2,1142.0,1008.0,0.0,0.0,0.0,0.0,132.0,12959.0,1799.0,7938.0,2447.0,235.0,0,0,0,0.0,0.0,0,0,67054.0,41193.0,1
1,25,420,3,26350,26320,2635002,2632002,2,3499.0,34975.0,37885.0,34480.0,0.0,112221.0,99136.0,0,0,120870.0,1,0.0,0.0,896.0,3,0.0,0.0,0.0,0.0,0.0,0.0,0.0,16608.0,2830.0,8903.0,885.0,2711.0,0,0,0,0.0,0.0,0,0,117303.0,64974.0,0
2,40,420,4,26320,26260,2632001,2626003,1,2743.0,24419.0,32871.0,32446.0,0.0,44915.0,29300.0,0,0,69267.0,0,0.0,3.4,558.0,1,0.0,0.0,0.0,0.0,1783.0,1110.0,179.0,14478.0,825.0,9112.0,4140.0,1062.0,0,0,0,0.0,0.0,0,0,70483.0,35869.0,0
2,50,110,1,26320,26440,2632002,2644001,3,2644.0,0.0,30576.0,28044.0,0.0,213323.0,115691.0,1,0,251362.0,2,0.0,0.0,0.0,2,0.0,0.0,0.0,0.0,0.0,0.0,0.0,11948.0,2839.0,6360.0,2112.0,69.0,0,0,0,0.0,0.0,1,0,244821.0,135947.0,0
2,35,910,1,26410,26260,2641001,2626002,2,3140.0,0.0,33674.0,29566.0,-2160.0,108493.0,100460.0,1,1,84201.0,2,0.0,11.3,693.0,1,5667.0,3814.0,0.0,0.0,0.0,0.0,639.0,5850.0,3111.0,2767.0,2035.0,225.0,0,0,0,0.0,0.0,0,0,72405.0,49341.0,1
1,20,420,2,26260,26350,2626001,2635001,1,2633.0,0.0,32646.0,30186.0,0.0,64985.0,35880.0,1,0,63544.0,0,26.0,57.1,656.0,1,3477.0,2113.0,21786.0,16539.0,0.0,0.0,3082.0,11941.0,3483.0,6437.0,3328.0,1.0,1,0,31,851.0,2030.0,0,0,55226.0,27688.0,0
2,35,910,2,26320,26230,2632002,2623002,4,2579.0,27664.0,29617.0,27586.0,0.0,52433.0,28260.0,0,0,62904.0,1,0.0,23.4,615.0,1,9552.0,6920.0,0.0,0.0,0.0,0.0,735.0,12885.0,3341.0,6056.0,2808.0,1403.0,0,0,0,0.0,0.0,0,0,54316.0,30585.0,0
1,50,910,2,26260,26260,2626003,2626001,4,3474.0,0.0,41654.0,33621.0,0.0,67519.0,34646.0,0,0,65831.0,1,0.0,0.0,662.0,2,0.0,0.0,0.0,0.0,0.0,0.0,0.0,9214.0,4483.0,3537.0,797.0,900.0,3,3,32,651.0,328.0,0,0,71947.0,40057.0,0
2,40,110,3,26260,26410,2626003,2641003,4,3619.0,35636.0,39575.0,50067.0,0.0,38671.0,26795.0,1,1,45030.0,2,0.0,0.0,854.0,1,0.0,0.0,0.0,0.0,0.0,0.0,0.0,8796.0,4927.0,4297.0,1815.0,1483.0,0,0,0,0.0,0.0,0,0,39401.0,-99999999.0,0
2,25,220,4,26320,26170,2632002,2617001,4,3505.0,0.0,37764.0,41484.0,-3141.0,132836.0,60965.0,0,1,156975.0,0,0.0,0.0,755.0,1,0.0,0.0,0.0,0.0,0.0,0.0,0.0,10093.0,1409.0,6855.0,2363.0,2203.0,0,0,0,0.0,0.0,0,0,149077.0,82757.0,1
1,20,420,3,26530,26260,2653002,2626002,1,2691.0,27808.0,32245.0,31185.0,0.0,60979.0,43532.0,0,0,67398.0,0,0.0,17.7,640.0,0,5105.0,3326.0,0.0,0.0,2658.0,2369.0,1078.0,11069.0,4360.0,5924.0,3393.0,1082.0,0,0,0,0.0,0.0,0,0,68539.0,40319.0,0
1,55,220,3,26320,26170,2632001,2617001,4,1409.0,0.0,16693.0,18134.0,0.0,125468.0,115309.0,0,0,152250.0,0,0.0,0.0,538.0,1,0.0,0.0,0.0,0.0,0.0,0.0,0.0,3117.0,1177.0,1843.0,915.0,263.0,0,0,0,0.0,0.0,0,0,153870.0,106473.0,0
1,50,110,1,26440,26440,2644001,2644002,4,2704.0,0.0,29874.0,-1.0,2245.0,136288.0,92367.0,1,0,144373.0,1,11.0,50.9,555.0,0,0.0,0.0,24994.0,15191.0,0.0,0.0,2518.0,4641.0,3187.0,2612.0,1535.0,2003.0,0,0,0,0.0,0.0,0,0,149368.0,98507.0,2
2,20,110,2,26320,26170,2632002,2617001,4,2307.0,0.0,27667.0,22619.0,0.0,176239.0,164068.0,0,1,227643.0,0,0.0,33.4,774.0,3,12017.0,9249.0,0.0,0.0,0.0,0.0,1035.0,5541.0,987.0,2685.0,1456.0,457.0,0,0,0,0.0,0.0,0,0,229396.0,-99999999.0,0
2,45,910,5,26440,26380,2644001,2638003,2,2716.0,0.0,31261.0,31024.0,0.0,114819.0,103123.0,0,1,99939.0,0,0.0,0.0,443.0,1,0.0,0.0,0.0,0.0,0.0,0.0,0.0,10190.0,1537.0,4717.0,1976.0,1813.0,0,0,0,0.0,0.0,0,0,99736.0,67729.0,0
1,20,420,5,26410,26440,2641002,2644002,2,2364.0,19699.0,26470.0,35031.0,1574.0,193908.0,162062.0,1,0,135427.0,1,0.0,0.0,0.0,2,0.0,0.0,0.0,0.0,0.0,0.0,0.0,3037.0,3732.0,1152.0,527.0,1456.0,1,0,34,1976.0,755.0,1,0,142343.0,83038.0,2
1,20,420,1,26320,26410,2632001,2641002,4,2787.0,0.0,33650.0,34816.0,-1263.0,226764.0,166543.0,1,0,325789.0,1,10.0,99.9,646.0,1,2879.0,1142.0,35403.0,32480.0,0.0,0.0,4993.0,14289.0,1275.0,4375.0,2757.0,2157.0,3,0,37,1535.0,271.0,0,0,305452.0,188881.0,1
1,40,220,1,26260,26500,2626002,2650001,1,2124.0,0.0,24922.0,23993.0,0.0,115258.0,101931.0,1,1,137913.0,0,14.0,75.9,471.0,1,0.0,0.0,24690.0,18921.0,0.0,0.0,2710.0,7356.0,2006.0,4747.0,1035.0,888.0,0,0,0,0.0,0.0,0,0,136103.0,88475.0,0
1,35,910,5,26440,26110,2644001,2611002,3,1968.0,0.0,22661.0,21875.0,0.0,119505.0,84280.0,0,0,117219.0,0,0.0,18.6,674.0,2,5135.0,4226.0,0.0,0.0,0.0,0.0,780.0,3108.0,732.0,1278.0,287.0,1684.0,0,0,0,0.0,0.0,0,0,114825.0,73405.0,0
2,30,910,1,26260,26500,2626001,2650002,4,3595.0,0.0,43306.0,38895.0,-6103.0,70652.0,36312.0,1,1,79492.0,0,32.0,70.3,546.0,3,8305.0,4741.0,37778.0,25693.0,0.0,0.0,4823.0,15291.0,1391.0,8207.0,1940.0,419.0,0,0,0,0.0,0.0,0,0,76026.0,45179.0,1
1,55,910,3,26530,26350,2653001,2635001,4,2170.0,17262.0,0.0,23870.0,0.0,54580.0,49605.0,1,1,64339.0,0,38.0,2434600.0,596.0,0,0.0,0.0,35899.0,24346.0,0.0,0.0,2658.0,0.0,0.0,0.0,0.0,0.0,2,0,36,1558.0,1036.0,0,0,73928.0,41842.0,0
1,45,420,5,26350,26440,2635002,2644002,3,2800.0,0.0,34656.0,34341.0,0.0,213042.0,144060.0,0,1,245937.0,0,0.0,2.9,0.0,0,2905.0,999.0,0.0,0.0,0.0,0.0,155.0,12764.0,3570.0,4386.0,941.0,1959.0,0,0,0,0.0,0.0,1,0,275669.0,183023.0,0
2,20,420,4,26410,26410,2641002,2641001,4,3420.0,0.0,41506.0,48771.0,0.0,141981.0,127678.0,0,1,127671.0,0,0.0,0.0,619.0,1,0.0,0.0,0.0,0.0,0.0,0.0,0.0,16938.0,4262.0,5322.0,2835.0,2871.0,1,0,23,704.0,737.0,0,0,134384.0,80519.0,0
1,35,910,3,26320,26320,2632001,2632001,4,3394.0,40130.0,38068.0,39497.0,387.0,149059.0,91855.0,0,0,217183.0,0,0.0,0.0,374.0,2,0.0,0.0,0.0,0.0,0.0,0.0,0.0,10518.0,2101.0,7117.0,1082.0,1976.0,0,0,0,0.0,0.0,0,0,232801.0,150171.0,1
2,40,910,2,26350,26320,2635002,2632001,4,3317.0,27526.0,37913.0,40480.0,-5412.0,69257.0,40491.0,0,1,75717.0,2,0.0,16.0,572.0,2,7877.0,6084.0,0.0,0.0,0.0,0.0,679.0,6241.0,1508.0,2776.0,1601.0,2007.0,3,0,26,3255.0,1339.0,0,0,84180.0,50777.0,1
2,35,110,4,26440,26230,2644001,2623002,1,2997.0,34244.0,37207.0,37688.0,0.0,261543.0,214804.0,0,0,277101.0,0,0.0,5.4,542.0,2,6006.0,2021.0,0.0,0.0,0.0,0.0,382.0,9873.0,3713.0,4203.0,1485.0,2864.0,3,0,45,1162.0,926.0,0,0,265353.0,185197.0,0
1,70,110,4,26290,26350,2629001,2635001,1,3271.0,0.0,40202.0,35462.0,-6571.0,86063.0,64456.0,0,1,132670.0,0,0.0,0.0,585.0,1,0.0,0.0,0.0,0.0,0.0,0.0,0.0,12057.0,2107.0,4027.0,2498.0,1323.0,0,0,0,0.0,0.0,0,0,133853.0,98367.0,2
2,40,910,5,26230,26260,2623001,2626001,2,3693.0,0.0,40189.0,36850.0,0.0,61016.0,39163.0,0,0,76998.0,0,0.0,4.3,0.0,2,3377.0,1709.0,0.0,0.0,0.0,0.0,166.0,9079.0,2220.0,2734.0,2731.0,1716.0,3,1,37,2914.0,862.0,1,0,73620.0,54178.0,0
2,20,110,3,26350,26320,2635001,2632001,2,3076.0,22339.0,33986.0,29461.0,0.0,69968.0,61797.0,0,1,86838.0,1,0.0,6.8,654.0,3,5395.0,2305.0,0.0,0.0,0.0,0.0,347.0,12550.0,2537.0,7399.0,2616.0,1833.0,0,0,0,0.0,0.0,0,0,97049.0,49401.0,0
2,25,420,5,26320,26440,2632002,2644001,2,1606.0,0.0,18034.0,18546.0,906.0,253398.0,173354.0,0,1,366620.0,0,0.0,25.7,765.0,3,5209.0,4639.0,0.0,0.0,0.0,0.0,543.0,3517.0,888.0,2302.0,491.0,388.0,0,0,0,0.0,0.0,0,0,378469.0,234056.0,1
1,45,110,4,26320,26320,2632001,2632001,1,2456.0,0.0,30110.0,23968.0,-918.0,50684.0,20630.0,0,0,59021.0,0,0.0,0.0,0.0,1,0.0,0.0,0.0,0.0,0.0,0.0,0.0,11878.0,4280.0,4773.0,2721.0,933.0,0,0,0,0.0,0.0,1,0,60106.0,35525.0,1
1,75,110,1,26290,26410,2629001,2641002,3,3253.0,0.0,40190.0,35537.0,0.0,62902.0,49143.0,0,0,91142.0,0,0.0,10.8,819.0,1,7491.0,4355.0,0.0,0.0,0.0,0.0,488.0,10173.0,3824.0,4872.0,3483.0,2212.0,0,0,0,0.0,0.0,0,0,89814.0,-99999999.0,0
1,20,420,2,26440,26350,2644001,2635001,1,2392.0,0.0,28954.0,27659.0,0.0,561915.0,244285.0,0,0,511215.0,0,0.0,0.0,585.0,0,0.0,0.0,0.0,0.0,0.0,0.0,0.0,8839.0,837.0,4846.0,1950.0,913.0,0,0,0,0.0,0.0,0,0,522331.0,370669.0,0
1,20,420,4,26350,26350,2635001,2635002,4,3853.0,0.0,42581.0,38002.0,2656.0,173620.0,115389.0,0,1,197624.0,0,0.0,12.5,692.0,0,8977.0,5340.0,0.0,0.0,0.0,0.0,689.0,5093.0,3523.0,1868.0,781.0,3095.0,0,0,0,0.0,0.0,0,0,185174.0,123501.0,1
1,40,420,1,26230,26230,2623003,2623002,3,2759.0,29092.0,33864.0,36466.0,3881.0,63587.0,32152.0,0,1,72876.0,1,0.0,6.1,697.0,2,6127.0,2073.0,0.0,0.0,0.0,0.0,306.0,5877.0,3147.0,2634.0,1652.0,1541.0,0,0,0,0.0,0.0,0,0,73196.0,47016.0,1
2,20,420,4,26350,26470,2635001,2647003,4,2855.0,21196.0,30165.0,42266.0,-1912.0,51592.0,27503.0,0,1,63520.0,0,0.0,0.0,800.0,3,0.0,0.0,0.0,0.0,0.0,0.0,0.0,7647.0,2010.0,3791.0,1804.0,1676.0,0,0,0,0.0,0.0,0,0,57919.0,42281.0,2
2,20,910,2,26440,26320,2644002,2632002,1,3531.0,0.0,40061.0,42664.0,-119.0,36184.0,33973.0,1,1,36907.0,1,99.0,103.5,555.0,3,5379.0,4782.0,50674.0,36678.0,0.0,0.0,5467.0,14367.0,5353.0,8014.0,4887.0,519.0,0,0,0,0.0,0.0,0,0,34046.0,22497.0,1
1,50,420,2,26440,26230,2644002,2623003,2,2681.0,0.0,30175.0,26420.0,0.0,104639.0,48386.0,0,1,107117.0,0,0.0,0.0,753.0,2,0.0,0.0,0.0,0.0,0.0,0.0,0.0,13276.0,2647.0,9198.0,1291.0,2342.0,0,0,0,0.0,0.0,0,0,96859.0,70716.0,0
1,45,110,3,26260,26260,2626003,2626002,4,2915.0,0.0,33728.0,32368.0,550.0,152789.0,124789.0,1,0,178419.0,1,0.0,0.0,539.0,0,0.0,0.0,0.0,0.0,0.0,0.0,0.0,4229.0,1722.0,2109.0,1465.0,2683.0,0,0,0,0.0,0.0,0,0,162147.0,108243.0,1
1,50,420,5,26230,26260,2623002,2626002,2,3384.0,28027.0,39326.0,38957.0,0.0,245556.0,184313.0,0,0,261524.0,2,0.0,2.9,576.0,1,0.0,0.0,0.0,0.0,2668.0,1160.0,131.0,16829.0,3553.0,6780.0,4367.0,2108.0,0,0,0,0.0,0.0,0,1,259737.0,134940.0,0
1,35,420,5,26230,26350,2623003,2635002,3,1843.0,16268.0,20182.0,22354.0,0.0,31685.0,16073.0,1,1,33120.0,0,119.0,194.5,603.0,1,0.0,0.0,44243.0,39248.0,0.0,0.0,5699.0,4194.0,2300.0,2354.0,982.0,339.0,0,0,0,0.0,0.0,0,0,28735.0,14495.0,0
2,25,420,3,26320,26290,2632002,2629001,1,2615.0,0.0,28527.0,38727.0,-1196.0,44568.0,40755.0,1,0,52980.0,1,0.0,0.0,709.0,0,0.0,0.0,0.0,0.0,0.0,0.0,0.0,12664.0,1715.0,4380.0,3524.0,1238.0,0,0,0,0.0,0.0,0,0,50304.0,36166.0,1
1,55,420,1,26320,26320,2632002,2632002,4,3339.0,32224.0,40426.0,32504.0,1186.0,91883.0,46932.0,1,0,134227.0,0,11.0,54.3,0.0,0,8601.0,7070.0,20692.0,14863.0,0.0,0.0,1852.0,4675.0,5394.0,1413.0,446.0,320.0,0,0,0,0.0,0.0,1,0,133388.0,84552.0,1
1,25,220,5,26230,26260,2623001,2626001,2,2843.0,0.0,30285.0,30321.0,0.0,525761.0,359395.0,0,1,520969.0,1,0.0,10.9,527.0,2,6490.0,3316.0,0.0,0.0,0.0,0.0,437.0,8423.0,830.0,3794.0,1069.0,135.0,0,0,0,0.0,0.0,0,0,466191.0,271727.0,0
2,25,420,5,26230,26410,2623001,2641001,4,3754.0,0.0,43121.0,44659.0,2184.0,167970.0,140219.0,0,0,181956.0,0,0.0,0.0,0.0,0,0.0,0.0,0.0,0.0,0.0,0.0,0.0,16047.0,2531.0,5261.0,1375.0,1045.0,0,0,0,0.0,0.0,1,1,174067.0,113162.0,1
1,50,420,4,26260,26230,2626001,2623001,2,1776.0,16428.0,19329.0,20801.0,-207.0,123461.0,101234.0,0,0,126533.0,2,0.0,0.0,656.0,2,0.0,0.0,0.0,0.0,0.0,0.0,0.0,4304.0,2717.0,2113.0,851.0,345.0,0,0,0,0.0,0.0,0,0,128269.0,78143.0,1
1,40,420,4,26350,26410,2635002,2641001,1,1701.0,18630.0,18948.0,15554.0,-1099.0,47337.0,27259.0,0,1,56775.0,0,0.0,0.0,528.0,0,0.0,0.0,0.0,0.0,0.0,0.0,0.0,8353.0,1038.0,3598.0,1703.0,1452.0,0,0,0,0.0,0.0,0,0,63685.0,36546.0,2
1,55,910,3,26230,26260,2623002,2626001,3,3300.0,28528.0,36480.0,31389.0,698.0,27667.0,23838.0,0,1,37073.0,0,0.0,0.0,684.0,1,0.0,0.0,0.0,0.0,0.0,0.0,0.0,15455.0,1089.0,10164.0,4956.0,2183.0,0,0,0,0.0,0.0,0,0,35100.0,20626.0,1
2,25,910,1,26440,26320,2644001,2632002,2,3363.0,0.0,40077.0,45289.0,0.0,101044.0,93885.0,0,1,114356.0,0,0.0,4.2,603.0,1,3266.0,1688.0,0.0,0.0,0.0,0.0,326.0,8653.0,1036.0,3213.0,1581.0,2289.0,0,0,0,0.0,0.0,0,0,97377.0,63871.0,0
1,60,110,1,26230,26170,2623002,2617001,2,2674.0,30714.0,30516.0,25331.0,0.0,93002.0,61447.0,0,1,92473.0,0,0.0,9.0,736.0,2,0.0,0.0,0.0,0.0,3243.0,2748.0,375.0,3095.0,3600.0,1787.0,822.0,1859.0,0,0,0,0.0,0.0,0,0,97311.0,64187.0,0
2,35,910,1,26350,26260,2635001,2626003,4,3060.0,0.0,33963.0,33685.0,-970.0,84062.0,63784.0,0,0,98988.0,1,0.0,0.0,658.0,3,0.0,0.0,0.0,0.0,0.0,0.0,0.0,5481.0,2164.0,3029.0,938.0,977.0,0,0,0,0.0,0.0,0,0,112616.0,82575.0,1
2,35,910,5,26260,26320,2626003,2632001,2,3284.0,33416.0,39942.0,42563.0,0.0,78570.0,47180.0,0,1,72789.0,1,0.0,0.0,878.0,0,0.0,0.0,0.0,0.0,0.0,0.0,0.0,4449.0,4770.0,3106.0,1287.0,3175.0,0,0,0,0.0,0.0,0,0,83456.0,58336.0,0
1,55,910,1,26350,26530,2635002,2653003,2,2271.0,26685.0,24235.0,24580.0,0.0,63006.0,37473.0,0,1,80900.0,0,0.0,0.0,666.0,3,0.0,0.0,0.0,0.0,0.0,0.0,0.0,8189.0,2537.0,4320.0,696.0,1126.0,0,0,0,0.0,0.0,0,0,80001.0,54948.0,0
2,30,110,3,26350,26260,2635002,2626002,3,2341.0,22808.0,28169.0,30870.0,0.0,54908.0,36148.0,1,0,60823.0,1,32.0,82.6,492.0,4,5967.0,4028.0,33180.0,19237.0,0.0,0.0,3978.0,4207.0,3312.0,2621.0,341.0,472.0,3,1,34,774.0,451.0,0,0,54911.0,38341.0,0
2,40,910,2,26320,26440,2632001,2644001,1,2923.0,34752.0,32143.0,38640.0,1227.0,227227.0,115527.0,0,0,270080.0,0,0.0,0.0,622.0,2,0.0,0.0,0.0,0.0,0.0,0.0,0.0,8611.0,4476.0,3793.0,1263.0,1732.0,0,0,0,0.0,0.0,0,0,284160.0,143289.0,1
1,35,420,1,26320,26320,2632001,2632001,4,3388.0,29436.0,41794.0,36456.0,306.0,57993.0,45186.0,1,0,76459.0,1,88.0,160.3,653.0,3,0.0,0.0,76057.0,66997.0,0.0,0.0,11490.0,6921.0,5262.0,2276.0,2413.0,1848.0,0,0,0,0.0,0.0,0,0,83509.0,62225.0,1
2,45,110,5,26320,26230,2632001,2623002,1,2042.0,0.0,21464.0,21531.0,0.0,83643.0,41074.0,0,0,108301.0,0,0.0,0.0,532.0,0,0.0,0.0,0.0,0.0,0.0,0.0,0.0,8659.0,852.0,3999.0,1820.0,1046.0,0,0,0,0.0,0.0,0,0,110132.0,81425.0,0
1,55,110,1,26230,26440,2623003,2644002,1,2671.0,23219.0,31019.0,27632.0,0.0,96428.0,38846.0,0,0,129981.0,0,0.0,0.0,847.0,3,0.0,0.0,0.0,0.0,0.0,0.0,0.0,6299.0,4278.0,3584.0,1546.0,662.0,0,0,0,0.0,0.0,0,0,124190.0,69292.0,0
1,40,910,5,26410,26350,2641002,2635001,1,2641.0,0.0,31017.0,28905.0,0.0,150809.0,96776.0,0,0,103948.0,0,0.0,0.0,610.0,4,0.0,0.0,0.0,0.0,0.0,0.0,0.0,10678.0,1974.0,4290.0,848.0,1452.0,2,0,42,2089.0,761.0,0,0,98766.0,70163.0,0
2,20,220,4,26350,26410,2635002,2641002,2,3072.0,0.0,35803.0,32189.0,0.0,59213.0,26174.0,1,1,79967.0,0,15.0,34.3,566.0,2,0.0,0.0,23677.0,12283.0,0.0,0.0,1992.0,10922.0,4461.0,3883.0,1823.0,213.0,0,0,0,0.0,0.0,0,0,78563.0,46731.0,0
1,25,220,4,26230,26260,2623002,2626003,3,2794.0,0.0,33891.0,46869.0,0.0,177520.0,125922.0,0,1,186177.0,1,0.0,7.8,0.0,1,4070.0,2630.0,0.0,0.0,0.0,0.0,230.0,7843.0,2975.0,2682.0,2583.0,2211.0,0,0,0,0.0,0.0,1,0,169646.0,115205.0,0
1,60,420,1,26320,26230,2632001,2623003,3,2445.0,0.0,26221.0,29135.0,0.0,69717.0,47840.0,0,1,80517.0,2,0.0,8.9,0.0,1,4377.0,2325.0,0.0,0.0,0.0,0.0,218.0,9596.0,1122.0,4909.0,2120.0,1269.0,0,0,0,0.0,0.0,1,0,78703.0,44558.0,0
1,65,110,5,26230,26410,2623003,2641002,4,3612.0,37328.0,40928.0,-1.0,-3351.0,89578.0,42594.0,0,1,113136.0,0,0.0,9.9,776.0,2,4629.0,4065.0,0.0,0.0,0.0,0.0,377.0,5732.0,4489.0,2488.0,385.0,2171.0,0,0,0,0.0,0.0,0,0,124108.0,91267.0,1
1,65,910,3,26350,26350,2635001,2635001,4,2449.0,0.0,29945.0,35701.0,0.0,264569.0,141623.0,0,1,309578.0,0,0.0,0.0,0.0,0,0.0,0.0,0.0,0.0,0.0,0.0,0.0,10446.0,3203.0,6326.0,3186.0,1381.0,0,0,0,0.0,0.0,1,0,314709.0,-99999999.0,0
2,20,910,3,26320,26410,2632002,2641001,2,2610.0,30909.0,32044.0,-1.0,0.0,55186.0,22817.0,1,1,83710.0,0,69.0,179.0,667.0,1,0.0,0.0,66314.0,57343.0,0.0,0.0,5755.0,5217.0,4423.0,2898.0,427.0,2531.0,0,0,0,0.0,0.0,0,0,77562.0,54605.0,0
2,30,910,4,26410,26230,2641001,2623002,4,1766.0,0.0,20303.0,24718.0,-114.0,152138.0,110555.0,0,1,128263.0,1,0.0,0.0,727.0,1,0.0,0.0,0.0,0.0,0.0,0.0,0.0,2612.0,1489.0,1763.0,615.0,134.0,0,0,0,0.0,0.0,0,0,135955.0,69968.0,1
1,40,220,2,26170,26380,2617001,2638002,1,2336.0,28029.0,27135.0,26282.0,3351.0,-99999999.0,101201.0,0,0,2.0,0,0.0,0.0,585.0,2,0.0,0.0,0.0,0.0,0.0,0.0,0.0,11906.0,3133.0,8240.0,1137.0,1015.0,0,0,0,0.0,0.0,0,0,2.0,1.0,1
2,40,910,2,26350,26320,2635002,2632001,1,3135.0,0.0,37707.0,29656.0,-4947.0,118888.0,94176.0,0,1,123237.0,1,0.0,0.0,0.0,3,0.0,0.0,0.0,0.0,0.0,0.0,0.0,6041.0,3293.0,1814.0,1883.0,2025.0,0,0,0,0.0,0.0,1,0,111671.0,70584.0,1
1,20,910,2,26350,26440,2635001,2644001,2,3008.0,0.0,36274.0,31647.0,0.0,91994.0,68665.0,0,1,124230.0,1,0.0,5.0,0.0,1,2316.0,1810.0,0.0,0.0,0.0,0.0,268.0,6989.0,3320.0,2754.0,2390.0,1748.0,0,0,0,0.0,0.0,1,0,107460.0,77358.0,0
1,35,420,3,26410,26410,2641001,2641002,3,3190.0,0.0,39161.0,52049.0,0.0,353424.0,213989.0,0,0,310962.0,0,0.0,0.0,585.0,0,0.0,0.0,0.0,0.0,0.0,0.0,0.0,4056.0,2530.0,1609.0,518.0,2262.0,0,0,0,0.0,0.0,0,0,345173.0,191560.0,0
2,25,910,4,26230,26350,2623003,2635002,1,3158.0,25682.0,38489.0,33259.0,0.0,97899.0,40329.0,1,1,117848.0,2,0.0,4.1,385.0,3,0.0,0.0,0.0,0.0,2685.0,1576.0,183.0,12969.0,2577.0,8451.0,3947.0,3018.0,0,0,0,0.0,0.0,0,0,120045.0,63929.0,0
2,30,220,2,26410,26440,2641001,2644001,4,4157.0,0.0,47094.0,36133.0,602.0,111574.0,64277.0,1,1,102399.0,0,43.0,105.9,512.0,2,7320.0,6267.0,58099.0,43610.0,0.0,0.0,8213.0,17235.0,5856.0,6085.0,5547.0,1826.0,0,0,0,0.0,0.0,0,0,87954.0,54053.0,1
1,25,110,2,26350,26260,2635001,2626002,2,2314.0,0.0,27304.0,18836.0,0.0,80667.0,46680.0,1,1,80047.0,1,0.0,10.3,490.0,0,3938.0,2804.0,0.0,0.0,0.0,0.0,399.0,2928.0,2798.0,1367.0,813.0,1742.0,0,0,0,0.0,0.0,0,0,79918.0,58616.0,0
1,20,420,5,26440,26320,2644002,2632001,2,1747.0,0.0,20032.0,18190.0,0.0,108082.0,63010.0,0,0,121845.0,0,0.0,0.0,513.0,3,0.0,0.0,0.0,0.0,0.0,0.0,0.0,5629.0,2188.0,1809.0,1592.0,797.0,0,0,0,0.0,0.0,0,0,113989.0,83919.0,0
2,20,220,3,26440,26440,2644001,2644001,3,2117.0,17560.0,22728.0,27538.0,0.0,176041.0,162731.0,0,0,175154.0,0,0.0,44.5,823.0,1,15625.0,10125.0,0.0,0.0,0.0,0.0,1618.0,9019.0,3206.0,4431.0,2349.0,1346.0,1,0,43,618.0,1024.0,0,0,162604.0,119148.0,0
2,55,110,5,26410,26260,2641001,2626002,2,2343.0,22651.0,28452.0,25979.0,2828.0,83685.0,41048.0,0,1,77110.0,0,0.0,0.0,717.0,1,0.0,0.0,0.0,0.0,0.0,0.0,0.0,10684.0,3120.0,3369.0,758.0,1137.0,0,0,0,0.0,0.0,0,0,86918.0,54524.0,1
1,40,910,2,26440,26440,2644001,2644001,2,2167.0,22446.0,25362.0,19979.0,-3512.0,27858.0,15281.0,0,0,29856.0,1,0.0,0.0,0.0,1,0.0,0.0,0.0,0.0,0.0,0.0,0.0,9672.0,2929.0,5705.0,1516.0,917.0,0,0,0,0.0,0.0,1,0,33947.0,24930.0,2
2,55,420,2,26260,26230,2626001,2623001,4,2861.0,0.0,30372.0,30313.0,0.0,134342.0,115241.0,0,0,146989.0,0,0.0,20.3,716.0,0,9658.0,6174.0,0.0,0.0,0.0,0.0,497.0,3762.0,3659.0,1908.0,535.0,2343.0,0,0,0,0.0,0.0,0,0,157523.0,117418.0,0
2,30,910,2,26230,26230,2623001,2623003,2,3614.0,0.0,42839.0,36106.0,0.0,51689.0,46977.0,0,0,65891.0,1,0.0,0.0,791.0,1,0.0,0.0,0.0,0.0,0.0,0.0,0.0,8527.0,3246.0,5962.0,960.0,2349.0,0,0,0,0.0,0.0,0,0,60914.0,44313.0,0
2,30,420,3,26260,26350,2626003,2635001,1,3801.0,0.0,42063.0,46527.0,0.0,154064.0,101306.0,0,0,185382.0,0,0.0,27.5,654.0,1,16560.0,11555.0,0.0,0.0,0.0,0.0,1311.0,11878.0,3358.0,8249.0,2233.0,2296.0,0,0,0,0.0,0.0,0,0,163084.0,99368.0,0
1,30,420,4,26230,26260,2623001,2626001,3,3128.0,0.0,33277.0,30646.0,1474.0,98637.0,68753.0,0,0,93843.0,0,0.0,0.0,847.0,1,0.0,0.0,0.0,0.0,0.0,0.0,0.0,9277.0,4900.0,5694.0,1189.0,1383.0,0,0,0,0.0,0.0,0,0,81302.0,45744.0,1
2,35,910,3,26320,26440,2632001,2644002,3,4192.0,0.0,49102.0,74786.0,0.0,173836.0,74588.0,0,1,248062.0,1,0.0,11.6,0.0,2,10570.0,5705.0,0.0,0.0,0.0,0.0,462.0,17929.0,4555.0,7478.0,3725.0,268.0,3,1,46,2411.0,468.0,1,0,214450.0,147533.0,0
2,30,220,2,26440,26320,2644001,2632002,1,2568.0,0.0,30725.0,34622.0,-4911.0,55882.0,47188.0,0,1,55768.0,0,0.0,0.0,641.0,0,0.0,0.0,0.0,0.0,0.0,0.0,0.0,12963.0,2116.0,4471.0,2517.0,881.0,0,0,0,0.0,0.0,0,0,63676.0,36019.0,1
2,40,910,5,26410,26230,2641002,2623001,4,1739.0,0.0,20059.0,19492.0,1082.0,71601.0,52055.0,0,1,66781.0,0,0.0,0.0,517.0,2,0.0,0.0,0.0,0.0,0.0,0.0,0.0,7038.0,553.0,2552.0,369.0,80.0,0,0,0,0.0,0.0,0,0,60259.0,35451.0,1
1,45,220,3,26410,26320,2641003,2632001,2,3485.0,0.0,36632.0,37552.0,0.0,80497.0,53406.0,0,1,74353.0,0,0.0,2.2,811.0,0,1950.0,804.0,0.0,0.0,0.0,0.0,157.0,9839.0,1758.0,5667.0,879.0,2169.0,2,0,32,3029.0,1085.0,0,0,79508.0,50429.0,0
1,50,220,2,26230,26440,2623002,2644002,1,1605.0,12723.0,18704.0,22402.0,0.0,-99999999.0,22976.0,0,0,1.0,0,0.0,0.0,705.0,1,0.0,0.0,0.0,0.0,0.0,0.0,0.0,5736.0,2266.0,2029.0,1297.0,1192.0,2,1,37,21536.0,157.0,0,0,1.0,1.0,0
2,25,420,1,26260,26440,2626001,2644001,1,2309.0,0.0,24275.0,25417.0,0.0,192308.0,123861.0,0,1,176957.0,0,0.0,0.0,804.0,0,0.0,0.0,0.0,0.0,0.0,0.0,0.0,2460.0,3410.0,1017.0,846.0,61.0,0,0,0,0.0,0.0,0,0,191010.0,118431.0,0
1,30,420,3,26320,26260,2632001,2626002,3,3138.0,0.0,38763.0,35910.0,-1667.0,37225.0,29945.0,0,1,43913.0,0,0.0,0.0,0.0,2,0.0,0.0,0.0,0.0,0.0,0.0,0.0,9990.0,4729.0,3366.0,2226.0,1547.0,0,0,0,0.0,0.0,1,0,48081.0,24985.0,1
2,25,110,4,26440,26350,2644001,2635002,1,2733.0,0.0,30158.0,29652.0,1189.0,190687.0,84746.0,0,0,206326.0,1,0.0,0.0,572.0,1,0.0,0.0,0.0,0.0,0.0,0.0,0.0,4216.0,3723.0,1352.0,1387.0,2174.0,0,0,0,0.0,0.0,0,0,191664.0,123618.0,2
2,20,110,5,26230,26230,2623001,2623001,2,2676.0,0.0,32760.0,31526.0,-764.0,127343.0,86434.0,0,1,167795.0,1,0.0,0.0,418.0,2,0.0,0.0,0.0,0.0,0.0,0.0,0.0,11664.0,4386.0,5315.0,4055.0,278.0,0,0,0,0.0,0.0,0,0,159643.0,82920.0,1
1,40,910,2,26380,26410,2638003,2641003,3,2032.0,0.0,21385.0,18762.0,0.0,87613.0,36714.0,0,1,105445.0,0,0.0,0.0,697.0,1,0.0,0.0,0.0,0.0,0.0,0.0,0.0,7986.0,1664.0,3721.0,2039.0,611.0,0,0,0,0.0,0.0,0,0,105293.0,58895.0,0
2,35,110,1,26710,26230,2671003,2623002,4,2793.0,0.0,29870.0,30526.0,2764.0,121427.0,100146.0,1,1,144547.0,1,0.0,0.0,594.0,0,0.0,0.0,0.0,0.0,0.0,0.0,0.0,13438.0,1138.0,5064.0,3049.0,284.0,0,0,0,0.0,0.0,0,0,125113.0,66027.0,1
2,40,910,5,26410,26350,2641002,2635002,2,3452.0,0.0,39363.0,-1.0,726.0,119448.0,61642.0,0,1,102311.0,0,0.0,0.0,748.0,1,0.0,0.0,0.0,0.0,0.0,0.0,0.0,10313.0,3957.0,6890.0,2309.0,1570.0,0,0,0,0.0,0.0,0,0,87705.0,56564.0,1
1,20,110,3,26230,26350,2623003,2635001,4,2813.0,0.0,33804.0,38344.0,0.0,77633.0,69626.0,1,1,90338.0,0,0.0,4.0,654.0,1,3961.0,1357.0,0.0,0.0,0.0,0.0,146.0,4410.0,4672.0,2395.0,487.0,1441.0,0,0,0,0.0,0.0,0,0,98887.0,55529.0,0
2,75,110,1,26320,26440,2632001,2644001,2,2260.0,19878.0,27990.0,21217.0,0.0,118053.0,78134.0,1,1,183325.0,0,14.0,101.0,0.0,1,1585.0,990.0,28943.0,25721.0,1920.0,1556.0,5320.0,4159.0,2180.0,1733.0,415.0,877.0,2,0,24,2308.0,641.0,1,0,180905.0,118288.0,0
2,75,420,1,26320,26350,2632001,2635002,4,1989.0,21580.0,22957.0,19179.0,0.0,153079.0,99730.0,1,0,172037.0,0,0.0,0.0,434.0,3,0.0,0.0,0.0,0.0,0.0,0.0,0.0,9589.0,2897.0,6078.0,1338.0,1538.0,0,0,0,0.0,0.0,0,0,171951.0,114430.0,0
1,30,420,3,26230,26230,2623003,2623003,2,2274.0,0.0,25494.0,26105.0,0.0,56005.0,33502.0,0,1,63157.0,0,0.0,18.9,661.0,0,6422.0,4820.0,0.0,0.0,0.0,0.0,445.0,4297.0,3412.0,2239.0,641.0,836.0,3,0,39,1966.0,378.0,0,0,65193.0,40347.0,0
2,50,420,4,26320,26230,2632002,2623001,1,3055.0,0.0,32350.0,32789.0,617.0,121506.0,83110.0,0,0,148124.0,0,0.0,0.0,711.0,3,0.0,0.0,0.0,0.0,0.0,0.0,0.0,7346.0,983.0,3512.0,979.0,283.0,3,1,45,1391.0,650.0,0,0,140521.0,70329.0,1
1,25,220,2,26440,26440,2644001,2644002,3,3023.0,22089.0,35271.0,33243.0,746.0,20419.0,11964.0,0,1,17521.0,0,0.0,0.0,362.0,0,0.0,0.0,0.0,0.0,0.0,0.0,0.0,5174.0,2664.0,3107.0,557.0,2249.0,0,0,0,0.0,0.0,0,0,18900.0,9595.0,1
1,40,220,2,26260,26410,2626002,2641001,4,2280.0,0.0,25673.0,22926.0,0.0,31015.0,18546.0,0,1,35873.0,0,0.0,0.0,639.0,4,0.0,0.0,0.0,0.0,0.0,0.0,0.0,9926.0,2028.0,4435.0,2741.0,437.0,0,0,0,0.0,0.0,0,0,30736.0,19071.0,0
2,50,110,4,26350,26290,2635001,2629002,4,1363.0,0.0,16790.0,14060.0,0.0,138513.0,70307.0,0,1,146917.0,0,0.0,0.0,518.0,1,0.0,0.0,0.0,0.0,0.0,0.0,0.0,3449.0,1281.0,2142.0,558.0,972.0,0,0,0,0.0,0.0,0,0,130495.0,72101.0,0
1,45,420,5,26260,26440,2626002,2644001,4,3073.0,0.0,35217.0,42486.0,0.0,76826.0,45317.0,0,0,84423.0,0,0.0,10.3,506.0,2,6162.0,3613.0,0.0,0.0,0.0,0.0,567.0,8111.0,1912.0,2447.0,1821.0,1224.0,0,0,0,0.0,0.0,0,0,95259.0,59117.0,0
1,45,910,3,26260,26320,2626003,2632001,1,2216.0,22232.0,26660.0,24333.0,0.0,-99999999.0,50072.0,0,0,1.0,0,0.0,24.8,565.0,1,11961.0,6601.0,0.0,0.0,0.0,0.0,1057.0,9594.0,2228.0,3823.0,1625.0,466.0,0,0,0,0.0,0.0,0,0,1.0,1.0,0
1,30,420,3,26410,26410,2641003,2641003,3,3248.0,0.0,39614.0,55597.0,0.0,95625.0,51172.0,0,1,76212.0,1,0.0,3.1,666.0,2,3899.0,1229.0,0.0,0.0,0.0,0.0,188.0,12244.0,4517.0,6271.0,2226.0,315.0,0,0,0,0.0,0.0,0,0,66532.0,41023.0,0
2,45,910,2,26530,26260,2653002,2626003,3,2309.0,19451.0,24698.0,24614.0,0.0,77841.0,66297.0,1,0,90277.0,0,52.0,191.9,558.0,1,0.0,0.0,68038.0,47391.0,0.0,0.0,5138.0,7617.0,2676.0,4833.0,1354.0,1634.0,0,0,0,0.0,0.0,0,0,91745.0,58207.0,0
1,40,420,1,26350,26410,2635002,2641003,3,2158.0,16226.0,24562.0,19680.0,0.0,54548.0,47660.0,0,1,72446.0,0,0.0,0.0,392.0,1,0.0,0.0,0.0,0.0,0.0,0.0,0.0,2892.0,3461.0,1728.0,644.0,430.0,0,0,0,0.0,0.0,0,0,77514.0,57482.0,0
2,25,110,1,26410,26320,2641002,2632001,1,2900.0,27979.0,35634.0,43597.0,0.0,36922.0,28300.0,0,0,30902.0,0,0.0,0.0,665.0,0,0.0,0.0,0.0,0.0,0.0,0.0,0.0,6285.0,4119.0,4234.0,751.0,2817.0,0,0,0,0.0,0.0,0,0,28651.0,18854.0,0
1,20,420,5,26710,26170,2671003,2617002,1,4333.0,36612.0,49175.0,62238.0,0.0,30306.0,12634.0,1,0,35829.0,1,0.0,12.3,604.0,1,8575.0,6036.0,0.0,0.0,0.0,0.0,914.0,9660.0,5807.0,3906.0,3332.0,2056.0,0,0,0,0.0,0.0,0,0,30626.0,16819.0,0
1,40,910,1,26440,26530,2644001,2653002,3,3287.0,30783.0,38229.0,35959.0,0.0,153780.0,108964.0,0,1,152185.0,1,0.0,7.3,528.0,0,3192.0,2801.0,0.0,0.0,0.0,0.0,484.0,17135.0,2203.0,11464.0,3947.0,2224.0,0,0,0,0.0,0.0,0,0,159477.0,86201.0,0
1,35,220,5,26230,26440,2623002,2644002,4,2889.0,0.0,35379.0,28575.0,0.0,76611.0,65750.0,0,1,74138.0,1,0.0,1.4,0.0,1,0.0,0.0,0.0,0.0,1164.0,480.0,43.0,6320.0,851.0,2186.0,1633.0,1603.0,0,0,0,0.0,0.0,1,0,80249.0,59207.0,0
1,30,110,2,26230,26230,2623002,2623003,1,3033.0,0.0,33257.0,30828.0,-3007.0,176615.0,106178.0,0,1,219538.0,0,0.0,0.0,605.0,2,0.0,0.0,0.0,0.0,0.0,0.0,0.0,7671.0,2884.0,2912.0,1179.0,2656.0,0,0,0,0.0,0.0,0,0,234835.0,174980.0,1
1,55,420,4,26440,26350,2644002,2635002,1,1662.0,15846.0,20425.0,27442.0,0.0,76146.0,42303.0,0,0,63294.0,1,0.0,0.0,656.0,1,0.0,0.0,0.0,0.0,0.0,0.0,0.0,3419.0,2476.0,1664.0,1053.0,391.0,0,0,0,0.0,0.0,0,0,57018.0,35042.0,0
2,35,220,5,26410,26440,2641001,2644002,2,2070.0,0.0,23379.0,30068.0,0.0,122147.0,70449.0,1,1,97536.0,0,0.0,0.0,618.0,0,0.0,0.0,0.0,0.0,0.0,0.0,0.0,6216.0,1678.0,2389.0,995.0,732.0,0,0,0,0.0,0.0,0,0,99491.0,71174.0,0
1,30,910,4,26230,26230,2623001,2623002,2,1168.0,0.0,13649.0,13065.0,0.0,91561.0,57930.0,1,1,108107.0,1,45.0,359.5,672.0,1,0.0,0.0,61192.0,49073.0,0.0,0.0,7672.0,1365.0,1718.0,427.0,410.0,964.0,0,0,0,0.0,0.0,0,0,99274.0,65453.0,0
2,30,910,4,26350,26530,2635002,2653002,4,3924.0,0.0,43776.0,51313.0,-1587.0,101384.0,44466.0,0,0,129639.0,1,0.0,0.0,0.0,0,0.0,0.0,0.0,0.0,0.0,0.0,0.0,16689.0,4406.0,9276.0,1970.0,671.0,0,0,0,0.0,0.0,1,1,134092.0,-99999999.0,2
2,35,110,2,26260,26440,2626001,2644002,4,3793.0,0.0,43825.0,41718.0,0.0,104383.0,55399.0,0,1,133124.0,0,0.0,6.0,757.0,3,1880.0,1012.0,0.0,0.0,1961.0,1606.0,305.0,17923.0,2768.0,8299.0,5393.0,2205.0,1,2,42,5390.0,281.0,0,0,-99999999.0,91796.0,0
2,40,220,3,26260,26350,2626002,2635001,3,3055.0,22602.0,32379.0,30564.0,0.0,75552.0,57103.0,0,0,75123.0,2,0.0,3.4,856.0,1,3302.0,1115.0,0.0,0.0,0.0,0.0,201.0,8795.0,2089.0,5885.0,2949.0,2323.0,0,0,0,0.0,0.0,0,0,76702.0,45434.0,0
1,35,910,4,26110,26410,2611002,2641002,4,2888.0,0.0,30701.0,32096.0,0.0,47204.0,31148.0,1,1,77088.0,0,15.0,45.3,0.0,2,7472.0,2350.0,18708.0,11552.0,0.0,0.0,1988.0,12151.0,3339.0,8427.0,1347.0,2436.0,0,0,0,0.0,0.0,1,0,72802.0,46910.0,0
2,30,910,3,26440,26230,2644001,2623001,1,1791.0,0.0,20291.0,15582.0,-5678.0,156323.0,83795.0,0,0,153825.0,2,0.0,0.0,569.0,0,0.0,0.0,0.0,0.0,0.0,0.0,0.0,2065.0,1926.0,1384.0,124.0,1299.0,0,0,0,0.0,0.0,0,0,155070.0,112048.0,1
2,40,910,1,26260,26350,2626001,2635001,4,2657.0,0.0,29678.0,26532.0,0.0,256819.0,234215.0,0,0,313895.0,0,0.0,0.0,463.0,1,0.0,0.0,0.0,0.0,0.0,0.0,0.0,7511.0,852.0,3804.0,2231.0,166.0,0,0,0,0.0,0.0,0,0,315343.0,199199.0,0
2,40,420,5,26260,26500,2626001,2650003,2,3965.0,0.0,0.0,43615.0,0.0,267140.0,150279.0,1,1,345157.0,0,0.0,0.0,734.0,0,0.0,0.0,0.0,0.0,0.0,0.0,0.0,0.0,0.0,0.0,0.0,0.0,2,0,38,1011.0,159.0,0,0,311160.0,201136.0,0
2,45,110,1,26350,26350,2635001,2635002,2,2885.0,0.0,30511.0,26120.0,-8984.0,70830.0,33370.0,0,1,83190.0,1,0.0,0.0,533.0,1,0.0,0.0,0.0,0.0,0.0,0.0,0.0,7220.0,783.0,4925.0,891.0,1677.0,0,0,0,0.0,0.0,0,0,71187.0,49967.0,1
1,20,420,5,26350,26440,2635001,2644001,1,2433.0,0.0,26362.0,26166.0,0.0,63583.0,32405.0,0,1,68072.0,0,0.0,12.2,955.0,0,0.0,0.0,0.0,0.0,3597.0,3203.0,481.0,6530.0,2402.0,2934.0,1376.0,645.0,0,0,0,0.0,0.0,0,0,71323.0,50036.0,0
2,40,910,5,26350,26440,2635001,2644002,1,1657.0,0.0,18093.0,18078.0,1248.0,70787.0,39862.0,1,0,91073.0,1,0.0,0.0,1000.0,1,0.0,0.0,0.0,0.0,0.0,0.0,0.0,6108.0,2544.0,2758.0,2108.0,980.0,0,0,0,0.0,0.0,0,0,84073.0,55256.0,1
1,30,910,1,26440,26290,2644001,2629003,1,3697.0,0.0,42075.0,42700.0,-3009.0,88832.0,61064.0,0,1,89228.0,0,0.0,0.0,622.0,1,0.0,0.0,0.0,0.0,0.0,0.0,0.0,16021.0,1344.0,8876.0,5328.0,3065.0,0,0,0,0.0,0.0,0,0,90055.0,45877.0,1
2,20,420,4,26260,26260,2626001,2626001,2,2754.0,27955.0,30277.0,26743.0,-2145.0,95657.0,41752.0,0,0,121363.0,0,0.0,0.0,0.0,4,0.0,0.0,0.0,0.0,0.0,0.0,0.0,13008.0,2510.0,7202.0,1850.0,1566.0,0,0,0,0.0,0.0,1,0,103811.0,74596.0,2
2,35,910,4,26410,26350,2641003,2635001,1,1658.0,17695.0,17865.0,19159.0,-35.0,54244.0,47204.0,0,0,46115.0,0,0.0,2.4,735.0,1,1182.0,432.0,0.0,0.0,0.0,0.0,80.0,3660.0,2157.0,1251.0,939.0,706.0,1,2,42,2485.0,1092.0,0,0,42896.0,28143.0,1
2,40,910,2,26320,26440,2632002,2644001,1,2199.0,23628.0,25718.0,19956.0,0.0,40626.0,35857.0,0,0,62437.0,2,0.0,0.0,923.0,2,0.0,0.0,0.0,0.0,0.0,0.0,0.0,8775.0,1948.0,3305.0,1783.0,1561.0,0,0,0,0.0,0.0,0,0,53829.0,34246.0,0
1,30,420,5,26320,26230,2632001,2623002,3,1970.0,22593.0,23616.0,25722.0,0.0,101719.0,58498.0,1,1,111223.0,2,58.0,275.4,479.0,0,0.0,0.0,116021.0,65034.0,0.0,0.0,11129.0,9284.0,1577.0,2785.0,1262.0,561.0,0,0,0,0.0,0.0,0,0,104365.0,74320.0,0
1,45,420,1,26320,26200,2632002,2620001,4,2714.0,29081.0,32217.0,30331.0,0.0,11870.0,9810.0,0,1,17108.0,0,0.0,0.0,897.0,1,0.0,0.0,0.0,0.0,0.0,0.0,0.0,7732.0,3063.0,2626.0,718.0,1722.0,0,0,0,0.0,0.0,0,0,18288.0,10866.0,0
2,25,220,2,26410,26350,2641001,2635002,1,2935.0,0.0,32439.0,32581.0,0.0,92930.0,67823.0,1,1,72845.0,0,61.0,147.9,410.0,3,5200.0,3305.0,51015.0,44683.0,0.0,0.0,4285.0,9610.0,4251.0,4201.0,847.0,1315.0,0,0,0,0.0,0.0,0,0,75624.0,39676.0,0
2,25,220,5,26440,26500,2644001,2650003,3,2473.0,27350.0,30193.0,31373.0,0.0,56002.0,48441.0,0,1,59126.0,0,0.0,4.1,461.0,1,3118.0,1243.0,0.0,0.0,0.0,0.0,174.0,10277.0,4006.0,6983.0,588.0,1476.0,0,0,0,0.0,0.0,0,0,53175.0,29999.0,0
1,30,910,4,26230,26260,2623001,2626002,4,3305.0,32622.0,38747.0,28578.0,-6087.0,157644.0,87072.0,1,1,212446.0,0,0.0,0.0,690.0,4,0.0,0.0,0.0,0.0,0.0,0.0,0.0,4946.0,2138.0,3065.0,1195.0,1520.0,0,0,0,0.0,0.0,0,0,-99999999.0,137114.0,2
1,30,420,1,26350,26350,2635001,2635001,2,2851.0,23442.0,33440.0,34684.0,0.0,185087.0,136155.0,0,1,226833.0,2,0.0,0.0,0.0,0,0.0,0.0,0.0,0.0,0.0,0.0,0.0,10618.0,4873.0,4153.0,1394.0,1110.0,0,0,0,0.0,0.0,1,0,200841.0,140105.0,0
1,40,420,1,26230,26410,2623001,2641001,1,3491.0,0.0,38142.0,38751.0,0.0,187728.0,82597.0,0,0,237348.0,1,0.0,3.7,0.0,4,2640.0,1417.0,0.0,0.0,0.0,0.0,209.0,11060.0,1569.0,3832.0,2496.0,158.0,0,0,0,0.0,0.0,1,0,262235.0,163253.0,0
2,50,420,2,26410,26230,2641002,2623003,1,2568.0,0.0,28208.0,30319.0,0.0,80188.0,32492.0,1,1,58294.0,1,14.0,29.8,708.0,1,0.0,0.0,12863.0,8403.0,0.0,0.0,1472.0,5868.0,1342.0,4105.0,1625.0,1403.0,4,0,37,929.0,3202.0,0,0,54529.0,38457.0,0
1,40,910,1,26350,26260,2635001,2626003,4,4779.0,0.0,54717.0,52808.0,3472.0,49957.0,44016.0,0,1,51033.0,0,0.0,0.0,794.0,1,0.0,0.0,0.0,0.0,0.0,0.0,0.0,24527.0,6075.0,14424.0,1262.0,4278.0,0,0,0,0.0,0.0,0,0,58616.0,42078.0,2
1,25,220,1,26410,26410,2641002,2641002,2,2433.0,0.0,26704.0,26314.0,0.0,60551.0,34030.0,0,1,51612.0,1,0.0,7.0,809.0,1,2651.0,1869.0,0.0,0.0,0.0,0.0,182.0,3433.0,3544.0,1749.0,628.0,757.0,0,0,0,0.0,0.0,0,0,52460.0,36722.0,0
2,30,110,3,26410,26230,2641002,2623002,1,2213.0,0.0,26282.0,30486.0,0.0,117309.0,75661.0,1,0,94932.0,2,0.0,0.0,569.0,2,0.0,0.0,0.0,0.0,0.0,0.0,0.0,11373.0,1159.0,7863.0,1496.0,1313.0,0,0,0,0.0,0.0,0,0,109138.0,81749.0,0
1,25,420,1,26350,26350,2635002,2635002,4,2133.0,0.0,23713.0,24539.0,0.0,36772.0,19396.0,0,0,36643.0,2,0.0,11.5,538.0,2,2722.0,2056.0,0.0,0.0,797.0,677.0,543.0,7663.0,1477.0,5223.0,1794.0,1373.0,2,0,36,4533.0,661.0,0,0,33793.0,25000.0,0
2,40,220,2,26110,26500,2611002,2650003,4,2663.0,0.0,28771.0,25655.0,0.0,227779.0,200957.0,0,0,380250.0,1,0.0,0.0,787.0,3,0.0,0.0,0.0,0.0,0.0,0.0,0.0,3475.0,865.0,1204.0,323.0,1390.0,3,0,28,154.0,1381.0,0,0,431455.0,276336.0,0
1,25,910,2,26350,26260,2635002,2626001,3,1682.0,15170.0,18171.0,15347.0,0.0,80953.0,49502.0,0,1,100751.0,0,0.0,35.6,709.0,1,7665.0,6473.0,0.0,0.0,0.0,0.0,1160.0,2967.0,1450.0,1645.0,656.0,1309.0,1,3,24,1709.0,729.0,0,0,113528.0,75725.0,0
2,30,420,5,26410,26230,2641002,2623003,1,2991.0,0.0,32167.0,31121.0,0.0,133266.0,66435.0,0,0,94206.0,2,0.0,0.0,727.0,1,0.0,0.0,0.0,0.0,0.0,0.0,0.0,12020.0,2804.0,6923.0,2714.0,2398.0,3,1,39,556.0,457.0,0,0,84901.0,63468.0,0
2,45,910,5,26230,26440,2623002,2644002,1,1562.0,14271.0,17775.0,17110.0,0.0,33899.0,-99999999.0,1,0,32894.0,0,0.0,0.0,564.0,0,0.0,0.0,0.0,0.0,0.0,0.0,0.0,2997.0,1720.0,1934.0,725.0,1239.0,2,0,27,2814.0,166.0,0,0,37691.0,27397.0,0
2,35,420,5,26350,26230,2635001,2623003,1,2905.0,0.0,30520.0,31275.0,5593.0,56637.0,29055.0,1,1,62836.0,0,45.0,103.8,733.0,3,5138.0,3124.0,35892.0,28566.0,0.0,0.0,5301.0,3551.0,1354.0,1774.0,285.0,1027.0,0,0,0,0.0,0.0,0,0,60009.0,37224.0,1
1,25,220,2,26350,26260,2635001,2626002,1,1922.0,20055.0,22266.0,23324.0,0.0,31464.0,17097.0,0,1,38282.0,0,0.0,0.0,508.0,2,0.0,0.0,0.0,0.0,0.0,0.0,0.0,6491.0,1246.0,3712.0,2231.0,249.0,2,0,36,2684.0,1090.0,0,0,34234.0,19034.0,0
1,25,910,3,26440,26320,2644001,2632002,3,2552.0,26146.0,28319.0,31745.0,0.0,182173.0,140280.0,0,0,207160.0,1,0.0,4.3,682.0,0,0.0,0.0,0.0,0.0,1607.0,1211.0,136.0,12730.0,3346.0,5625.0,2303.0,907.0,2,1,46,8744.0,230.0,0,0,198751.0,107652.0,0
1,35,110,3,26230,26260,2623003,2626001,2,3193.0,23409.0,37055.0,46522.0,4206.0,89669.0,83174.0,0,1,101618.0,1,0.0,8.2,0.0,1,5827.0,3038.0,0.0,0.0,0.0,0.0,247.0,8625.0,1270.0,3972.0,1619.0,1550.0,0,0,0,0.0,0.0,1,0,88863.0,47529.0,1
2,35,910,5,26140,26320,2614002,2632002,4,4298.0,0.0,53170.0,57504.0,-7854.0,139077.0,113368.0,0,1,105253.0,2,0.0,0.0,665.0,2,0.0,0.0,0.0,0.0,0.0,0.0,0.0,13541.0,1092.0,7113.0,3594.0,180.0,0,0,0,0.0,0.0,0,0,108328.0,54696.0,1
1,20,220,4,26320,26260,2632002,2626001,1,2099.0,0.0,25688.0,22038.0,1831.0,102544.0,48019.0,1,1,152818.0,2,0.0,0.0,752.0,0,0.0,0.0,0.0,0.0,0.0,0.0,0.0,9527.0,1814.0,3674.0,3118.0,1723.0,3,1,49,507.0,1935.0,0,0,157388.0,108274.0,1
1,50,910,5,26260,26230,2626003,2623002,3,2702.0,28240.0,31486.0,32583.0,-855.0,130756.0,74780.0,1,0,125781.0,1,0.0,0.0,0.0,3,0.0,0.0,0.0,0.0,0.0,0.0,0.0,9747.0,3001.0,6013.0,2488.0,2231.0,0,0,0,0.0,0.0,1,0,119443.0,75632.0,1
1,30,910,3,26230,26230,2623002,2623001,4,2330.0,0.0,26413.0,27004.0,-160.0,80623.0,67562.0,0,1,98271.0,2,0.0,3.0,738.0,1,0.0,0.0,0.0,0.0,1449.0,794.0,67.0,5140.0,3589.0,2565.0,1285.0,1336.0,0,0,0,0.0,0.0,0,0,92790.0,56927.0,1
2,30,420,5,26260,26320,2626003,2632001,1,2235.0,25828.0,26589.0,27266.0,0.0,87367.0,48168.0,1,0,94254.0,0,0.0,0.0,653.0,0,0.0,0.0,0.0,0.0,0.0,0.0,0.0,7755.0,668.0,4967.0,2004.0,1234.0,0,0,0,0.0,0.0,0,0,81132.0,40593.0,0
2,25,220,4,26440,26350,2644001,2635001,3,2335.0,0.0,28829.0,23694.0,3786.0,93429.0,75401.0,0,0,106784.0,0,0.0,22.0,0.0,1,7608.0,6348.0,0.0,0.0,0.0,0.0,966.0,7526.0,1829.0,4627.0,1909.0,893.0,0,0,0,0.0,0.0,1,0,112097.0,69334.0,1
2,30,910,4,26170,26230,2617001,2623001,3,3336.0,35911.0,38294.0,42991.0,0.0,125917.0,83040.0,1,0,213121.0,0,13.0,79.3,478.0,0,6280.0,2074.0,31667.0,28305.0,0.0,0.0,5212.0,4048.0,5030.0,2125.0,859.0,2996.0,0,0,0,0.0,0.0,0,0,197173.0,99313.0,0
2,25,420,4,26230,26410,2623001,2641003,1,2483.0,27330.0,26565.0,24791.0,0.0,127934.0,113404.0,1,1,121523.0,1,0.0,0.0,896.0,0,0.0,0.0,0.0,0.0,0.0,0.0,0.0,3656.0,2993.0,2102.0,748.0,927.0,0,0,0,0.0,0.0,0,0,120549.0,81070.0,0
2,25,220,2,26230,26350,2623001,2635001,2,4262.0,0.0,51281.0,50289.0,-2290.0,533312.0,318671.0,1,1,590476.0,2,0.0,0.0,641.0,3,0.0,0.0,0.0,0.0,0.0,0.0,0.0,15985.0,5246.0,10219.0,3083.0,846.0,0,0,0,0.0,0.0,0,0,591585.0,441668.0,1
1,35,420,4,26350,26260,2635002,2626003,4,3070.0,0.0,32299.0,31051.0,0.0,270753.0,247472.0,0,0,277704.0,1,0.0,6.4,604.0,1,0.0,0.0,0.0,0.0,4147.0,2062.0,322.0,4912.0,687.0,2139.0,1369.0,2483.0,0,0,0,0.0,0.0,0,0,301667.0,217978.0,0
1,30,420,2,26440,26110,2644001,2611001,4,2143.0,0.0,25779.0,24168.0,-2784.0,33953.0,21190.0,0,0,31117.0,2,0.0,15.2,0.0,2,0.0,0.0,0.0,0.0,4666.0,3922.0,559.0,9517.0,2073.0,5630.0,1810.0,1723.0,2,0,32,2101.0,375.0,1,0,32360.0,17742.0,2
1,50,910,4,26260,26230,2626001,2623003,2,2562.0,0.0,27336.0,26321.0,0.0,90593.0,72423.0,0,0,97202.0,0,0.0,7.1,792.0,1,2259.0,1930.0,0.0,0.0,0.0,0.0,286.0,7433.0,4023.0,4977.0,678.0,716.0,0,0,0,0.0,0.0,0,0,110927.0,73208.0,0
1,60,420,2,26320,26440,2632001,2644001,1,2279.0,0.0,24415.0,21250.0,0.0,77378.0,39258.0,0,0,104154.0,1,0.0,16.5,781.0,2,7489.0,4039.0,0.0,0.0,0.0,0.0,795.0,3176.0,2616.0,992.0,624.0,1091.0,0,0,0,0.0,0.0,0,1,108280.0,61356.0,0
1,25,910,4,26320,26350,2632001,2635002,1,3320.0,34406.0,40051.0,39051.0,0.0,212794.0,147239.0,1,0,312801.0,0,7.0,51.1,756.0,1,0.0,0.0,30699.0,20486.0,0.0,0.0,1753.0,17346.0,5046.0,8668.0,4181.0,1875.0,0,0,0,0.0,0.0,0,0,299403.0,190198.0,0
1,20,420,3,26530,26440,2653003,2644001,4,1735.0,16085.0,20610.0,15956.0,0.0,81679.0,46604.0,0,1,90328.0,1,0.0,0.0,642.0,2,0.0,0.0,0.0,0.0,0.0,0.0,0.0,8108.0,1788.0,2902.0,1780.0,1446.0,0,0,0,0.0,0.0,0,0,100349.0,61693.0,0
1,45,420,4,26320,26260,2632002,2626002,3,1928.0,0.0,22411.0,21618.0,0.0,130428.0,53084.0,0,1,169255.0,1,0.0,11.0,0.0,3,4537.0,2476.0,0.0,0.0,0.0,0.0,272.0,7253.0,1501.0,3294.0,1707.0,982.0,0,0,0,0.0,0.0,1,0,170062.0,95983.0,0
1,75,420,2,26350,26320,2635001,2632002,2,2415.0,27208.0,29321.0,37859.0,-1392.0,24289.0,15557.0,0,1,31785.0,0,0.0,2.5,543.0,1,2384.0,742.0,0.0,0.0,0.0,0.0,124.0,10583.0,1810.0,6683.0,1742.0,981.0,0,0,0,0.0,0.0,0,0,28807.0,18289.0,1
2,50,420,4,26410,26440,2641003,2644002,1,3244.0,0.0,39586.0,35164.0,0.0,39809.0,19700.0,0,1,-99999999.0,0,0.0,0.0,678.0,0,0.0,0.0,0.0,0.0,0.0,0.0,0.0,13175.0,4892.0,5001.0,1350.0,1874.0,0,0,0,0.0,0.0,0,1,1.0,1.0,0
2,18,220,5,26110,26410,2611001,2641001,4,3601.0,43120.0,41106.0,37753.0,0.0,346409.0,321198.0,0,1,537701.0,0,0.0,0.0,643.0,1,0.0,0.0,0.0,0.0,0.0,0.0,0.0,4296.0,3287.0,1351.0,1144.0,3198.0,0,0,0,0.0,0.0,0,0,476851.0,320210.0,0
2,25,910,1,26320,26200,2632001,2620002,2,3697.0,0.0,46185.0,44628.0,0.0,101737.0,85940.0,0,1,148580.0,1,0.0,1.8,685.0,2,1385.0,849.0,0.0,0.0,0.0,0.0,145.0,14652.0,2859.0,6063.0,898.0,193.0,0,0,0,0.0,0.0,0,0,141684.0,77302.0,0
1,20,910,2,26470,26320,2647003,2632001,3,3144.0,35754.0,35260.0,35578.0,-297.0,54226.0,43746.0,0,1,82921.0,1,0.0,0.0,414.0,2,0.0,0.0,0.0,0.0,0.0,0.0,0.0,6545.0,3711.0,4004.0,827.0,1825.0,0,0,0,0.0,0.0,0,0,71242.0,35986.0,1
1,45,910,4,26410,26320,2641001,2632001,4,2746.0,0.0,29775.0,41771.0,782.0,114202.0,74155.0,0,1,95155.0,0,0.0,0.0,893.0,1,0.0,0.0,0.0,0.0,0.0,0.0,0.0,12855.0,4460.0,4410.0,4238.0,196.0,0,0,0,0.0,0.0,0,0,83116.0,58099.0,1
2,35,110,5,26410,26320,2641001,2632001,3,3317.0,0.0,40441.0,54800.0,0.0,52479.0,28470.0,0,0,50968.0,2,0.0,0.0,860.0,4,0.0,0.0,0.0,0.0,0.0,0.0,0.0,9834.0,3071.0,5256.0,1578.0,850.0,0,0,0,0.0,0.0,0,0,46664.0,31032.0,0
2,30,420,4,26440,26710,2644001,2671003,4,2056.0,15445.0,23297.0,18242.0,629.0,83281.0,48170.0,0,0,68875.0,0,0.0,0.0,500.0,1,0.0,0.0,0.0,0.0,0.0,0.0,0.0,8076.0,963.0,4822.0,1213.0,1297.0,0,0,0,0.0,0.0,0,0,71395.0,43803.0,1
1,35,420,3,26320,26230,2632001,2623001,3,1601.0,18559.0,19611.0,20815.0,0.0,41292.0,21158.0,1,0,45886.0,0,26.0,92.1,725.0,0,11119.0,6078.0,19565.0,11986.0,0.0,0.0,1750.0,2983.0,2029.0,1575.0,261.0,1114.0,0,0,0,0.0,0.0,0,0,45793.0,-99999999.0,0
1,25,110,2,26230,26260,2623002,2626002,2,3084.0,24251.0,32759.0,27884.0,-2626.0,61498.0,43266.0,1,0,69507.0,1,21.0,45.0,457.0,2,0.0,0.0,16198.0,14735.0,0.0,0.0,2924.0,8700.0,2361.0,5863.0,1089.0,2185.0,3,0,29,5601.0,335.0,0,0,68109.0,49133.0,1
1,35,910,5,26350,26350,2635001,2635001,4,2146.0,19481.0,23010.0,29143.0,0.0,76895.0,65069.0,0,1,78140.0,0,0.0,11.8,661.0,2,3182.0,2726.0,0.0,0.0,0.0,0.0,479.0,3142.0,2224.0,1894.0,477.0,995.0,0,0,0,0.0,0.0,0,1,79810.0,47191.0,0
2,20,110,5,26320,26350,2632001,2635002,3,2758.0,27932.0,29181.0,33427.0,0.0,193381.0,97285.0,0,1,230005.0,0,0.0,0.0,365.0,1,0.0,0.0,0.0,0.0,0.0,0.0,0.0,7070.0,4366.0,2370.0,947.0,1872.0,0,0,0,0.0,0.0,0,0,208992.0,127825.0,0
1,35,220,5,26470,26260,2647001,2626002,4,2878.0,0.0,33684.0,29762.0,0.0,130409.0,52490.0,1,1,161538.0,1,21.0,111.9,612.0,0,5412.0,3450.0,55797.0,34233.0,0.0,0.0,6414.0,9975.0,2679.0,6407.0,1244.0,1356.0,0,0,0,0.0,0.0,0,0,170372.0,107441.0,0
2,40,110,2,26530,26320,2653003,2632002,1,2961.0,24521.0,36017.0,35498.0,-4849.0,144801.0,67924.0,0,1,201663.0,0,0.0,0.0,587.0,1,0.0,0.0,0.0,0.0,0.0,0.0,0.0,11575.0,2138.0,6009.0,3809.0,581.0,0,0,0,0.0,0.0,0,0,204336.0,137243.0,1
1,35,420,3,26260,26440,2626003,2644002,3,3410.0,0.0,38551.0,34710.0,4471.0,97201.0,63522.0,0,0,105171.0,0,0.0,0.0,800.0,0,0.0,0.0,0.0,0.0,0.0,0.0,0.0,9191.0,5686.0,6315.0,2005.0,1374.0,0,0,0,0.0,0.0,0,0,93795.0,58444.0,1
2,25,420,2,26320,26170,2632002,2617002,3,3341.0,0.0,35687.0,34716.0,0.0,161734.0,66348.0,1,0,240536.0,0,0.0,0.0,867.0,1,0.0,0.0,0.0,0.0,0.0,0.0,0.0,5553.0,3810.0,3854.0,360.0,493.0,0,0,0,0.0,0.0,0,0,244440.0,165841.0,0
2,45,420,5,26320,26260,2632002,2626003,1,2927.0,30580.0,32920.0,32958.0,0.0,58448.0,36343.0,0,1,70472.0,1,0.0,0.0,870.0,1,0.0,0.0,0.0,0.0,0.0,0.0,0.0,10892.0,1966.0,3981.0,3587.0,1438.0,0,0,0,0.0,0.0,0,0,62285.0,35409.0,0
2,40,110,5,26230,26440,2623002,2644001,2,2513.0,18999.0,28136.0,30319.0,0.0,63600.0,29328.0,0,0,77147.0,0,0.0,51.7,801.0,3,21123.0,14543.0,0.0,0.0,0.0,0.0,1597.0,2931.0,1723.0,1171.0,858.0,1162.0,0,0,0,0.0,0.0,0,0,81181.0,43066.0,0
1,25,220,1,26440,26440,2644002,2644001,4,2870.0,0.0,33829.0,39757.0,0.0,126065.0,57898.0,0,1,112340.0,1,0.0,2.5,661.0,2,2754.0,835.0,0.0,0.0,0.0,0.0,98.0,12958.0,3336.0,7275.0,1038.0,707.0,2,3,30,240.0,688.0,0,0,103103.0,53173.0,0
2,25,220,2,26440,26260,2644002,2626002,3,2412.0,0.0,28472.0,22954.0,-7058.0,83492.0,66120.0,0,1,68393.0,1,0.0,12.3,700.0,3,5144.0,3512.0,0.0,0.0,0.0,0.0,397.0,9577.0,1914.0,3087.0,1155.0,1108.0,0,0,0,0.0,0.0,0,0,59137.0,30794.0,2
2,35,420,3,26410,26260,2641002,2626001,4,2672.0,0.0,28607.0,22613.0,0.0,97899.0,92977.0,0,0,86859.0,0,0.0,0.0,700.0,0,0.0,0.0,0.0,0.0,0.0,0.0,0.0,10613.0,3447.0,4886.0,1143.0,1382.0,0,0,0,0.0,0.0,0,0,78717.0,39782.0,0
1,25,110,3,26350,26440,2635001,2644001,1,4502.0,0.0,51054.0,58401.0,0.0,89457.0,45352.0,0,0,90440.0,0,0.0,0.0,497.0,2,0.0,0.0,0.0,0.0,0.0,0.0,0.0,22504.0,2302.0,15649.0,5787.0,1776.0,1,2,45,1354.0,792.0,0,0,89977.0,67075.0,0
1,20,910,3,26530,26260,2653002,2626001,1,2918.0,0.0,34389.0,39784.0,0.0,209414.0,110209.0,0,0,291792.0,0,0.0,0.0,799.0,5,0.0,0.0,0.0,0.0,0.0,0.0,0.0,7376.0,1540.0,3765.0,1700.0,615.0,0,0,0,0.0,0.0,0,0,310316.0,213976.0,0
1,25,110,2,26350,26260,2635001,2626003,4,3093.0,0.0,34078.0,34850.0,0.0,216064.0,121651.0,0,0,-99999999.0,1,0.0,8.2,740.0,2,4343.0,2805.0,0.0,0.0,0.0,0.0,519.0,9761.0,1712.0,4222.0,2731.0,2600.0,0,0,0,0.0,0.0,0,0,1.0,-99999999.0,0
1,25,910,4,26500,26230,2650001,2623002,2,2341.0,0.0,26486.0,24500.0,0.0,67799.0,56396.0,1,1,68159.0,0,19.0,48.2,0.0,0,0.0,0.0,15634.0,12773.0,0.0,0.0,1053.0,8513.0,3539.0,3186.0,1722.0,1700.0,0,0,0,0.0,0.0,1,0,65408.0,36991.0,0
1,30,420,5,26230,26230,2623003,2623001,4,3463.0,0.0,40612.0,40502.0,0.0,34340.0,23291.0,0,0,41198.0,1,0.0,2.3,353.0,2,2374.0,947.0,0.0,0.0,0.0,0.0,161.0,12388.0,1294.0,7433.0,1743.0,692.0,0,0,0,0.0,0.0,0,0,40449.0,27611.0,0
2,35,420,5,26410,26230,2641003,2623003,4,3294.0,28034.0,37241.0,33704.0,0.0,64415.0,45984.0,0,0,60963.0,1,0.0,0.0,709.0,1,0.0,0.0,0.0,0.0,0.0,0.0,0.0,11984.0,3655.0,8055.0,1471.0,1420.0,0,0,0,0.0,0.0,0,0,67665.0,50683.0,0
2,25,220,3,26440,26230,2644001,2623003,2,3299.0,0.0,34843.0,34073.0,0.0,57631.0,-99999999.0,0,1,48484.0,0,0.0,1.7,781.0,2,980.0,597.0,0.0,0.0,0.0,0.0,103.0,14972.0,4609.0,10028.0,3730.0,1054.0,0,0,0,0.0,0.0,0,0,52856.0,31206.0,0
2,40,910,5,26350,26440,2635001,2644002,4,2940.0,0.0,32179.0,31772.0,0.0,162600.0,148869.0,1,1,218345.0,1,0.0,0.0,648.0,0,0.0,0.0,0.0,0.0,0.0,0.0,0.0,8668.0,1384.0,2826.0,1406.0,2566.0,0,0,0,0.0,0.0,0,1,246296.0,146629.0,0
2,25,910,4,26410,26440,2641001,2644002,4,3472.0,0.0,41845.0,30062.0,0.0,171493.0,71885.0,0,0,119903.0,0,0.0,0.0,585.0,1,0.0,0.0,0.0,0.0,0.0,0.0,0.0,16805.0,5836.0,5551.0,2860.0,2415.0,0,0,0,0.0,0.0,0,0,130176.0,92781.0,0
2,25,910,1,26170,26260,2617002,2626003,1,3627.0,0.0,39886.0,41931.0,0.0,53176.0,25889.0,1,1,83619.0,1,38.0,79.3,0.0,2,0.0,0.0,37566.0,31615.0,0.0,0.0,4434.0,12801.0,4485.0,8913.0,1448.0,2071.0,2,0,44,648.0,1791.0,1,0,82246.0,49059.0,0
2,25,910,4,26410,26410,2641001,2641001,1,2984.0,0.0,36212.0,28379.0,0.0,62774.0,38302.0,0,0,60136.0,0,0.0,11.1,464.0,1,4061.0,2835.0,0.0,0.0,1333.0,1168.0,596.0,13539.0,1807.0,9224.0,3872.0,426.0,0,0,0,0.0,0.0,0,0,61434.0,44220.0,0
1,45,220,2,26440,26710,2644001,2671003,1,2726.0,0.0,31169.0,24995.0,0.0,40643.0,27166.0,1,1,37034.0,0,0.0,0.0,670.0,1,0.0,0.0,0.0,0.0,0.0,0.0,0.0,6694.0,4596.0,2596.0,1558.0,474.0,0,0,0,0.0,0.0,0,0,37609.0,20405.0,0
2,60,420,4,26230,26170,2623001,2617001,3,3381.0,0.0,38698.0,35001.0,-6061.0,107005.0,49508.0,0,1,139486.0,1,0.0,8.8,619.0,0,6434.0,2606.0,0.0,0.0,1083.0,807.0,620.0,8328.0,4961.0,3157.0,969.0,2883.0,0,0,0,0.0,0.0,0,0,159928.0,116494.0,1
1,30,420,4,26440,26350,2644002,2635001,1,2212.0,0.0,26635.0,35941.0,0.0,96091.0,85640.0,0,0,98829.0,0,0.0,0.0,0.0,4,0.0,0.0,0.0,0.0,0.0,0.0,0.0,11382.0,730.0,6099.0,1993.0,957.0,0,0,0,0.0,0.0,1,0,105870.0,56537.0,0
1,20,110,5,26440,26350,2644001,2635002,2,2333.0,0.0,26285.0,25405.0,0.0,158494.0,122488.0,0,0,178376.0,1,0.0,3.5,0.0,2,0.0,0.0,0.0,0.0,1038.0,923.0,164.0,10292.0,3346.0,4393.0,2693.0,31.0,0,0,0,0.0,0.0,1,0,180168.0,123206.0,0
1,25,910,5,26320,26230,2632002,2623002,2,2765.0,0.0,30351.0,31855.0,0.0,133023.0,121415.0,0,1,147443.0,1,0.0,10.4,487.0,3,5179.0,3165.0,0.0,0.0,0.0,0.0,332.0,8413.0,2883.0,4941.0,2165.0,1206.0,0,0,0,0.0,0.0,0,0,153885.0,89163.0,0
2,25,420,5,26320,26410,2632002,2641002,1,1668.0,15626.0,17864.0,17293.0,0.0,142361.0,130608.0,1,1,192624.0,1,0.0,15.9,605.0,0,5873.0,2834.0,0.0,0.0,0.0,0.0,270.0,4667.0,2423.0,1784.0,864.0,883.0,0,0,0,0.0,0.0,0,0,219099.0,153911.0,0
1,45,420,3,26410,26410,2641001,2641003,2,3338.0,29530.0,39535.0,45414.0,9458.0,39136.0,26687.0,1,1,28812.0,0,0.0,50.3,0.0,2,22936.0,19875.0,0.0,0.0,0.0,0.0,3919.0,7429.0,3822.0,4624.0,1831.0,920.0,0,0,0,0.0,0.0,1,0,26140.0,14174.0,2
2,20,420,3,26410,26410,2641003,2641001,3,2174.0,25810.0,24870.0,21750.0,0.0,67792.0,58922.0,1,0,46418.0,2,82.0,153.2,609.0,0,0.0,0.0,42498.0,38111.0,0.0,0.0,7038.0,4293.0,3071.0,1773.0,1016.0,847.0,0,0,0,0.0,0.0,0,0,-99999999.0,34634.0,0
2,65,420,3,26320,26410,2632002,2641001,4,2494.0,0.0,30224.0,25663.0,49.0,174440.0,140462.0,0,1,247217.0,2,0.0,24.0,659.0,2,8205.0,7260.0,0.0,0.0,0.0,0.0,1327.0,5410.0,3876.0,1924.0,409.0,668.0,0,0,0,0.0,0.0,0,0,236298.0,148085.0,1
1,35,420,5,26410,26230,2641002,2623001,2,2661.0,0.0,30376.0,25198.0,0.0,71457.0,42751.0,0,1,64710.0,0,0.0,11.4,627.0,0,4507.0,3467.0,0.0,0.0,0.0,0.0,602.0,13049.0,3753.0,5701.0,2936.0,1074.0,0,0,0,0.0,0.0,0,0,61768.0,35324.0,0
1,30,420,2,26440,26410,2644001,2641003,3,2826.0,0.0,32018.0,32918.0,-973.0,37178.0,28313.0,1,1,40162.0,0,0.0,6.2,0.0,3,3006.0,1977.0,0.0,0.0,0.0,0.0,183.0,6189.0,885.0,1906.0,401.0,2521.0,0,0,0,0.0,0.0,1,0,36844.0,22902.0,1
1,50,110,3,26260,26410,2626003,2641002,3,2577.0,0.0,28599.0,32831.0,0.0,160299.0,148118.0,0,1,193292.0,2,0.0,11.9,0.0,1,9033.0,3401.0,0.0,0.0,0.0,0.0,482.0,7328.0,3046.0,4089.0,2123.0,1051.0,0,0,0,0.0,0.0,1,0,184837.0,136769.0,0
2,18,220,4,26320,26230,2632002,2623002,2,2756.0,0.0,30037.0,27741.0,0.0,69818.0,57265.0,1,1,102683.0,0,13.0,43.3,624.0,3,0.0,0.0,19660.0,13019.0,0.0,0.0,1222.0,10173.0,4103.0,3328.0,3033.0,1938.0,0,0,0,0.0,0.0,0,0,102869.0,70933.0,0
1,45,220,1,26410,26170,2641002,2617002,3,2761.0,24494.0,33576.0,25959.0,0.0,186760.0,147573.0,0,1,153333.0,0,0.0,0.0,657.0,0,0.0,0.0,0.0,0.0,0.0,0.0,0.0,10943.0,4758.0,3929.0,719.0,346.0,2,0,31,1619.0,787.0,0,0,138192.0,71106.0,0
2,20,910,4,26440,26440,2644001,2644001,4,2509.0,0.0,26822.0,25780.0,-276.0,97631.0,50966.0,0,0,91739.0,2,0.0,9.8,0.0,2,3047.0,2618.0,0.0,0.0,0.0,0.0,260.0,9920.0,3211.0,6124.0,1481.0,1695.0,0,0,0,0.0,0.0,1,0,82621.0,61501.0,1
1,45,420,2,26350,26710,2635002,2671002,1,2297.0,0.0,28263.0,25744.0,0.0,83589.0,71646.0,0,0,106572.0,0,0.0,0.0,0.0,1,0.0,0.0,0.0,0.0,0.0,0.0,0.0,6577.0,1705.0,3303.0,1873.0,1145.0,0,0,0,0.0,0.0,1,0,99793.0,67868.0,0
2,30,220,2,26320,26410,2632002,2641001,3,3503.0,0.0,36970.0,37165.0,0.0,223667.0,137402.0,0,1,314556.0,2,0.0,0.0,752.0,2,0.0,0.0,0.0,0.0,0.0,0.0,0.0,7998.0,4865.0,4296.0,1991.0,1084.0,0,0,0,0.0,0.0,0,0,268108.0,150990.0,0
2,20,110,4,26440,26440,2644002,2644001,1,1432.0,0.0,16532.0,17320.0,0.0,45180.0,33580.0,0,1,40042.0,0,0.0,95.7,709.0,2,23192.0,15818.0,0.0,0.0,0.0,0.0,2862.0,4562.0,386.0,1882.0,756.0,762.0,3,2,35,7708.0,690.0,0,1,41800.0,30933.0,0
2,45,910,1,26230,26320,2623002,2632002,4,2666.0,0.0,28304.0,25076.0,0.0,233406.0,180364.0,0,0,264585.0,0,0.0,0.0,881.0,3,0.0,0.0,0.0,0.0,0.0,0.0,0.0,9118.0,3403.0,6281.0,1171.0,794.0,0,0,0,0.0,0.0,0,0,240872.0,150267.0,0
2,18,420,1,26410,26440,2641001,2644001,3,2495.0,21875.0,30088.0,29670.0,0.0,67264.0,45967.0,1,1,49389.0,0,11.0,18.3,594.0,2,0.0,0.0,10872.0,5515.0,0.0,0.0,1032.0,13483.0,2501.0,9368.0,1868.0,1949.0,0,0,0,0.0,0.0,0,0,54917.0,34917.0,0
1,25,420,3,26320,26410,2632001,2641001,1,3072.0,0.0,33555.0,30769.0,0.0,108817.0,53437.0,1,1,158936.0,0,13.0,61.1,715.0,1,0.0,0.0,39838.0,20505.0,0.0,0.0,2107.0,10254.0,4510.0,4576.0,888.0,2118.0,0,0,0,0.0,0.0,0,0,153141.0,86062.0,0
2,45,910,3,26260,26410,2626003,2641002,3,1855.0,0.0,21577.0,19507.0,0.0,109436.0,85754.0,0,0,110690.0,2,0.0,0.0,712.0,2,0.0,0.0,0.0,0.0,0.0,0.0,0.0,7956.0,1839.0,4894.0,2779.0,397.0,0,0,0,0.0,0.0,0,0,109190.0,81790.0,0
1,30,910,1,26410,26320,2641002,2632001,2,2475.0,0.0,30524.0,28207.0,4369.0,76399.0,40949.0,0,1,66256.0,1,0.0,7.3,619.0,1,0.0,0.0,0.0,0.0,4866.0,2216.0,305.0,12929.0,2288.0,8027.0,3272.0,1055.0,0,0,0,0.0,0.0,0,0,74763.0,43068.0,1
1,50,420,2,26230,26410,2623001,2641001,1,2733.0,24903.0,32245.0,28954.0,629.0,62488.0,34115.0,0,1,78751.0,2,0.0,12.3,797.0,0,6710.0,3976.0,0.0,0.0,0.0,0.0,345.0,3262.0,4185.0,2171.0,701.0,357.0,0,0,0,0.0,0.0,0,0,67536.0,44608.0,1
1,35,220,2,26410,26440,2641003,2644001,4,3496.0,39182.0,37955.0,42076.0,0.0,79071.0,37142.0,1,0,77380.0,0,24.0,66.2,687.0,0,9955.0,6191.0,22314.0,18926.0,0.0,0.0,4393.0,7170.0,2384.0,4622.0,2477.0,17.0,0,0,0,0.0,0.0,0,0,82194.0,53084.0,0
2,35,910,3,26260,26260,2626001,2626003,2,3016.0,27565.0,36474.0,40849.0,529.0,53705.0,39794.0,1,0,58367.0,2,85.0,150.6,0.0,1,0.0,0.0,68064.0,49434.0,7269.0,5510.0,4707.0,3689.0,3042.0,1755.0,595.0,865.0,0,0,0,0.0,0.0,1,0,58469.0,39672.0,2
2,25,910,2,26350,26230,2635001,2623001,1,2031.0,0.0,23119.0,22586.0,0.0,320352.0,-99999999.0,0,0,422154.0,1,0.0,0.0,748.0,2,0.0,0.0,0.0,0.0,0.0,0.0,0.0,9622.0,2998.0,4276.0,2994.0,1037.0,2,1,30,490.0,392.0,0,0,439448.0,227826.0,0
2,25,420,1,26230,26440,2623001,2644001,3,2483.0,29179.0,26137.0,25445.0,-370.0,73963.0,43628.0,0,1,-99999999.0,0,0.0,0.0,585.0,3,0.0,0.0,0.0,0.0,0.0,0.0,0.0,6158.0,567.0,4151.0,1954.0,1588.0,0,0,0,0.0,0.0,0,0,1.0,1.0,1
1,65,110,3,26260,26230,2626002,2623002,2,3376.0,0.0,38735.0,40703.0,0.0,197871.0,175954.0,0,1,181009.0,0,0.0,0.0,608.0,0,0.0,0.0,0.0,0.0,0.0,0.0,0.0,11737.0,2537.0,5437.0,1013.0,2944.0,2,0,38,2583.0,1210.0,0,0,160890.0,89698.0,0
1,20,110,5,26410,26260,2641002,2626002,3,2019.0,0.0,24480.0,22961.0,0.0,182828.0,118689.0,0,0,145783.0,0,0.0,0.0,0.0,1,0.0,0.0,0.0,0.0,0.0,0.0,0.0,6589.0,3140.0,3348.0,2288.0,828.0,0,0,0,0.0,0.0,1,0,153446.0,81416.0,0
2,30,420,3,26260,26230,2626001,2623003,1,2749.0,0.0,31228.0,26777.0,333.0,122732.0,109474.0,0,0,131446.0,0,0.0,0.0,0.0,1,0.0,0.0,0.0,0.0,0.0,0.0,0.0,11356.0,4195.0,3843.0,3121.0,9.0,0,0,0,0.0,0.0,1,0,139507.0,88083.0,1
2,25,910,2,26440,26230,2644001,2623003,4,2794.0,0.0,33575.0,27791.0,0.0,90998.0,61059.0,1,0,78003.0,2,11.0,25.5,790.0,2,0.0,0.0,12862.0,8574.0,0.0,0.0,758.0,7684.0,1370.0,3209.0,1178.0,1746.0,0,0,0,0.0,0.0,0,0,76908.0,47165.0,0
2,25,110,3,26230,26410,2623002,2641001,2,2549.0,0.0,30361.0,24448.0,-674.0,110887.0,55261.0,1,1,125784.0,2,25.0,103.5,629.0,1,0.0,0.0,50363.0,31436.0,0.0,0.0,5131.0,3166.0,2362.0,1156.0,541.0,502.0,0,0,0,0.0,0.0,0,0,113691.0,69758.0,1
1,35,110,1,26320,26260,2632002,2626002,2,4552.0,40860.0,51956.0,62389.0,-7930.0,139149.0,113741.0,1,0,158789.0,0,0.0,0.0,0.0,3,0.0,0.0,0.0,0.0,0.0,0.0,0.0,11722.0,3361.0,3903.0,835.0,2394.0,0,0,0,0.0,0.0,1,0,143167.0,85187.0,1
1,45,420,2,26410,26410,2641002,2641001,4,2532.0,0.0,28223.0,32988.0,-521.0,104849.0,62322.0,1,1,97661.0,0,31.0,105.9,384.0,1,0.0,0.0,38734.0,29901.0,0.0,0.0,3622.0,7468.0,4145.0,3348.0,2130.0,1020.0,0,0,0,0.0,0.0,0,1,95325.0,55107.0,1
1,45,220,3,26710,26230,2671003,2623002,3,3092.0,0.0,36959.0,37463.0,0.0,38559.0,35919.0,0,0,39044.0,0,0.0,0.0,0.0,1,0.0,0.0,0.0,0.0,0.0,0.0,0.0,8941.0,3450.0,4526.0,1265.0,822.0,0,0,0,0.0,0.0,1,0,41096.0,20843.0,0
2,50,910,3,26260,26230,2626003,2623001,1,2302.0,0.0,25870.0,24826.0,0.0,33157.0,18043.0,0,0,32677.0,1,0.0,0.0,527.0,1,0.0,0.0,0.0,0.0,0.0,0.0,0.0,5059.0,1861.0,3095.0,772.0,618.0,0,0,0,0.0,0.0,0,0,33167.0,21502.0,0
1,25,420,3,26230,26350,2623001,2635001,3,3143.0,0.0,34071.0,34268.0,4596.0,244115.0,208030.0,0,1,293886.0,1,0.0,5.5,690.0,0,0.0,0.0,0.0,0.0,3659.0,1859.0,290.0,4558.0,4545.0,2475.0,935.0,933.0,0,0,0,0.0,0.0,0,0,258879.0,188364.0,1
2,30,420,5,26440,26230,2644002,2623003,3,3366.0,37098.0,37503.0,39598.0,0.0,20316.0,13645.0,0,1,22838.0,1,0.0,0.0,0.0,1,0.0,0.0,0.0,0.0,0.0,0.0,0.0,4119.0,4203.0,2594.0,831.0,524.0,0,0,0,0.0,0.0,1,0,19777.0,12315.0,0
1,18,420,4,26350,26260,2635002,2626001,2,2418.0,0.0,29629.0,30100.0,0.0,111014.0,95824.0,0,0,149219.0,1,0.0,10.4,532.0,2,3444.0,3082.0,0.0,0.0,0.0,0.0,547.0,12410.0,3338.0,4879.0,1390.0,1673.0,1,1,34,2755.0,2462.0,0,0,143433.0,82248.0,0
1,40,420,1,26710,26350,2671001,2635001,1,2764.0,26295.0,30589.0,27745.0,0.0,85735.0,42925.0,0,0,104509.0,2,0.0,0.0,670.0,0,0.0,0.0,0.0,0.0,0.0,0.0,0.0,3765.0,3045.0,2327.0,201.0,966.0,0,0,0,0.0,0.0,0,0,92347.0,53287.0,0
2,25,910,3,26320,26260,2632001,2626001,1,2218.0,0.0,24331.0,29295.0,-561.0,108715.0,81375.0,1,1,164194.0,0,45.0,329.2,641.0,2,6388.0,2911.0,106673.0,73987.0,3633.0,3203.0,9872.0,5814.0,1806.0,1864.0,1536.0,1398.0,0,0,0,0.0,0.0,0,0,146465.0,82786.0,1
1,35,110,3,26350,26230,2635002,2623003,4,2056.0,19735.0,22137.0,16024.0,0.0,49812.0,23026.0,0,1,-99999999.0,0,0.0,48.4,320.0,0,13379.0,10715.0,0.0,0.0,0.0,0.0,1642.0,2820.0,726.0,1159.0,511.0,1031.0,0,0,0,0.0,0.0,0,0,1.0,1.0,0
1,25,420,1,26230,26350,2623003,2635002,1,3474.0,0.0,36860.0,35677.0,-1305.0,121833.0,102709.0,1,0,141715.0,1,18.0,88.6,794.0,2,5978.0,4126.0,34177.0,25425.0,3758.0,3101.0,4196.0,5119.0,3775.0,2444.0,1359.0,670.0,0,0,0,0.0,0.0,0,0,140671.0,72228.0,1
2,45,220,2,26140,26230,2614002,2623002,3,2440.0,20679.0,30386.0,25585.0,0.0,111704.0,59159.0,0,1,94940.0,2,0.0,8.4,781.0,0,2855.0,2546.0,0.0,0.0,0.0,0.0,222.0,9924.0,2246.0,6777.0,1651.0,781.0,0,0,0,0.0,0.0,0,0,99158.0,55441.0,0
1,45,420,5,26350,26410,2635001,2641003,4,1231.0,12867.0,14247.0,15108.0,0.0,517418.0,328647.0,0,1,692720.0,1,0.0,17.0,619.0,1,3842.0,2418.0,0.0,0.0,0.0,0.0,336.0,6032.0,1123.0,2028.0,975.0,1053.0,1,4,29,443.0,144.0,0,0,660997.0,486312.0,0
2,50,910,2,26440,26260,2644001,2626002,2,3947.0,29873.0,47203.0,42291.0,0.0,106723.0,81193.0,0,1,90447.0,1,0.0,11.6,696.0,1,8905.0,5483.0,0.0,0.0,0.0,0.0,799.0,10473.0,6614.0,4242.0,3372.0,1593.0,0,0,0,0.0,0.0,0,0,79439.0,48758.0,0
1,20,220,3,26230,26470,2623001,2647001,1,2279.0,0.0,27453.0,26270.0,-6945.0,221669.0,146971.0,0,1,262418.0,1,0.0,2.9,608.0,2,0.0,0.0,0.0,0.0,1388.0,802.0,146.0,9910.0,3122.0,3577.0,1294.0,249.0,0,0,0,0.0,0.0,0,0,228138.0,116725.0,1
1,75,110,2,26440,26410,2644002,2641001,3,2640.0,28354.0,29580.0,25533.0,0.0,40167.0,33274.0,1,1,36280.0,0,32.0,39.2,441.0,0,0.0,0.0,21885.0,11608.0,0.0,0.0,1992.0,11039.0,3598.0,5190.0,1820.0,1522.0,0,0,0,0.0,0.0,0,0,31020.0,15600.0,0
1,25,910,1,26260,26470,2626002,2647001,3,3867.0,0.0,46782.0,46773.0,5541.0,182054.0,141728.0,1,0,228624.0,1,0.0,0.0,931.0,3,0.0,0.0,0.0,0.0,0.0,0.0,0.0,15164.0,5559.0,6544.0,2368.0,1281.0,0,0,0,0.0,0.0,0,0,253525.0,188826.0,1
1,25,110,2,26440,26410,2644001,2641001,1,2708.0,22689.0,33641.0,26641.0,-3540.0,113070.0,53338.0,0,0,105904.0,1,0.0,0.0,747.0,1,0.0,0.0,0.0,0.0,0.0,0.0,0.0,13593.0,2564.0,4579.0,1475.0,1253.0,0,0,0,0.0,0.0,0,0,120662.0,83889.0,1
1,25,420,4,26350,26440,2635002,2644001,3,2694.0,0.0,32284.0,40045.0,-1653.0,116058.0,95795.0,0,1,152509.0,0,0.0,0.0,772.0,0,0.0,0.0,0.0,0.0,0.0,0.0,0.0,5338.0,2991.0,2629.0,591.0,533.0,0,0,0,0.0,0.0,0,0,136491.0,77275.0,3
2,25,420,5,26320,26350,2632002,2635001,1,2002.0,21418.0,23871.0,20361.0,1078.0,117025.0,74067.0,0,1,179341.0,1,0.0,2.5,613.0,0,1907.0,605.0,0.0,0.0,0.0,0.0,69.0,3015.0,2164.0,1490.0,1007.0,24.0,0,0,0,0.0,0.0,0,0,203344.0,118468.0,1
1,35,910,4,26230,26260,2623003,2626002,2,1737.0,0.0,19740.0,18839.0,0.0,274801.0,200266.0,1,0,280963.0,0,0.0,72.5,0.0,0,26503.0,14304.0,0.0,0.0,0.0,0.0,1762.0,5125.0,1013.0,2829.0,404.0,923.0,0,0,0,0.0,0.0,1,0,261032.0,179815.0,0
1,25,420,5,26230,26410,2623001,2641001,2,2692.0,21018.0,32796.0,37385.0,0.0,115043.0,59721.0,1,1,145901.0,1,13.0,58.2,472.0,1,0.0,0.0,36100.0,18500.0,859.0,587.0,3597.0,9409.0,3353.0,5988.0,2477.0,1139.0,0,0,0,0.0,0.0,0,0,152245.0,100523.0,0
2,30,910,4,26380,26350,2638002,2635002,4,3036.0,28360.0,32417.0,24506.0,0.0,61668.0,39017.0,0,0,65400.0,0,0.0,7.7,618.0,1,0.0,0.0,0.0,0.0,2962.0,2491.0,427.0,7463.0,2227.0,5145.0,628.0,1051.0,0,0,0,0.0,0.0,0,0,63039.0,41920.0,0
1,35,420,4,26410,26260,2641003,2626002,4,2999.0,30126.0,35986.0,27527.0,6707.0,68216.0,57945.0,0,1,54641.0,0,0.0,0.0,746.0,3,0.0,0.0,0.0,0.0,0.0,0.0,0.0,15210.0,973.0,5195.0,1481.0,2657.0,0,0,0,0.0,0.0,0,0,56587.0,33578.0,2
1,45,220,3,26350,26170,2635002,2617002,3,2487.0,23323.0,27914.0,-1.0,0.0,161180.0,146584.0,1,0,171717.0,1,15.0,93.0,569.0,4,0.0,0.0,39717.0,25616.0,553.0,338.0,4813.0,3997.0,4079.0,1740.0,1078.0,583.0,0,0,0,0.0,0.0,0,0,189385.0,134352.0,0
2,40,220,1,26260,26440,2626001,2644002,3,2813.0,0.0,32721.0,30971.0,0.0,129117.0,118308.0,0,1,149923.0,1,0.0,9.7,768.0,2,5495.0,3158.0,0.0,0.0,0.0,0.0,542.0,13957.0,2425.0,9615.0,3334.0,1535.0,0,0,0,0.0,0.0,0,0,166147.0,112484.0,0
2,35,110,3,26410,26350,2641002,2635002,1,1606.0,17391.0,19731.0,17371.0,0.0,39408.0,30937.0,0,0,30851.0,0,0.0,52.0,689.0,1,0.0,0.0,0.0,0.0,15337.0,10265.0,1143.0,4891.0,1292.0,2578.0,763.0,1305.0,0,0,0,0.0,0.0,0,0,34266.0,23360.0,0
1,25,110,5,26260,26320,2626003,2632001,1,3099.0,0.0,36289.0,33103.0,3020.0,134428.0,59605.0,1,0,162839.0,0,9.0,41.0,0.0,4,0.0,0.0,29387.0,14893.0,0.0,0.0,2123.0,14213.0,3685.0,6520.0,1755.0,1321.0,0,0,0,0.0,0.0,1,0,151341.0,83123.0,1
1,45,420,3,26230,26440,2623001,2644001,4,2905.0,0.0,30651.0,24378.0,-3190.0,51565.0,-99999999.0,0,1,65924.0,1,0.0,0.0,556.0,1,0.0,0.0,0.0,0.0,0.0,0.0,0.0,7119.0,2420.0,3374.0,1249.0,1847.0,0,0,0,0.0,0.0,0,0,71400.0,41123.0,1
1,20,420,4,26110,26350,2611002,2635002,2,4083.0,32594.0,48772.0,39777.0,0.0,128406.0,64998.0,0,0,190377.0,2,0.0,0.0,703.0,1,0.0,0.0,0.0,0.0,0.0,0.0,0.0,13549.0,7172.0,8632.0,4225.0,2183.0,0,0,0,0.0,0.0,0,0,181766.0,107343.0,0
2,25,110,1,26350,26410,2635001,2641002,3,2805.0,0.0,34664.0,32403.0,2094.0,60880.0,47711.0,0,1,57932.0,1,0.0,0.0,901.0,1,0.0,0.0,0.0,0.0,0.0,0.0,0.0,11815.0,919.0,7627.0,3163.0,973.0,0,0,0,0.0,0.0,0,0,52376.0,30177.0,1
1,20,910,2,26320,26440,2632002,2644001,3,2187.0,17302.0,25772.0,18790.0,-5465.0,83376.0,40750.0,0,1,93118.0,0,0.0,4.4,673.0,2,3425.0,1125.0,0.0,0.0,0.0,0.0,142.0,6851.0,3251.0,2864.0,2187.0,1870.0,0,0,0,0.0,0.0,0,0,87767.0,48306.0,4
2,35,910,2,26350,26350,2635001,2635002,2,2767.0,25159.0,33821.0,28894.0,0.0,71191.0,66753.0,1,0,75828.0,1,42.0,100.5,722.0,3,6750.0,2163.0,51150.0,31838.0,0.0,0.0,3323.0,13728.0,769.0,5814.0,1871.0,1019.0,0,0,0,0.0,0.0,0,0,72372.0,48378.0,0
1,30,910,2,26320,26260,2632001,2626002,3,2587.0,29462.0,31434.0,32165.0,1125.0,245573.0,124504.0,0,0,379399.0,1,0.0,0.0,0.0,0,0.0,0.0,0.0,0.0,0.0,0.0,0.0,9052.0,1376.0,5249.0,1717.0,1154.0,0,0,0,0.0,0.0,1,0,386624.0,256124.0,1
1,35,910,5,26260,26320,2626001,2632001,3,3083.0,27334.0,37682.0,39785.0,-502.0,125632.0,53895.0,0,1,134536.0,0,0.0,0.0,0.0,3,0.0,0.0,0.0,0.0,0.0,0.0,0.0,4007.0,1606.0,1310.0,1003.0,1953.0,0,0,0,0.0,0.0,1,1,139268.0,88777.0,1
2,30,420,3,26260,26440,2626001,2644001,1,2817.0,22295.0,31517.0,25908.0,-1628.0,210379.0,181757.0,0,1,255150.0,0,0.0,21.5,0.0,3,1792.0,1024.0,0.0,0.0,7911.0,5741.0,953.0,11961.0,2026.0,7636.0,3723.0,1497.0,0,0,0,0.0,0.0,1,0,247404.0,161620.0,1
1,30,420,4,26230,26200,2623002,2620002,3,1981.0,0.0,22679.0,24893.0,2448.0,560804.0,286711.0,0,1,754274.0,0,0.0,7.5,629.0,2,5111.0,1709.0,0.0,0.0,0.0,0.0,139.0,6190.0,3035.0,1874.0,1441.0,930.0,1,0,50,1788.0,816.0,0,0,828331.0,615615.0,1
1,30,910,4,26260,26410,2626001,2641003,1,1737.0,0.0,21185.0,21873.0,0.0,101527.0,41952.0,0,1,106579.0,0,0.0,4.0,374.0,0,2566.0,852.0,0.0,0.0,0.0,0.0,132.0,7112.0,1095.0,3445.0,460.0,1170.0,0,0,0,0.0,0.0,0,0,92297.0,47728.0,0
2,20,910,3,26410,26260,2641002,2626001,2,2971.0,0.0,36605.0,36824.0,-1667.0,243092.0,170515.0,1,1,206312.0,1,11.0,60.6,0.0,2,0.0,0.0,24600.0,22181.0,0.0,0.0,2240.0,7805.0,3183.0,4816.0,1435.0,2032.0,0,0,0,0.0,0.0,1,0,229040.0,153111.0,1
2,30,220,5,26260,26230,2626002,2623003,4,3699.0,40444.0,39926.0,36854.0,0.0,64882.0,60540.0,1,1,81530.0,0,30.0,61.6,0.0,3,0.0,0.0,30986.0,24576.0,0.0,0.0,2284.0,13759.0,3282.0,9159.0,4240.0,1691.0,0,0,0,0.0,0.0,1,0,87156.0,61221.0,0
1,35,910,2,26350,26350,2635002,2635002,4,2852.0,0.0,30981.0,30951.0,0.0,209594.0,114674.0,1,1,253408.0,0,0.0,0.0,738.0,2,0.0,0.0,0.0,0.0,0.0,0.0,0.0,10931.0,1572.0,6021.0,3132.0,1253.0,0,0,0,0.0,0.0,0,0,243070.0,148074.0,0
2,35,110,1,26410,26320,2641003,2632001,1,3329.0,30382.0,37264.0,44764.0,0.0,60809.0,37993.0,0,0,43365.0,0,0.0,9.5,551.0,0,9226.0,3523.0,0.0,0.0,0.0,0.0,607.0,16750.0,2990.0,8581.0,5643.0,491.0,0,0,0,0.0,0.0,0,0,44872.0,25909.0,0
2,20,110,4,26410,26230,2641002,2623003,3,3458.0,35181.0,41636.0,34572.0,0.0,97631.0,51788.0,0,0,88999.0,1,0.0,4.3,915.0,1,3239.0,1809.0,0.0,0.0,0.0,0.0,156.0,9480.0,5401.0,5488.0,2600.0,2368.0,3,0,31,10270.0,586.0,0,0,87147.0,55523.0,0
2,35,420,4,26230,26260,2623002,2626002,3,2973.0,0.0,36419.0,37571.0,0.0,136234.0,96303.0,0,0,181394.0,1,0.0,6.1,0.0,0,2557.0,2214.0,0.0,0.0,0.0,0.0,232.0,6442.0,4035.0,4103.0,634.0,2888.0,0,0,0,0.0,0.0,1,0,160080.0,110540.0,0
1,25,110,2,26350,26440,2635002,2644002,3,2271.0,19211.0,26481.0,19866.0,0.0,149722.0,86470.0,1,1,190750.0,0,7.0,53.9,900.0,2,0.0,0.0,21594.0,14263.0,0.0,0.0,1488.0,7114.0,1877.0,2171.0,786.0,616.0,0,0,0,0.0,0.0,0,0,217292.0,155661.0,0
2,18,910,5,26710,26710,2671001,2671002,4,2927.0,0.0,31397.0,29190.0,0.0,46003.0,33364.0,0,1,53549.0,0,0.0,0.0,628.0,4,0.0,0.0,0.0,0.0,0.0,0.0,0.0,10742.0,1727.0,5828.0,1651.0,503.0,0,0,0,0.0,0.0,0,0,51190.0,34070.0,0
1,25,910,1,26320,26350,2632002,2635002,1,3585.0,0.0,39820.0,32637.0,2951.0,58676.0,38897.0,1,1,85044.0,0,36.0,88.3,0.0,2,6613.0,3530.0,36430.0,30877.0,1194.0,750.0,3868.0,10696.0,3465.0,6490.0,904.0,2993.0,2,0,32,1225.0,214.0,1,0,93772.0,61975.0,1
2,30,420,2,26410,26410,2641003,2641001,3,3144.0,0.0,38401.0,34145.0,0.0,142468.0,129775.0,1,1,123117.0,1,19.0,64.5,854.0,0,3548.0,1567.0,36890.0,23211.0,0.0,0.0,3705.0,15421.0,1890.0,10335.0,3979.0,1262.0,0,0,0,0.0,0.0,0,0,133412.0,96575.0,0
2,25,220,1,26110,26350,2611001,2635001,2,3286.0,0.0,36787.0,29975.0,0.0,79171.0,-99999999.0,0,1,110843.0,0,0.0,3.4,531.0,1,3163.0,1250.0,0.0,0.0,0.0,0.0,119.0,16080.0,1480.0,7394.0,2533.0,2037.0,0,0,0,0.0,0.0,0,0,119474.0,75648.0,0
1,40,220,1,26410,26170,2641001,2617002,1,2499.0,21680.0,26753.0,23982.0,0.0,42684.0,33098.0,1,1,40730.0,0,66.0,100.2,656.0,1,0.0,0.0,46009.0,26812.0,0.0,0.0,4690.0,11851.0,686.0,7830.0,1290.0,1008.0,0,0,0,0.0,0.0,0,0,35053.0,20690.0,0
2,25,420,4,26260,26440,2626002,2644002,2,2668.0,26464.0,29626.0,27811.0,4034.0,94600.0,63151.0,1,0,91154.0,0,0.0,0.0,720.0,1,0.0,0.0,0.0,0.0,0.0,0.0,0.0,4268.0,633.0,2356.0,515.0,1334.0,3,0,42,4072.0,1314.0,0,0,100279.0,54858.0,1
1,40,420,4,26350,26440,2635001,2644002,1,2723.0,0.0,32985.0,27626.0,0.0,91915.0,52091.0,0,0,119372.0,0,0.0,0.0,702.0,2,0.0,0.0,0.0,0.0,0.0,0.0,0.0,6110.0,4831.0,2648.0,2030.0,881.0,0,0,0,0.0,0.0,0,0,118583.0,63263.0,0
1,25,420,4,26440,26170,2644002,2617002,3,2767.0,21615.0,31784.0,22656.0,0.0,109771.0,62864.0,1,1,103615.0,0,39.0,133.9,656.0,3,2470.0,2123.0,53651.0,40442.0,0.0,0.0,5101.0,6455.0,2129.0,4476.0,1813.0,1960.0,0,0,0,0.0,0.0,0,0,115250.0,68341.0,0
2,35,110,5,26320,26290,2632002,2629002,3,3559.0,36962.0,38591.0,38999.0,3454.0,135611.0,91835.0,0,1,191199.0,1,0.0,3.9,0.0,4,0.0,0.0,0.0,0.0,1752.0,1515.0,241.0,16402.0,959.0,5305.0,2401.0,1556.0,0,0,0,0.0,0.0,1,0,184962.0,93779.0,1
2,45,910,1,26380,26230,2638002,2623002,3,1274.0,9993.0,14174.0,12333.0,0.0,130534.0,65992.0,0,0,162667.0,0,0.0,0.0,760.0,2,0.0,0.0,0.0,0.0,0.0,0.0,0.0,5293.0,1355.0,3429.0,1507.0,547.0,1,0,42,915.0,395.0,0,0,169926.0,112087.0,0
2,30,420,4,26350,26230,2635001,2623002,1,2820.0,0.0,34988.0,33995.0,0.0,62261.0,29439.0,0,0,80105.0,1,0.0,29.5,0.0,1,11601.0,10320.0,0.0,0.0,0.0,0.0,826.0,4985.0,2838.0,2549.0,1625.0,1570.0,2,0,34,4452.0,975.0,1,0,75311.0,54134.0,0
2,20,110,1,26230,26350,2623001,2635002,4,2748.0,0.0,31228.0,28237.0,1049.0,77150.0,46660.0,1,1,78527.0,0,33.0,103.1,776.0,3,10006.0,6522.0,35118.0,25686.0,0.0,0.0,4608.0,7914.0,2957.0,4225.0,2222.0,2342.0,0,0,0,0.0,0.0,0,0,83775.0,55327.0,1
2,35,910,5,26440,26230,2644002,2623001,1,1909.0,0.0,21731.0,20969.0,0.0,172245.0,81259.0,0,0,178258.0,1,0.0,15.3,701.0,3,3949.0,3325.0,0.0,0.0,0.0,0.0,655.0,9241.0,1965.0,5849.0,1543.0,1423.0,0,0,0,0.0,0.0,0,0,204561.0,152448.0,0
1,75,910,4,26380,26260,2638001,2626001,2,3237.0,0.0,34979.0,49522.0,261.0,71260.0,37548.0,0,1,71637.0,0,0.0,0.0,735.0,1,0.0,0.0,0.0,0.0,0.0,0.0,0.0,6023.0,1154.0,4040.0,622.0,168.0,0,0,0,0.0,0.0,0,0,67782.0,49555.0,1
2,65,910,4,26440,26410,2644002,2641003,2,2329.0,20892.0,25873.0,25874.0,0.0,77882.0,54071.0,0,0,66548.0,1,0.0,0.0,797.0,1,0.0,0.0,0.0,0.0,0.0,0.0,0.0,7600.0,3035.0,5002.0,2177.0,743.0,0,0,0,0.0,0.0,0,0,63201.0,40981.0,0
1,25,910,3,26440,26260,2644002,2626002,3,2568.0,0.0,31148.0,26398.0,0.0,40032.0,33409.0,1,0,40020.0,0,0.0,0.0,610.0,0,0.0,0.0,0.0,0.0,0.0,0.0,0.0,10629.0,2147.0,5172.0,708.0,384.0,0,0,0,0.0,0.0,0,0,42963.0,22883.0,0
1,40,910,2,26260,26320,2626001,2632001,2,4002.0,38616.0,48314.0,52790.0,-2894.0,97032.0,50808.0,1,1,127244.0,0,18.0,48.2,794.0,0,0.0,0.0,28803.0,23271.0,0.0,0.0,3447.0,5927.0,7223.0,3466.0,807.0,3525.0,4,0,35,2627.0,1618.0,0,0,126568.0,69490.0,1
1,30,420,4,26440,26440,2644002,2644002,4,3456.0,28217.0,39298.0,33641.0,0.0,121438.0,101451.0,1,1,141964.0,1,15.0,61.8,630.0,1,4868.0,3073.0,26543.0,21228.0,0.0,0.0,4270.0,9869.0,3805.0,5931.0,724.0,774.0,0,0,0,0.0,0.0,0,0,132588.0,78067.0,0
1,25,910,5,26350,26440,2635001,2644002,4,3173.0,35798.0,38988.0,36867.0,-3890.0,30173.0,12327.0,0,0,35953.0,0,0.0,4.6,468.0,2,0.0,0.0,0.0,0.0,2129.0,1778.0,214.0,16427.0,3265.0,7204.0,2036.0,2391.0,0,0,0,0.0,0.0,0,0,41023.0,22262.0,1
1,35,220,1,26350,26320,2635001,2632001,4,3048.0,0.0,34322.0,-1.0,0.0,51940.0,49258.0,0,0,66247.0,0,0.0,0.0,607.0,0,0.0,0.0,0.0,0.0,0.0,0.0,0.0,3574.0,2299.0,1506.0,516.0,1688.0,0,0,0,0.0,0.0,0,0,57630.0,34782.0,0
2,30,910,5,26230,26230,2623002,2623002,1,2693.0,0.0,32932.0,28247.0,0.0,42065.0,28786.0,0,0,44388.0,0,0.0,4.5,556.0,2,4734.0,1485.0,0.0,0.0,0.0,0.0,149.0,10594.0,2965.0,6659.0,1688.0,2021.0,0,0,0,0.0,0.0,0,0,49373.0,36963.0,0
2,35,220,4,26440,26320,2644001,2632001,4,4100.0,0.0,43309.0,38254.0,0.0,158421.0,104833.0,1,1,141799.0,2,23.0,74.8,699.0,0,0.0,0.0,35842.0,32404.0,0.0,0.0,6335.0,17581.0,3530.0,9042.0,1631.0,2319.0,0,0,0,0.0,0.0,0,0,122730.0,91945.0,0
1,45,910,1,26440,26440,2644001,2644002,1,3321.0,33061.0,37177.0,34011.0,0.0,31338.0,23748.0,0,0,33516.0,2,0.0,6.8,0.0,1,4664.0,2530.0,0.0,0.0,0.0,0.0,442.0,9312.0,3284.0,3624.0,2179.0,855.0,0,0,0,0.0,0.0,1,0,34972.0,24063.0,0
1,25,110,5,26230,26290,2623003,2629003,4,2313.0,23425.0,28242.0,23886.0,0.0,94164.0,62275.0,1,0,120684.0,1,5.0,19.6,667.0,1,0.0,0.0,8412.0,5537.0,0.0,0.0,635.0,5384.0,4127.0,3511.0,1824.0,1126.0,0,0,0,0.0,0.0,0,0,115400.0,75391.0,0
2,35,420,1,26440,26320,2644002,2632002,4,1890.0,0.0,23252.0,21926.0,687.0,151860.0,94823.0,1,0,164354.0,0,0.0,0.0,782.0,0,0.0,0.0,0.0,0.0,0.0,0.0,0.0,8239.0,1691.0,4102.0,697.0,321.0,0,0,0,0.0,0.0,0,0,173187.0,123494.0,1
1,30,110,4,26320,26410,2632001,2641003,1,3168.0,31042.0,38057.0,-1.0,288.0,110491.0,66741.0,0,1,125449.0,0,0.0,0.0,843.0,0,0.0,0.0,0.0,0.0,0.0,0.0,0.0,8694.0,2151.0,5641.0,2289.0,705.0,0,0,0,0.0,0.0,0,1,131555.0,97424.0,1
2,20,420,1,26260,26440,2626003,2644002,1,2764.0,22869.0,32725.0,33623.0,0.0,75813.0,71098.0,1,1,80033.0,1,0.0,3.2,0.0,0,1831.0,1044.0,0.0,0.0,0.0,0.0,142.0,7103.0,2464.0,2599.0,740.0,325.0,0,0,0,0.0,0.0,1,0,74950.0,53385.0,0
2,30,420,1,26230,26230,2623003,2623003,3,1871.0,0.0,22697.0,29890.0,1664.0,121526.0,106192.0,0,0,117695.0,0,0.0,23.6,791.0,2,6224.0,5352.0,0.0,0.0,0.0,0.0,443.0,4339.0,608.0,2848.0,1054.0,1591.0,0,0,0,0.0,0.0,0,0,112446.0,74525.0,1
1,60,420,4,26230,26230,2623001,2623002,1,3079.0,0.0,36687.0,32507.0,0.0,183907.0,124381.0,0,1,235714.0,0,0.0,0.0,0.0,1,0.0,0.0,0.0,0.0,0.0,0.0,0.0,16006.0,2910.0,7393.0,1588.0,838.0,0,0,0,0.0,0.0,1,0,253040.0,157317.0,0
2,30,420,4,26230,26350,2623001,2635001,4,2625.0,0.0,28897.0,24816.0,0.0,92543.0,79592.0,1,1,100079.0,1,18.0,60.8,447.0,0,0.0,0.0,22659.0,17555.0,0.0,0.0,2016.0,10428.0,4037.0,4349.0,3299.0,304.0,1,2,24,444.0,2059.0,0,0,85412.0,50712.0,0
2,20,220,4,26440,26260,2644001,2626002,3,3145.0,0.0,35955.0,30698.0,0.0,25762.0,12417.0,1,1,24973.0,0,0.0,0.0,497.0,0,0.0,0.0,0.0,0.0,0.0,0.0,0.0,5340.0,1659.0,2390.0,305.0,693.0,0,0,0,0.0,0.0,0,0,24021.0,14641.0,0
2,40,220,2,26440,26440,2644002,2644002,3,3087.0,31203.0,36493.0,33074.0,0.0,196544.0,135850.0,1,0,201129.0,1,10.0,74.4,0.0,0,6833.0,6108.0,33013.0,21047.0,0.0,0.0,3887.0,7449.0,1153.0,4031.0,859.0,768.0,0,0,0,0.0,0.0,1,0,182720.0,98682.0,0
1,65,110,5,26410,26230,2641003,2623002,4,2405.0,0.0,28080.0,23894.0,0.0,-99999999.0,81281.0,0,0,1.0,1,0.0,0.0,753.0,1,0.0,0.0,0.0,0.0,0.0,0.0,0.0,11620.0,620.0,4882.0,2864.0,282.0,0,0,0,0.0,0.0,0,0,1.0,1.0,0
2,55,420,1,26440,26260,2644001,2626001,1,3211.0,35226.0,39400.0,49653.0,-1600.0,96776.0,56003.0,1,0,91165.0,1,29.0,68.1,625.0,0,0.0,0.0,31567.0,26843.0,0.0,0.0,4455.0,15381.0,4088.0,8574.0,3880.0,2199.0,0,0,0,0.0,0.0,0,0,83270.0,57561.0,1
2,35,220,5,26350,26230,2635002,2623001,3,2476.0,0.0,28344.0,27956.0,0.0,30085.0,27231.0,0,0,37802.0,1,0.0,5.9,804.0,2,5074.0,1672.0,0.0,0.0,0.0,0.0,192.0,6328.0,3386.0,3174.0,1185.0,1511.0,0,0,0,0.0,0.0,0,0,40013.0,26407.0,0
1,30,110,2,26350,26260,2635001,2626002,4,2519.0,0.0,27346.0,33440.0,0.0,82538.0,70807.0,1,0,88341.0,0,0.0,4.4,888.0,0,2492.0,1202.0,0.0,0.0,0.0,0.0,213.0,9522.0,2933.0,5353.0,1176.0,1289.0,0,0,0,0.0,0.0,0,0,96034.0,55599.0,0
2,35,420,4,26230,26260,2623002,2626003,1,2454.0,28383.0,26820.0,27472.0,0.0,58379.0,52477.0,0,1,69509.0,1,0.0,7.8,535.0,0,0.0,0.0,0.0,0.0,3346.0,2101.0,278.0,3628.0,2771.0,1578.0,858.0,1865.0,0,0,0,0.0,0.0,0,0,65313.0,41046.0,0
2,45,910,5,26230,26320,2623003,2632001,1,3535.0,35162.0,43099.0,33871.0,0.0,47583.0,35657.0,1,1,64824.0,1,27.0,51.8,926.0,0,2102.0,1290.0,27965.0,17532.0,4438.0,3490.0,3168.0,6557.0,5439.0,2647.0,2278.0,186.0,0,0,0,0.0,0.0,0,1,66001.0,39150.0,0
1,50,110,2,26410,26230,2641002,2623002,1,2618.0,0.0,27535.0,23061.0,0.0,90956.0,55203.0,0,0,65027.0,1,0.0,7.0,437.0,2,4766.0,1916.0,0.0,0.0,0.0,0.0,161.0,11435.0,3606.0,6513.0,2766.0,1337.0,1,1,34,3098.0,983.0,0,0,64688.0,36211.0,0
1,45,420,3,26410,26230,2641002,2623003,2,3692.0,0.0,45184.0,40009.0,0.0,71569.0,58418.0,0,0,54409.0,1,0.0,1.8,0.0,1,2047.0,823.0,0.0,0.0,0.0,0.0,68.0,13112.0,2878.0,6710.0,1357.0,2125.0,0,0,0,0.0,0.0,1,0,50100.0,26382.0,0
2,30,910,5,26260,26350,2626001,2635002,1,3959.0,0.0,42010.0,41894.0,0.0,74454.0,34227.0,1,0,88481.0,2,14.0,29.0,646.0,1,0.0,0.0,20177.0,12173.0,0.0,0.0,1283.0,6204.0,4006.0,2215.0,2016.0,2410.0,0,0,0,0.0,0.0,0,0,95050.0,60146.0,0
1,20,110,5,26230,26410,2623003,2641003,1,2320.0,0.0,26177.0,29714.0,-2053.0,153857.0,133732.0,1,1,185002.0,1,23.0,163.4,620.0,0,0.0,0.0,53890.0,42771.0,0.0,0.0,5207.0,7112.0,2763.0,3991.0,1879.0,682.0,0,0,0,0.0,0.0,0,0,173339.0,113931.0,1
2,35,420,2,26260,26230,2626001,2623002,4,901.0,0.0,10902.0,10304.0,0.0,115075.0,47851.0,0,0,150461.0,2,0.0,32.1,649.0,1,5840.0,3496.0,0.0,0.0,0.0,0.0,354.0,2861.0,702.0,1175.0,658.0,371.0,2,2,49,1840.0,1068.0,0,0,154706.0,77415.0,0
1,25,910,3,26350,26350,2635001,2635002,2,3479.0,26864.0,39366.0,32898.0,-5161.0,73328.0,62330.0,0,1,70701.0,0,0.0,2.5,546.0,0,0.0,0.0,0.0,0.0,2025.0,1000.0,140.0,17672.0,4044.0,7878.0,1822.0,1067.0,0,0,0,0.0,0.0,0,0,78360.0,39926.0,2
2,20,910,2,26320,26470,2632001,2647003,2,2578.0,0.0,31309.0,28685.0,0.0,67953.0,53490.0,0,1,102498.0,2,0.0,5.5,845.0,2,4053.0,1722.0,0.0,0.0,0.0,0.0,262.0,3291.0,3310.0,2113.0,458.0,978.0,0,0,0,0.0,0.0,0,0,107312.0,58665.0,0
2,30,110,3,26260,26350,2626003,2635002,2,2237.0,0.0,23937.0,30218.0,4493.0,75138.0,33711.0,0,1,83347.0,2,0.0,9.4,560.0,0,4172.0,2246.0,0.0,0.0,0.0,0.0,396.0,8590.0,479.0,3272.0,1660.0,1226.0,0,0,0,0.0,0.0,0,0,80529.0,55365.0,1
2,35,220,2,26230,26110,2623002,2611001,4,2417.0,20491.0,27851.0,26634.0,0.0,85096.0,40918.0,0,1,88977.0,0,0.0,7.8,577.0,1,5822.0,2159.0,0.0,0.0,0.0,0.0,306.0,10158.0,865.0,4798.0,2323.0,576.0,3,0,38,1159.0,189.0,0,0,89838.0,61398.0,0
2,50,110,1,26200,26410,2620002,2641002,2,2530.0,19389.0,29512.0,39720.0,1124.0,140145.0,90928.0,1,1,110418.0,1,11.0,40.4,471.0,1,0.0,0.0,20641.0,11929.0,0.0,0.0,1480.0,10957.0,3410.0,3663.0,1704.0,2049.0,0,0,0,0.0,0.0,0,0,123222.0,74474.0,1
1,45,910,5,26440,26440,2644002,2644001,2,3643.0,0.0,44742.0,38885.0,-1528.0,52810.0,29834.0,0,0,50857.0,0,0.0,0.0,0.0,3,0.0,0.0,0.0,0.0,0.0,0.0,0.0,16651.0,1334.0,7995.0,4070.0,3557.0,0,0,0,0.0,0.0,1,0,52904.0,39656.0,2
1,50,910,4,26350,26230,2635002,2623002,4,2904.0,0.0,31036.0,33514.0,0.0,236822.0,207695.0,0,1,242804.0,1,0.0,13.5,559.0,2,0.0,0.0,0.0,0.0,4866.0,4193.0,555.0,10812.0,2669.0,7227.0,1075.0,1058.0,0,0,0,0.0,0.0,0,0,246381.0,154339.0,0
2,40,910,3,26320,26320,2632002,2632001,1,3634.0,31345.0,40618.0,47982.0,3691.0,140205.0,70952.0,0,0,166953.0,0,0.0,6.6,550.0,2,4364.0,2674.0,0.0,0.0,0.0,0.0,304.0,10087.0,1047.0,5280.0,2987.0,3220.0,0,0,0,0.0,0.0,0,0,162404.0,107878.0,1
2,40,910,1,26260,26530,2626001,2653002,2,3121.0,0.0,36886.0,32000.0,0.0,19096.0,12019.0,0,1,19632.0,0,0.0,0.0,627.0,2,0.0,0.0,0.0,0.0,0.0,0.0,0.0,4327.0,4709.0,2801.0,439.0,1423.0,0,0,0,0.0,0.0,0,0,21134.0,13395.0,0
1,18,420,1,26440,26350,2644002,2635001,3,2599.0,0.0,32383.0,29072.0,0.0,103903.0,56446.0,0,1,105323.0,0,0.0,3.4,505.0,1,0.0,0.0,0.0,0.0,2616.0,1095.0,112.0,14205.0,2982.0,7342.0,4785.0,51.0,0,0,0,0.0,0.0,0,0,94963.0,69588.0,0
2,35,110,3,26440,26440,2644002,2644001,3,2546.0,0.0,31052.0,29161.0,-882.0,184322.0,86622.0,0,1,155564.0,0,0.0,5.1,0.0,1,0.0,0.0,0.0,0.0,2243.0,1579.0,257.0,5737.0,1444.0,1856.0,1534.0,2242.0,0,0,0,0.0,0.0,1,0,165617.0,88130.0,2
2,20,110,4,26140,26350,2614003,2635001,4,3165.0,34751.0,38591.0,28402.0,-2981.0,124645.0,67665.0,1,1,94523.0,2,41.0,99.9,630.0,0,0.0,0.0,56314.0,38551.0,0.0,0.0,4002.0,7982.0,5100.0,4005.0,2243.0,1039.0,0,0,0,0.0,0.0,0,0,96215.0,49432.0,1
1,20,910,2,26440,26440,2644002,2644002,4,3333.0,24969.0,38444.0,34165.0,0.0,77080.0,67290.0,1,1,71987.0,0,75.0,141.0,699.0,1,0.0,0.0,58826.0,54190.0,0.0,0.0,6708.0,5900.0,1368.0,2319.0,876.0,186.0,0,0,0,0.0,0.0,0,0,63135.0,40250.0,0
1,25,220,4,26260,26410,2626003,2641001,2,3448.0,0.0,40095.0,42962.0,0.0,95163.0,75514.0,0,1,113991.0,0,0.0,0.0,762.0,0,0.0,0.0,0.0,0.0,0.0,0.0,0.0,8665.0,5532.0,4099.0,1243.0,591.0,0,0,0,0.0,0.0,0,0,125489.0,83289.0,0
2,45,110,2,26440,26350,2644002,2635002,4,2630.0,0.0,32131.0,29002.0,0.0,109863.0,99188.0,0,1,128299.0,1,0.0,4.6,913.0,0,4055.0,1470.0,0.0,0.0,0.0,0.0,184.0,6900.0,4703.0,2725.0,2031.0,1861.0,0,0,0,0.0,0.0,0,0,131235.0,93113.0,0
2,40,910,1,26440,26320,2644002,2632002,1,2914.0,0.0,35665.0,36132.0,3507.0,156647.0,97576.0,0,1,128178.0,0,0.0,55.1,0.0,2,26569.0,19645.0,0.0,0.0,0.0,0.0,3099.0,8056.0,3763.0,2781.0,2419.0,665.0,0,0,0,0.0,0.0,1,0,132490.0,82473.0,1
1,60,420,3,26320,26410,2632001,2641003,1,3180.0,30979.0,38492.0,31550.0,0.0,42232.0,22477.0,0,0,65623.0,0,0.0,0.0,618.0,2,0.0,0.0,0.0,0.0,0.0,0.0,0.0,9286.0,4965.0,3572.0,2095.0,2258.0,0,0,0,0.0,0.0,0,0,67159.0,36403.0,0
2,65,420,1,26260,26320,2626001,2632001,4,2550.0,0.0,30950.0,28867.0,0.0,68665.0,28460.0,0,1,81659.0,0,0.0,4.3,511.0,0,0.0,0.0,0.0,0.0,2019.0,1344.0,108.0,10330.0,3933.0,4757.0,1709.0,2059.0,0,0,0,0.0,0.0,0,0,91805.0,54208.0,0
2,55,910,1,26350,26320,2635001,2632002,1,2062.0,23285.0,25279.0,23256.0,0.0,263853.0,177398.0,0,1,350877.0,2,0.0,0.0,0.0,2,0.0,0.0,0.0,0.0,0.0,0.0,0.0,11118.0,1996.0,6995.0,2421.0,1840.0,0,0,0,0.0,0.0,1,0,355778.0,247365.0,0
1,25,910,1,26350,26410,2635002,2641002,2,2276.0,0.0,0.0,25036.0,0.0,100687.0,42475.0,0,1,118401.0,1,0.0,0.0,0.0,1,0.0,0.0,0.0,0.0,0.0,0.0,0.0,0.0,0.0,0.0,0.0,0.0,0,0,0,0.0,0.0,1,0,127822.0,73097.0,0
1,50,420,2,26410,26410,2641001,2641002,3,2643.0,19315.0,29298.0,28193.0,0.0,246901.0,99341.0,1,1,202214.0,1,0.0,0.0,0.0,2,0.0,0.0,0.0,0.0,0.0,0.0,0.0,13124.0,903.0,4130.0,3761.0,423.0,0,0,0,0.0,0.0,1,0,204469.0,146133.0,0
2,45,420,3,26440,26410,2644001,2641001,2,3230.0,0.0,40221.0,39372.0,0.0,592056.0,433734.0,0,0,650043.0,0,0.0,4.5,658.0,2,3481.0,1811.0,0.0,0.0,0.0,0.0,174.0,4798.0,1347.0,2930.0,889.0,1797.0,0,0,0,0.0,0.0,0,0,708560.0,375520.0,0
1,50,420,5,26410,26440,2641003,2644002,4,3618.0,0.0,41931.0,47846.0,-7844.0,73481.0,-99999999.0,0,1,62138.0,0,0.0,9.1,678.0,5,9761.0,3826.0,0.0,0.0,0.0,0.0,617.0,9707.0,3635.0,3031.0,2798.0,2963.0,0,0,0,0.0,0.0,0,0,67466.0,40890.0,1
1,25,110,2,26320,26350,2632001,2635002,2,1919.0,0.0,20827.0,20894.0,3673.0,48129.0,34069.0,0,0,73046.0,1,0.0,14.7,407.0,2,4884.0,3062.0,0.0,0.0,0.0,0.0,340.0,2303.0,513.0,761.0,559.0,405.0,1,1,37,723.0,498.0,0,0,83821.0,56828.0,1
1,20,110,1,26260,26260,2626003,2626001,3,2412.0,25105.0,27753.0,25337.0,0.0,84177.0,60223.0,0,0,107165.0,0,0.0,13.2,0.0,0,8789.0,3662.0,0.0,0.0,0.0,0.0,514.0,8577.0,2287.0,5186.0,2600.0,2218.0,0,0,0,0.0,0.0,1,0,110246.0,64949.0,0
2,55,910,1,26410,26410,2641002,2641001,1,2567.0,0.0,30269.0,29406.0,1800.0,190879.0,-99999999.0,0,1,160222.0,0,0.0,0.0,745.0,4,0.0,0.0,0.0,0.0,0.0,0.0,0.0,13400.0,1734.0,6128.0,3894.0,1783.0,0,0,0,0.0,0.0,0,0,153504.0,102207.0,1
1,25,420,2,26410,26320,2641001,2632001,1,3317.0,30604.0,40323.0,49283.0,0.0,207594.0,126782.0,0,0,176967.0,0,0.0,0.0,644.0,1,0.0,0.0,0.0,0.0,0.0,0.0,0.0,7028.0,5377.0,3012.0,1220.0,3012.0,0,0,0,0.0,0.0,0,0,198493.0,148062.0,0
2,30,420,2,26260,26230,2626001,2623002,1,2457.0,0.0,29790.0,30121.0,0.0,385843.0,303981.0,0,0,422951.0,2,0.0,17.2,796.0,2,6600.0,5135.0,0.0,0.0,0.0,0.0,698.0,10461.0,946.0,4709.0,2936.0,741.0,4,0,40,2728.0,88.0,0,0,442259.0,-99999999.0,0
2,30,420,2,26140,26260,2614003,2626002,3,2521.0,22831.0,26719.0,27838.0,0.0,96560.0,58060.0,0,0,92028.0,1,0.0,0.0,800.0,1,0.0,0.0,0.0,0.0,0.0,0.0,0.0,9808.0,2897.0,4999.0,2270.0,433.0,0,0,0,0.0,0.0,0,0,95161.0,48357.0,0
1,20,910,5,26350,26230,2635002,2623002,1,1882.0,0.0,21468.0,20271.0,0.0,132301.0,60036.0,0,0,163729.0,0,0.0,7.7,0.0,0,3928.0,1661.0,0.0,0.0,0.0,0.0,164.0,2925.0,656.0,1587.0,728.0,1631.0,0,0,0,0.0,0.0,1,0,175667.0,114273.0,0
1,18,420,2,26320,26320,2632002,2632001,3,3114.0,0.0,32825.0,31477.0,1720.0,64404.0,36742.0,0,1,90082.0,2,0.0,0.0,0.0,0,0.0,0.0,0.0,0.0,0.0,0.0,0.0,8254.0,2909.0,4689.0,976.0,740.0,0,0,0,0.0,0.0,1,0,90211.0,66584.0,2
1,75,420,4,26530,26260,2653003,2626001,2,2695.0,20214.0,33085.0,34170.0,-947.0,21934.0,8865.0,0,1,24007.0,0,0.0,0.0,656.0,1,0.0,0.0,0.0,0.0,0.0,0.0,0.0,4927.0,2099.0,1668.0,1390.0,2393.0,0,0,0,0.0,0.0,0,0,25535.0,15898.0,2
1,50,220,4,26230,26440,2623001,2644001,3,2375.0,28034.0,25764.0,26771.0,0.0,96395.0,63076.0,0,1,130769.0,1,0.0,32.4,386.0,0,12368.0,8338.0,0.0,0.0,0.0,0.0,1197.0,5752.0,2355.0,2104.0,487.0,351.0,0,0,0,0.0,0.0,0,1,149737.0,92289.0,0
2,55,910,1,26410,26410,2641003,2641001,4,2631.0,27539.0,30914.0,29723.0,-3201.0,49402.0,39876.0,0,0,38562.0,0,0.0,20.0,626.0,3,0.0,0.0,0.0,0.0,7407.0,6168.0,1006.0,11821.0,913.0,5599.0,1282.0,887.0,0,0,0,0.0,0.0,0,0,41067.0,22854.0,1
2,25,110,2,26230,26410,2623001,2641003,4,3533.0,0.0,41128.0,35019.0,-5317.0,145221.0,120767.0,0,1,153029.0,2,0.0,0.0,516.0,0,0.0,0.0,0.0,0.0,0.0,0.0,0.0,8296.0,3497.0,5356.0,1287.0,2068.0,0,0,0,0.0,0.0,0,0,165039.0,97586.0,1
2,25,420,3,26410,26260,2641001,2626003,1,2147.0,0.0,25230.0,23540.0,0.0,-99999999.0,16846.0,0,1,1.0,0,0.0,0.0,667.0,1,0.0,0.0,0.0,0.0,0.0,0.0,0.0,10765.0,2173.0,6514.0,2997.0,1841.0,0,0,0,0.0,0.0,0,0,1.0,1.0,0
2,30,420,3,26320,26260,2632002,2626002,4,2253.0,0.0,26195.0,21066.0,1271.0,63348.0,29020.0,0,0,70848.0,2,0.0,0.0,739.0,3,0.0,0.0,0.0,0.0,0.0,0.0,0.0,9736.0,3397.0,3648.0,1700.0,967.0,0,0,0,0.0,0.0,0,0,73788.0,46569.0,1
2,30,220,1,26260,26500,2626002,2650001,4,3614.0,0.0,43119.0,35933.0,-3067.0,115914.0,58187.0,0,1,127098.0,1,0.0,2.8,622.0,4,4075.0,1223.0,0.0,0.0,0.0,0.0,154.0,8284.0,1177.0,3438.0,1951.0,2067.0,0,0,0,0.0,0.0,0,0,132385.0,93192.0,1
2,18,910,4,26230,26320,2623002,2632001,3,2849.0,32240.0,33482.0,26689.0,0.0,123428.0,116151.0,0,1,119401.0,0,0.0,10.6,533.0,1,0.0,0.0,0.0,0.0,4191.0,3547.0,705.0,8343.0,1206.0,3767.0,2714.0,874.0,0,0,0,0.0,0.0,0,0,136823.0,95120.0,0
2,45,910,2,26230,26320,2623003,2632002,1,3235.0,27648.0,34552.0,27971.0,0.0,95946.0,54848.0,0,1,97649.0,0,0.0,0.0,680.0,0,0.0,0.0,0.0,0.0,0.0,0.0,0.0,10926.0,5094.0,7036.0,2881.0,540.0,0,0,0,0.0,0.0,0,0,102305.0,62418.0,0
1,75,220,2,26440,26230,2644001,2623001,3,3061.0,0.0,34386.0,27195.0,-995.0,302673.0,192532.0,0,0,246929.0,1,0.0,5.0,968.0,1,2152.0,1712.0,0.0,0.0,0.0,0.0,229.0,10741.0,2866.0,7426.0,3217.0,2038.0,0,0,0,0.0,0.0,0,0,213345.0,129993.0,1
2,30,910,4,26440,26260,2644002,2626002,3,2777.0,0.0,32194.0,37565.0,0.0,253135.0,111783.0,0,1,222027.0,0,0.0,11.0,368.0,1,9991.0,3541.0,0.0,0.0,0.0,0.0,460.0,9564.0,3617.0,3161.0,861.0,1893.0,0,0,0,0.0,0.0,0,0,202856.0,135788.0,0
1,30,420,5,26230,26440,2623003,2644002,3,2574.0,26679.0,0.0,28314.0,0.0,65474.0,54614.0,1,1,89697.0,0,0.0,0.0,680.0,0,0.0,0.0,0.0,0.0,0.0,0.0,0.0,0.0,0.0,0.0,0.0,0.0,0,0,0,0.0,0.0,0,0,83658.0,61397.0,0
2,30,910,5,26440,26320,2644001,2632001,2,3341.0,0.0,40161.0,33116.0,-5509.0,259275.0,167665.0,0,0,261812.0,1,0.0,4.5,579.0,0,0.0,0.0,0.0,0.0,2918.0,1797.0,323.0,17286.0,4093.0,7692.0,2119.0,484.0,0,0,0,0.0,0.0,0,0,275910.0,189144.0,1
1,20,420,5,26260,26440,2626002,2644001,3,3556.0,0.0,39599.0,-1.0,6561.0,284168.0,127327.0,0,1,266709.0,0,0.0,6.6,595.0,1,5271.0,2616.0,0.0,0.0,0.0,0.0,391.0,5178.0,2971.0,2220.0,1653.0,186.0,0,0,0,0.0,0.0,0,0,239730.0,149753.0,1
2,25,420,3,26320,26440,2632001,2644001,3,3505.0,0.0,42612.0,46601.0,4092.0,91643.0,60495.0,0,1,124362.0,0,0.0,0.0,636.0,2,0.0,0.0,0.0,0.0,0.0,0.0,0.0,13703.0,5460.0,6846.0,3686.0,2131.0,0,0,0,0.0,0.0,0,0,139032.0,101163.0,1
2,30,420,1,26320,26320,2632002,2632001,2,2029.0,0.0,21900.0,19404.0,0.0,101442.0,80373.0,1,0,139452.0,1,0.0,6.2,605.0,1,0.0,0.0,0.0,0.0,1528.0,1357.0,112.0,2463.0,1674.0,1447.0,405.0,856.0,0,0,0,0.0,0.0,0,0,125596.0,93808.0,0
1,30,220,2,26320,26290,2632001,2629003,4,3648.0,39989.0,43917.0,42176.0,0.0,95757.0,63216.0,0,1,129186.0,0,0.0,24.3,728.0,5,16993.0,9477.0,0.0,0.0,1762.0,1201.0,1980.0,12934.0,4742.0,6935.0,4180.0,2198.0,0,0,0,0.0,0.0,0,0,142282.0,96639.0,0
2,35,110,2,26230,26410,2623003,2641002,3,2567.0,26591.0,27895.0,21342.0,0.0,67037.0,62529.0,0,1,73182.0,0,0.0,0.0,619.0,1,0.0,0.0,0.0,0.0,0.0,0.0,0.0,4589.0,1763.0,2156.0,1132.0,533.0,0,0,0,0.0,0.0,0,0,82325.0,59763.0,0
2,50,420,2,26410,26350,2641003,2635001,2,2309.0,0.0,26683.0,32465.0,0.0,71154.0,62574.0,1,0,62450.0,0,0.0,0.0,369.0,1,0.0,0.0,0.0,0.0,0.0,0.0,0.0,3456.0,1244.0,2035.0,1002.0,1762.0,0,0,0,0.0,0.0,0,0,71670.0,52690.0,0
2,25,420,2,26350,26350,2635002,2635001,3,2690.0,0.0,29969.0,32767.0,-1623.0,217857.0,148828.0,0,0,219984.0,2,0.0,19.3,816.0,2,11401.0,5787.0,0.0,0.0,0.0,0.0,613.0,3551.0,1448.0,1650.0,271.0,1067.0,0,0,0,0.0,0.0,0,0,188050.0,120829.0,1
1,18,110,1,26440,26230,2644001,2623002,4,3340.0,34589.0,39327.0,51855.0,0.0,128338.0,117722.0,0,1,114650.0,0,0.0,0.0,797.0,0,0.0,0.0,0.0,0.0,0.0,0.0,0.0,17086.0,3680.0,9580.0,5117.0,2131.0,0,0,0,0.0,0.0,0,1,114008.0,65385.0,0
2,20,220,1,26440,26230,2644002,2623003,2,3151.0,32406.0,34426.0,32734.0,-2436.0,70791.0,59908.0,0,0,83091.0,1,0.0,0.0,571.0,2,0.0,0.0,0.0,0.0,0.0,0.0,0.0,4990.0,2885.0,1832.0,983.0,537.0,0,0,0,0.0,0.0,0,0,90339.0,61722.0,1
2,25,420,4,26320,26350,2632001,2635001,3,2634.0,20544.0,31847.0,23253.0,0.0,56636.0,34126.0,0,0,72799.0,1,0.0,0.0,0.0,2,0.0,0.0,0.0,0.0,0.0,0.0,0.0,7191.0,3545.0,3134.0,542.0,126.0,1,0,38,1404.0,300.0,1,0,81996.0,44395.0,0
1,35,420,3,26260,26230,2626001,2623001,1,3344.0,0.0,38948.0,38059.0,2646.0,62638.0,51631.0,0,0,60836.0,1,0.0,0.0,808.0,0,0.0,0.0,0.0,0.0,0.0,0.0,0.0,10306.0,5074.0,5436.0,636.0,1115.0,0,0,0,0.0,0.0,0,0,61114.0,35662.0,2
1,45,220,1,26350,26350,2635002,2635002,2,2891.0,27296.0,35890.0,34339.0,0.0,89473.0,60682.0,1,0,93156.0,0,141.0,365.0,784.0,1,0.0,0.0,143014.0,131013.0,0.0,0.0,16958.0,3895.0,890.0,2599.0,857.0,1223.0,0,0,0,0.0,0.0,0,1,85919.0,51513.0,0
2,50,220,3,26710,26410,2671002,2641002,3,2428.0,21259.0,28950.0,26022.0,0.0,170741.0,-99999999.0,0,0,196866.0,0,0.0,0.0,826.0,1,0.0,0.0,0.0,0.0,0.0,0.0,0.0,12264.0,3587.0,3774.0,2773.0,995.0,0,0,0,0.0,0.0,0,0,187918.0,133775.0,0
1,35,220,5,26440,26710,2644002,2671001,4,2340.0,26103.0,27413.0,27073.0,0.0,58921.0,40440.0,0,1,50435.0,0,0.0,20.7,699.0,1,8043.0,5682.0,0.0,0.0,0.0,0.0,497.0,2888.0,3613.0,1706.0,301.0,525.0,0,0,0,0.0,0.0,0,0,48988.0,29805.0,0
1,30,420,3,26440,26440,2644001,2644001,3,3067.0,0.0,37290.0,34372.0,-3663.0,169570.0,142782.0,0,1,159729.0,1,0.0,8.0,0.0,1,4104.0,2971.0,0.0,0.0,0.0,0.0,454.0,15626.0,4192.0,7713.0,2220.0,1394.0,0,0,0,0.0,0.0,1,0,173757.0,113924.0,1
2,25,420,2,26710,26230,2671003,2623002,3,2746.0,0.0,30039.0,27588.0,0.0,111099.0,100569.0,1,1,111054.0,1,0.0,17.3,833.0,1,7354.0,3505.0,0.0,0.0,2559.0,1702.0,1015.0,3338.0,3255.0,1996.0,562.0,1215.0,0,0,0,0.0,0.0,0,0,125515.0,89881.0,0
1,30,910,2,26350,26260,2635002,2626002,2,1906.0,19376.0,22425.0,24829.0,0.0,107549.0,61920.0,0,1,112474.0,0,0.0,3.2,0.0,2,1526.0,720.0,0.0,0.0,0.0,0.0,96.0,5463.0,3185.0,1890.0,291.0,514.0,0,0,0,0.0,0.0,1,0,111097.0,59327.0,0
1,25,420,2,26440,26230,2644002,2623002,3,3351.0,0.0,37802.0,37211.0,3156.0,182678.0,137567.0,1,0,180195.0,1,0.0,0.0,0.0,0,0.0,0.0,0.0,0.0,0.0,0.0,0.0,14139.0,5128.0,7588.0,4823.0,1004.0,0,0,0,0.0,0.0,1,0,204975.0,137170.0,1
1,50,220,2,26410,26260,2641001,2626001,2,2488.0,0.0,29825.0,26133.0,0.0,163737.0,122086.0,0,1,116663.0,0,0.0,5.0,371.0,0,0.0,0.0,0.0,0.0,2506.0,1501.0,188.0,3241.0,2020.0,1519.0,969.0,1335.0,0,0,0,0.0,0.0,0,0,123396.0,82541.0,0
1,30,420,5,26410,26260,2641002,2626002,1,3835.0,0.0,40455.0,34598.0,0.0,42501.0,37746.0,1,1,34727.0,0,0.0,7.2,445.0,0,5463.0,2914.0,0.0,0.0,0.0,0.0,412.0,15512.0,4193.0,6587.0,1940.0,145.0,1,1,38,4077.0,615.0,0,0,34334.0,21890.0,0
1,25,910,5,26350,26410,2635002,2641003,1,1888.0,0.0,21439.0,17504.0,0.0,51513.0,33276.0,1,1,49625.0,1,0.0,0.0,715.0,0,0.0,0.0,0.0,0.0,0.0,0.0,0.0,5674.0,1921.0,1776.0,1721.0,71.0,0,0,0,0.0,0.0,0,0,43778.0,31813.0,0
2,25,220,2,26320,26350,2632002,2635001,3,2683.0,0.0,31669.0,29315.0,0.0,86016.0,43403.0,1,0,133574.0,0,0.0,0.0,735.0,0,0.0,0.0,0.0,0.0,0.0,0.0,0.0,8390.0,1073.0,4280.0,1953.0,1096.0,0,0,0,0.0,0.0,0,0,133792.0,-99999999.0,0
2,25,220,5,26260,26140,2626001,2614002,4,2345.0,0.0,26783.0,24722.0,1666.0,122221.0,62540.0,0,0,141332.0,2,0.0,0.0,0.0,1,0.0,0.0,0.0,0.0,0.0,0.0,0.0,4423.0,1337.0,1932.0,459.0,134.0,0,0,0,0.0,0.0,1,0,136751.0,73771.0,1
2,55,110,5,26440,26440,2644001,2644001,2,2166.0,25671.0,23774.0,20808.0,-3833.0,223853.0,95854.0,0,1,188277.0,1,0.0,1.9,571.0,2,0.0,0.0,0.0,0.0,777.0,445.0,70.0,4321.0,2036.0,2890.0,1240.0,1420.0,0,0,0,0.0,0.0,0,0,167308.0,111726.0,1
1,20,220,1,26350,26440,2635001,2644002,4,2484.0,22599.0,28389.0,30176.0,-291.0,102646.0,46745.0,0,0,105732.0,0,0.0,6.5,604.0,1,2514.0,1844.0,0.0,0.0,0.0,0.0,174.0,10774.0,2237.0,6469.0,850.0,1333.0,0,0,0,0.0,0.0,0,0,117898.0,71241.0,1
1,18,420,3,26260,26230,2626002,2623001,4,3951.0,34114.0,48200.0,-1.0,0.0,274366.0,155201.0,0,1,331889.0,0,0.0,15.6,675.0,1,13023.0,7527.0,0.0,0.0,0.0,0.0,705.0,4995.0,4558.0,1672.0,885.0,101.0,0,0,0,0.0,0.0,0,0,294038.0,219888.0,0
2,25,910,4,26320,26440,2632001,2644001,3,2893.0,0.0,31573.0,31221.0,0.0,64602.0,29485.0,0,0,92885.0,1,0.0,17.6,0.0,4,12321.0,5569.0,0.0,0.0,0.0,0.0,814.0,6680.0,3903.0,2832.0,1846.0,832.0,0,0,0,0.0,0.0,1,0,105038.0,73880.0,0
1,45,420,3,26410,26260,2641002,2626003,4,2285.0,0.0,25670.0,30605.0,-3541.0,71500.0,62856.0,0,0,56445.0,1,0.0,0.0,711.0,0,0.0,0.0,0.0,0.0,0.0,0.0,0.0,5445.0,3195.0,2199.0,1738.0,181.0,0,0,0,0.0,0.0,0,0,48398.0,-99999999.0,1
2,30,220,3,26440,26530,2644002,2653001,2,1611.0,0.0,20106.0,18428.0,0.0,82174.0,49231.0,1,1,71295.0,0,23.0,80.9,0.0,0,0.0,0.0,25661.0,16273.0,0.0,0.0,2343.0,3917.0,1113.0,2247.0,533.0,1458.0,0,0,0,0.0,0.0,1,0,64651.0,38359.0,0
1,35,220,3,26350,26260,2635001,2626003,2,1681.0,17718.0,20719.0,17450.0,18.0,60456.0,36434.0,0,0,71081.0,0,0.0,0.0,682.0,0,0.0,0.0,0.0,0.0,0.0,0.0,0.0,4325.0,1129.0,2293.0,999.0,515.0,0,0,0,0.0,0.0,0,0,75636.0,40789.0,3
2,30,420,4,26260,26260,2626003,2626002,3,2451.0,0.0,25902.0,28048.0,31.0,197925.0,161631.0,0,1,202540.0,1,0.0,0.0,634.0,0,0.0,0.0,0.0,0.0,0.0,0.0,0.0,3701.0,2591.0,1642.0,1120.0,792.0,3,0,41,1698.0,1057.0,0,0,230139.0,167112.0,2
2,20,420,2,26410,26350,2641003,2635001,3,2388.0,18681.0,27607.0,25206.0,0.0,18734.0,10598.0,0,1,13273.0,0,0.0,1.8,470.0,4,0.0,0.0,0.0,0.0,1199.0,510.0,61.0,4372.0,1912.0,1699.0,1354.0,1738.0,0,0,0,0.0,0.0,0,0,11521.0,5849.0,0
2,50,910,3,26260,26350,2626001,2635002,3,2654.0,20149.0,28214.0,30155.0,-1686.0,72974.0,57894.0,0,1,76733.0,0,0.0,5.1,507.0,1,0.0,0.0,0.0,0.0,2081.0,1434.0,123.0,8323.0,4085.0,3963.0,425.0,488.0,0,0,0,0.0,0.0,0,0,71017.0,42669.0,1
1,25,420,2,26320,26350,2632001,2635002,2,1323.0,0.0,16336.0,18616.0,0.0,196600.0,167569.0,0,1,284506.0,0,0.0,13.3,848.0,3,2648.0,2168.0,0.0,0.0,0.0,0.0,266.0,4845.0,1674.0,1940.0,380.0,272.0,0,0,0,0.0,0.0,0,0,292795.0,161486.0,0
1,20,110,5,26350,26230,2635002,2623002,4,2740.0,19845.0,31190.0,23305.0,931.0,81847.0,48953.0,1,0,89953.0,0,0.0,7.1,566.0,2,4174.0,2228.0,0.0,0.0,0.0,0.0,330.0,13268.0,1670.0,4986.0,1416.0,2014.0,0,0,0,0.0,0.0,0,0,101902.0,62506.0,1
2,35,420,1,26230,26410,2623001,2641003,1,3468.0,36758.0,39316.0,44694.0,0.0,187913.0,124548.0,0,0,181720.0,0,0.0,4.8,755.0,0,2272.0,1884.0,0.0,0.0,0.0,0.0,360.0,11255.0,1326.0,7049.0,606.0,1677.0,2,0,47,1059.0,564.0,0,0,177687.0,124038.0,0
1,20,110,1,26320,26440,2632002,2644002,1,3855.0,39063.0,42582.0,50808.0,0.0,369022.0,213009.0,0,0,421807.0,0,0.0,0.0,0.0,1,0.0,0.0,0.0,0.0,0.0,0.0,0.0,10784.0,4858.0,7412.0,3431.0,874.0,0,0,0,0.0,0.0,1,0,432014.0,-99999999.0,0
2,20,910,1,26320,26230,2632001,2623001,2,1569.0,0.0,18259.0,17190.0,0.0,103594.0,65548.0,0,0,142188.0,0,0.0,0.0,648.0,0,0.0,0.0,0.0,0.0,0.0,0.0,0.0,2434.0,1126.0,1465.0,170.0,230.0,0,0,0,0.0,0.0,0,0,136011.0,76951.0,0
1,45,910,2,26350,26320,2635001,2632002,1,2279.0,25005.0,24590.0,22975.0,0.0,199060.0,143206.0,1,1,232889.0,0,0.0,0.0,593.0,1,0.0,0.0,0.0,0.0,0.0,0.0,0.0,8794.0,1103.0,2858.0,2854.0,1557.0,0,0,0,0.0,0.0,0,0,206755.0,146624.0,0
2,30,420,4,26410,26410,2641001,2641001,2,2245.0,0.0,27160.0,24034.0,0.0,421461.0,249632.0,1,1,372145.0,2,3.0,41.1,613.0,3,0.0,0.0,16097.0,11169.0,0.0,0.0,1856.0,6956.0,1435.0,4698.0,986.0,443.0,4,0,40,1151.0,5544.0,0,0,318781.0,182716.0,0
1,25,220,5,26530,26230,2653002,2623003,3,2895.0,0.0,0.0,31845.0,0.0,125650.0,82335.0,1,0,167818.0,0,0.0,0.0,606.0,1,0.0,0.0,0.0,0.0,0.0,0.0,0.0,0.0,0.0,0.0,0.0,0.0,0,0,0,0.0,0.0,0,0,176497.0,101910.0,0
2,30,910,3,26230,26350,2623001,2635001,2,2007.0,0.0,23347.0,25560.0,0.0,95910.0,64540.0,0,1,111230.0,0,0.0,0.0,838.0,4,0.0,0.0,0.0,0.0,0.0,0.0,0.0,3916.0,2464.0,1591.0,640.0,355.0,0,0,0,0.0,0.0,0,0,123826.0,70681.0,0
2,40,910,1,26350,26440,2635001,2644001,1,3893.0,41424.0,47423.0,50277.0,0.0,169648.0,70146.0,1,0,195111.0,1,5.0,21.4,901.0,5,0.0,0.0,18172.0,10129.0,0.0,0.0,1466.0,14954.0,1570.0,9103.0,4014.0,1425.0,0,0,0,0.0,0.0,0,0,175461.0,117669.0,0
2,20,910,2,26440,26260,2644001,2626003,2,2828.0,0.0,30741.0,24180.0,-3856.0,200893.0,98439.0,0,1,233387.0,2,0.0,12.4,0.0,0,4608.0,3821.0,0.0,0.0,0.0,0.0,539.0,10866.0,3272.0,3276.0,983.0,206.0,0,0,0,0.0,0.0,1,0,239127.0,172506.0,1
1,20,220,1,26410,26440,2641001,2644002,3,2720.0,31241.0,29513.0,25206.0,0.0,96443.0,67294.0,0,1,90615.0,1,0.0,28.2,596.0,3,10449.0,8313.0,0.0,0.0,0.0,0.0,1644.0,6688.0,2956.0,2088.0,2249.0,24.0,0,0,0,0.0,0.0,0,0,97173.0,57712.0,0
1,35,110,3,26350,26320,2635001,2632001,4,3835.0,0.0,43495.0,37821.0,0.0,73843.0,29645.0,0,1,82052.0,0,0.0,0.0,0.0,2,0.0,0.0,0.0,0.0,0.0,0.0,0.0,11655.0,5395.0,7033.0,1201.0,2006.0,2,1,40,7408.0,1426.0,1,0,77099.0,57287.0,0
1,35,110,4,26230,26260,2623002,2626002,4,2790.0,0.0,0.0,30690.0,0.0,276630.0,217793.0,0,1,339062.0,1,0.0,114300.0,468.0,3,1544.0,1143.0,0.0,0.0,0.0,0.0,203.0,0.0,0.0,0.0,0.0,0.0,0,0,0,0.0,0.0,0,0,327215.0,-99999999.0,0
2,65,910,1,26440,26320,2644002,2632001,3,3060.0,34582.0,32488.0,27099.0,0.0,83921.0,75362.0,0,1,68925.0,1,0.0,0.0,838.0,1,0.0,0.0,0.0,0.0,0.0,0.0,0.0,6322.0,1800.0,3091.0,343.0,493.0,0,0,0,0.0,0.0,0,0,77696.0,55778.0,0
1,30,220,4,26410,26440,2641001,2644002,1,2312.0,27111.0,0.0,25432.0,0.0,202043.0,164668.0,0,1,138516.0,1,0.0,0.0,459.0,4,0.0,0.0,0.0,0.0,0.0,0.0,0.0,0.0,0.0,0.0,0.0,0.0,0,0,0,0.0,0.0,0,0,131699.0,77512.0,1
2,20,420,2,26230,26410,2623003,2641002,1,1909.0,0.0,21956.0,20744.0,0.0,115580.0,66202.0,0,1,125325.0,0,0.0,0.0,593.0,1,0.0,0.0,0.0,0.0,0.0,0.0,0.0,5075.0,1694.0,3540.0,994.0,1358.0,0,0,0,0.0,0.0,0,0,-99999999.0,63252.0,0
1,35,110,4,26320,26410,2632002,2641003,2,2403.0,0.0,27931.0,29643.0,0.0,295428.0,191264.0,0,0,428058.0,0,0.0,11.2,670.0,1,3989.0,1583.0,0.0,0.0,2271.0,1532.0,387.0,3665.0,3859.0,1582.0,1027.0,998.0,4,2,35,3370.0,279.0,0,0,375185.0,-99999999.0,0
1,35,910,5,26440,26440,2644002,2644002,1,4222.0,0.0,49097.0,46938.0,0.0,59312.0,44952.0,0,1,68131.0,0,0.0,14.3,0.0,0,8940.0,7001.0,0.0,0.0,0.0,0.0,1204.0,19148.0,5399.0,8072.0,4731.0,2372.0,1,2,30,3688.0,1212.0,1,0,70286.0,39570.0,0
2,25,910,4,26470,26440,2647003,2644002,3,3211.0,0.0,34076.0,26679.0,2917.0,59244.0,45869.0,0,1,89680.0,1,0.0,0.0,487.0,1,0.0,0.0,0.0,0.0,0.0,0.0,0.0,12157.0,922.0,5951.0,1320.0,763.0,0,0,0,0.0,0.0,0,0,88819.0,47514.0,2
1,35,220,4,26260,26440,2626002,2644002,2,2978.0,0.0,32757.0,37830.0,0.0,164834.0,154552.0,1,1,197386.0,0,0.0,0.0,476.0,0,0.0,0.0,0.0,0.0,0.0,0.0,0.0,13199.0,2577.0,6515.0,856.0,1536.0,0,0,0,0.0,0.0,0,0,224580.0,139808.0,0
1,25,220,4,26260,26410,2626003,2641003,4,2165.0,0.0,26003.0,28574.0,0.0,50101.0,33625.0,0,1,46312.0,0,0.0,65.0,563.0,2,23070.0,16906.0,0.0,0.0,0.0,0.0,1367.0,11226.0,1524.0,5830.0,1923.0,870.0,1,0,33,939.0,1857.0,0,0,47600.0,25903.0,0
2,50,910,1,26410,26260,2641003,2626001,2,3392.0,0.0,38413.0,41047.0,0.0,105871.0,56879.0,0,1,101642.0,1,0.0,0.0,684.0,2,0.0,0.0,0.0,0.0,0.0,0.0,0.0,11426.0,4568.0,7442.0,2557.0,843.0,0,0,0,0.0,0.0,0,0,93615.0,59014.0,0
2,45,910,1,26140,26350,2614002,2635002,2,1917.0,15005.0,22278.0,23006.0,0.0,249957.0,149776.0,1,1,189385.0,1,8.0,64.0,784.0,0,0.0,0.0,16056.0,14257.0,0.0,0.0,1285.0,8038.0,880.0,4691.0,2451.0,987.0,0,0,0,0.0,0.0,0,0,164278.0,120526.0,0
2,30,220,2,26260,26230,2626001,2623003,3,1781.0,0.0,22066.0,21473.0,-2192.0,33830.0,30695.0,1,1,43807.0,2,0.0,23.4,564.0,0,8482.0,3462.0,0.0,0.0,2499.0,1699.0,884.0,5992.0,2973.0,3863.0,724.0,122.0,4,1,43,764.0,3923.0,0,0,49058.0,24578.0,1
2,65,220,4,26350,26410,2635002,2641001,1,2437.0,0.0,25814.0,21992.0,0.0,125654.0,93988.0,0,0,126833.0,1,0.0,9.2,590.0,1,5979.0,2385.0,0.0,0.0,0.0,0.0,367.0,9681.0,2965.0,4401.0,1359.0,262.0,0,0,0,0.0,0.0,0,0,136212.0,80605.0,0
2,65,110,4,26320,26350,2632002,2635002,4,4070.0,32205.0,46395.0,42208.0,14.0,204239.0,178778.0,0,1,224884.0,0,0.0,0.0,0.0,1,0.0,0.0,0.0,0.0,0.0,0.0,0.0,13355.0,4461.0,8125.0,2030.0,1646.0,0,0,0,0.0,0.0,1,0,231484.0,-99999999.0,1
2,25,420,4,26410,26350,2641003,2635002,3,4034.0,33498.0,45272.0,43567.0,0.0,97193.0,77584.0,0,1,82556.0,1,0.0,0.0,545.0,1,0.0,0.0,0.0,0.0,0.0,0.0,0.0,16194.0,4208.0,11084.0,4328.0,1115.0,0,0,0,0.0,0.0,0,0,81358.0,50619.0,0
1,30,420,2,26230,26530,2623002,2653002,3,2507.0,27612.0,26857.0,25064.0,-1709.0,56599.0,52693.0,1,0,56475.0,0,52.0,109.3,704.0,2,0.0,0.0,41867.0,29354.0,0.0,0.0,3940.0,5271.0,3861.0,1747.0,462.0,1734.0,0,0,0,0.0,0.0,0,0,48704.0,31534.0,1
1,35,220,5,26350,26260,2635001,2626002,2,2362.0,0.0,29293.0,26071.0,0.0,84325.0,56976.0,0,1,81098.0,0,0.0,0.0,708.0,1,0.0,0.0,0.0,0.0,0.0,0.0,0.0,9972.0,3875.0,4727.0,2059.0,461.0,3,1,55,4727.0,788.0,0,0,82980.0,41976.0,0
1,20,110,3,26320,26410,2632002,2641002,4,1734.0,0.0,21541.0,27697.0,997.0,59688.0,55059.0,0,1,83982.0,0,0.0,0.0,296.0,0,0.0,0.0,0.0,0.0,0.0,0.0,0.0,6516.0,3013.0,3509.0,1480.0,231.0,0,0,0,0.0,0.0,0,0,74541.0,47216.0,1
2,30,110,2,26320,26440,2632001,2644002,4,2851.0,21865.0,31712.0,26632.0,4432.0,102898.0,91295.0,0,1,148274.0,1,0.0,4.6,733.0,3,2112.0,1460.0,0.0,0.0,0.0,0.0,149.0,5944.0,4024.0,3176.0,1227.0,169.0,0,0,0,0.0,0.0,0,0,159743.0,106236.0,1
2,25,110,4,26410,26350,2641001,2635002,1,2905.0,0.0,36003.0,39737.0,0.0,83615.0,72218.0,0,0,64190.0,0,0.0,0.0,667.0,0,0.0,0.0,0.0,0.0,0.0,0.0,0.0,12240.0,2361.0,6184.0,2611.0,2352.0,0,0,0,0.0,0.0,0,0,71742.0,46607.0,0
1,60,910,1,26350,26410,2635002,2641003,3,3313.0,36530.0,35020.0,36348.0,6471.0,72551.0,66493.0,1,0,85228.0,0,0.0,0.0,684.0,1,0.0,0.0,0.0,0.0,0.0,0.0,0.0,8041.0,1473.0,5057.0,1449.0,2410.0,0,0,0,0.0,0.0,0,0,96087.0,49066.0,1
2,30,910,3,26440,26320,2644002,2632002,4,3392.0,0.0,42270.0,39100.0,2348.0,130573.0,89971.0,1,1,133957.0,0,0.0,4.5,803.0,1,2626.0,1883.0,0.0,0.0,0.0,0.0,173.0,13533.0,2484.0,5199.0,4680.0,3047.0,3,2,30,444.0,848.0,0,0,116156.0,61128.0,1
1,40,110,4,26110,26320,2611001,2632001,2,2672.0,0.0,32523.0,31926.0,0.0,254605.0,205862.0,0,0,344048.0,1,0.0,11.2,418.0,0,4252.0,1895.0,0.0,0.0,3154.0,1741.0,360.0,10745.0,4716.0,7374.0,1990.0,2308.0,0,0,0,0.0,0.0,0,0,336998.0,226499.0,0
2,30,420,4,26410,26260,2641002,2626003,3,3161.0,0.0,34545.0,31318.0,2347.0,120174.0,84775.0,1,1,-99999999.0,1,0.0,0.0,487.0,0,0.0,0.0,0.0,0.0,0.0,0.0,0.0,11570.0,5018.0,7214.0,3483.0,2415.0,0,0,0,0.0,0.0,0,0,1.0,1.0,1
2,25,110,2,26410,26230,2641001,2623001,4,2345.0,0.0,27434.0,26096.0,0.0,221062.0,182806.0,1,0,192666.0,0,17.0,116.6,641.0,2,0.0,0.0,45330.0,32000.0,0.0,0.0,3979.0,9307.0,1275.0,3883.0,2013.0,2140.0,1,0,46,1548.0,721.0,0,0,189847.0,109629.0,0
2,50,110,1,26440,26230,2644001,2623001,2,3149.0,25476.0,38092.0,38609.0,0.0,254561.0,208756.0,1,1,288751.0,0,0.0,8.1,348.0,1,3666.0,3097.0,0.0,0.0,0.0,0.0,269.0,9374.0,1882.0,2934.0,2188.0,1214.0,0,0,0,0.0,0.0,0,0,302643.0,185012.0,0
2,18,110,1,26260,26350,2626001,2635001,3,2470.0,0.0,27512.0,21847.0,-2986.0,69426.0,56730.0,0,0,-99999999.0,1,0.0,12.7,0.0,0,7453.0,2734.0,0.0,0.0,1392.0,766.0,303.0,8766.0,2903.0,5158.0,2575.0,1448.0,0,0,0,0.0,0.0,1,0,1.0,1.0,2
2,20,420,1,26320,26350,2632002,2635002,3,3099.0,0.0,34732.0,-1.0,0.0,116415.0,73999.0,1,1,165567.0,0,0.0,0.0,760.0,3,0.0,0.0,0.0,0.0,0.0,0.0,0.0,14496.0,3194.0,4502.0,4994.0,117.0,0,0,0,0.0,0.0,0,0,146109.0,75071.0,0
1,30,110,5,26440,26230,2644002,2623002,1,3046.0,30822.0,35815.0,33306.0,0.0,76499.0,64103.0,0,1,76147.0,0,0.0,3.5,0.0,2,1882.0,1241.0,0.0,0.0,0.0,0.0,209.0,4435.0,3344.0,2194.0,410.0,2482.0,0,0,0,0.0,0.0,1,0,68233.0,41819.0,0
1,40,420,4,26500,26230,2650001,2623001,1,2845.0,0.0,30709.0,27083.0,0.0,40567.0,35783.0,0,1,41326.0,1,0.0,3.4,660.0,2,2121.0,1049.0,0.0,0.0,0.0,0.0,191.0,11489.0,4235.0,6122.0,2578.0,357.0,0,0,0,0.0,0.0,0,0,43077.0,26082.0,0
2,30,420,3,26230,26260,2623001,2626001,3,3316.0,33585.0,35602.0,38522.0,0.0,122205.0,91646.0,0,0,156776.0,1,0.0,0.0,620.0,0,0.0,0.0,0.0,0.0,0.0,0.0,0.0,5165.0,3290.0,3572.0,541.0,1942.0,0,0,0,0.0,0.0,0,0,170918.0,97492.0,0
1,20,910,3,26320,26230,2632002,2623002,1,1779.0,0.0,19568.0,14428.0,-3015.0,52507.0,34133.0,0,1,70403.0,1,0.0,0.0,0.0,2,0.0,0.0,0.0,0.0,0.0,0.0,0.0,5145.0,1868.0,2190.0,331.0,511.0,0,0,0,0.0,0.0,1,0,60182.0,37875.0,1
1,25,420,2,26410,26440,2641001,2644002,4,2108.0,24607.0,25259.0,29139.0,0.0,132003.0,114748.0,0,1,92098.0,0,0.0,0.0,587.0,0,0.0,0.0,0.0,0.0,0.0,0.0,0.0,3976.0,2677.0,2335.0,1270.0,1188.0,0,0,0,0.0,0.0,0,0,87724.0,59884.0,0
1,25,220,1,26230,26410,2623001,2641003,3,2624.0,0.0,29476.0,28153.0,0.0,38812.0,32142.0,1,0,51208.0,1,0.0,0.0,680.0,2,0.0,0.0,0.0,0.0,0.0,0.0,0.0,11020.0,2546.0,7513.0,3836.0,1870.0,0,0,0,0.0,0.0,0,0,46941.0,35114.0,0
2,18,220,1,26230,26320,2623001,2632002,3,1862.0,20396.0,21440.0,21722.0,0.0,109381.0,72003.0,1,0,131644.0,0,16.0,96.3,448.0,2,0.0,0.0,22413.0,20656.0,0.0,0.0,3500.0,2423.0,2050.0,1176.0,623.0,873.0,0,0,0,0.0,0.0,0,0,149245.0,110780.0,0
2,35,420,4,26320,26440,2632002,2644002,2,2536.0,21962.0,27619.0,28144.0,0.0,38467.0,27655.0,1,0,52878.0,2,0.0,20.7,840.0,0,6765.0,5726.0,0.0,0.0,0.0,0.0,1013.0,9540.0,3234.0,3323.0,1638.0,2100.0,0,0,0,0.0,0.0,0,0,50188.0,33723.0,0
2,20,110,1,26350,26320,2635001,2632002,2,2556.0,0.0,27830.0,28933.0,0.0,147904.0,114952.0,0,1,172247.0,0,0.0,0.0,554.0,0,0.0,0.0,0.0,0.0,0.0,0.0,0.0,6694.0,3868.0,2338.0,1853.0,689.0,0,0,0,0.0,0.0,0,0,169643.0,94811.0,0
2,25,910,1,26230,26410,2623001,2641003,2,3651.0,0.0,43085.0,47126.0,0.0,77962.0,60699.0,0,1,79776.0,0,0.0,0.0,0.0,4,0.0,0.0,0.0,0.0,0.0,0.0,0.0,8305.0,6082.0,3786.0,2875.0,1931.0,0,0,0,0.0,0.0,1,0,85319.0,60355.0,0
2,35,110,4,26320,26260,2632002,2626001,3,2893.0,29510.0,31004.0,25660.0,0.0,73580.0,42019.0,0,0,97083.0,0,0.0,0.0,660.0,0,0.0,0.0,0.0,0.0,0.0,0.0,0.0,13523.0,3312.0,5812.0,4386.0,2128.0,0,0,0,0.0,0.0,0,0,85930.0,50130.0,0
2,40,220,3,26200,26260,2620001,2626003,2,3469.0,0.0,41058.0,48344.0,0.0,194056.0,108862.0,0,1,154752.0,0,0.0,0.0,500.0,0,0.0,0.0,0.0,0.0,0.0,0.0,0.0,8303.0,2255.0,3542.0,2564.0,1812.0,4,1,42,2689.0,412.0,0,0,144797.0,79357.0,0
2,25,910,3,26350,26440,2635001,2644002,2,2996.0,0.0,33859.0,28754.0,0.0,81394.0,72281.0,0,0,90472.0,0,0.0,0.0,818.0,3,0.0,0.0,0.0,0.0,0.0,0.0,0.0,5895.0,4494.0,2911.0,1204.0,1448.0,0,0,0,0.0,0.0,0,0,101312.0,58900.0,0
1,25,420,2,26260,26440,2626001,2644002,1,2452.0,0.0,29038.0,-1.0,-4133.0,105505.0,96575.0,1,0,102525.0,1,0.0,6.0,791.0,2,4588.0,1747.0,0.0,0.0,0.0,0.0,165.0,7289.0,3201.0,3753.0,835.0,898.0,0,0,0,0.0,0.0,0,0,106994.0,55001.0,1
2,25,420,1,26230,26410,2623003,2641001,3,2887.0,23673.0,32518.0,33425.0,0.0,87626.0,54428.0,0,0,111425.0,1,0.0,2.7,0.0,2,0.0,0.0,0.0,0.0,1963.0,871.0,99.0,6692.0,2205.0,2718.0,603.0,2023.0,0,0,0,0.0,0.0,1,0,111171.0,66571.0,0
1,60,910,3,26230,26530,2623003,2653001,3,3274.0,0.0,39917.0,35965.0,-5059.0,133845.0,120776.0,0,0,152928.0,0,0.0,0.0,640.0,2,0.0,0.0,0.0,0.0,0.0,0.0,0.0,14160.0,4054.0,6741.0,1011.0,1147.0,4,3,37,9474.0,2200.0,0,0,159473.0,111677.0,1
2,25,220,2,26440,26440,2644002,2644002,3,3576.0,0.0,37945.0,37707.0,0.0,184567.0,121608.0,0,1,197002.0,1,0.0,0.0,677.0,2,0.0,0.0,0.0,0.0,0.0,0.0,0.0,4195.0,2844.0,2352.0,639.0,753.0,0,0,0,0.0,0.0,0,0,205043.0,102922.0,0
2,25,910,3,26260,26320,2626001,2632002,2,2714.0,32510.0,33346.0,38557.0,547.0,162980.0,80180.0,0,0,151635.0,1,0.0,7.6,381.0,3,0.0,0.0,0.0,0.0,2989.0,2537.0,277.0,11412.0,4280.0,5966.0,708.0,343.0,0,0,0,0.0,0.0,0,0,140073.0,70040.0,1
2,30,910,1,26320,26440,2632001,2644001,1,1729.0,0.0,19084.0,22026.0,-95.0,74608.0,59917.0,0,0,99094.0,2,0.0,103.2,374.0,1,21990.0,19695.0,0.0,0.0,0.0,0.0,2814.0,4728.0,1217.0,2846.0,1195.0,653.0,0,0,0,0.0,0.0,0,0,112444.0,61172.0,1
2,25,420,2,26230,26350,2623003,2635002,2,1683.0,0.0,17815.0,15789.0,0.0,203909.0,86710.0,0,0,200029.0,0,0.0,0.0,542.0,0,0.0,0.0,0.0,0.0,0.0,0.0,0.0,6670.0,1375.0,2732.0,1985.0,408.0,2,1,41,2286.0,61.0,0,0,190403.0,104546.0,0
2,25,220,1,26380,26410,2638003,2641001,2,2588.0,25308.0,30085.0,26849.0,0.0,56965.0,26355.0,0,1,69325.0,0,0.0,11.8,0.0,0,3120.0,1393.0,0.0,0.0,2519.0,2171.0,402.0,6524.0,3703.0,2940.0,1886.0,2382.0,0,0,0,0.0,0.0,1,0,67557.0,44655.0,0
2,20,420,3,26260,26230,2626001,2623003,1,1280.0,9612.0,14014.0,13143.0,0.0,63229.0,58016.0,1,1,72503.0,2,22.0,121.0,514.0,2,0.0,0.0,21351.0,16129.0,1211.0,823.0,2375.0,1490.0,645.0,777.0,112.0,685.0,0,0,0,0.0,0.0,0,0,64053.0,34594.0,0
1,35,110,2,26440,26440,2644002,2644001,4,3967.0,31937.0,45297.0,46637.0,0.0,91429.0,62601.0,0,0,89345.0,1,0.0,0.0,479.0,1,0.0,0.0,0.0,0.0,0.0,0.0,0.0,16631.0,4227.0,11029.0,1830.0,3597.0,0,0,0,0.0,0.0,0,0,90001.0,53963.0,0
1,35,110,2,26410,26350,2641003,2635001,2,3188.0,0.0,38590.0,38535.0,0.0,184994.0,101101.0,0,0,179989.0,0,0.0,0.0,634.0,1,0.0,0.0,0.0,0.0,0.0,0.0,0.0,5649.0,3024.0,3078.0,1924.0,2147.0,0,0,0,0.0,0.0,0,0,185647.0,122434.0,0
2,35,420,3,26410,26710,2641002,2671003,2,2387.0,0.0,28842.0,29396.0,0.0,48918.0,32493.0,0,1,38042.0,0,0.0,27.1,0.0,0,10736.0,7822.0,0.0,0.0,0.0,0.0,825.0,7707.0,1954.0,3200.0,2691.0,1956.0,0,0,0,0.0,0.0,1,0,38077.0,21350.0,0
2,40,420,3,26260,26260,2626002,2626003,3,2079.0,0.0,24326.0,31676.0,0.0,168534.0,-99999999.0,1,1,182464.0,0,0.0,0.0,795.0,1,0.0,0.0,0.0,0.0,0.0,0.0,0.0,9525.0,834.0,2998.0,3254.0,218.0,0,0,0,0.0,0.0,0,0,196590.0,106635.0,0
1,25,910,2,26260,26260,2626001,2626001,4,3468.0,0.0,43197.0,41568.0,0.0,95526.0,71779.0,0,1,115596.0,0,0.0,9.2,673.0,0,6019.0,3987.0,0.0,0.0,0.0,0.0,469.0,18305.0,929.0,9260.0,5985.0,2389.0,0,0,0,0.0,0.0,0,0,109937.0,79353.0,0
2,55,420,4,26260,26440,2626001,2644001,2,2076.0,16627.0,23723.0,21404.0,0.0,76097.0,45013.0,0,1,85536.0,0,0.0,8.6,0.0,2,4900.0,2050.0,0.0,0.0,0.0,0.0,289.0,4415.0,2367.0,3003.0,413.0,225.0,0,0,0,0.0,0.0,1,0,-99999999.0,48824.0,0
2,40,110,2,26350,26350,2635001,2635002,3,2138.0,20650.0,22617.0,21744.0,0.0,190743.0,116939.0,0,1,234136.0,1,0.0,5.9,431.0,2,2537.0,1331.0,0.0,0.0,0.0,0.0,235.0,8897.0,2099.0,5043.0,2552.0,265.0,0,0,0,0.0,0.0,0,0,214188.0,154913.0,0
2,45,110,2,26350,26350,2635001,2635001,1,2302.0,20148.0,27944.0,21572.0,0.0,60986.0,42835.0,0,0,83038.0,0,0.0,25.4,568.0,2,8073.0,7095.0,0.0,0.0,0.0,0.0,688.0,10385.0,3960.0,4879.0,1181.0,173.0,0,0,0,0.0,0.0,0,0,94036.0,69282.0,0
1,40,420,3,26260,26410,2626003,2641003,3,2874.0,26115.0,31449.0,35765.0,4406.0,389028.0,289696.0,0,0,464167.0,0,0.0,0.0,668.0,1,0.0,0.0,0.0,0.0,0.0,0.0,0.0,13311.0,1861.0,4402.0,1693.0,1569.0,0,0,0,0.0,0.0,0,0,498150.0,364605.0,1
2,30,910,1,26440,26410,2644002,2641003,1,3204.0,27921.0,34771.0,37355.0,0.0,88789.0,80509.0,0,1,77108.0,0,0.0,11.8,709.0,3,9039.0,4104.0,0.0,0.0,0.0,0.0,491.0,13397.0,879.0,4643.0,2643.0,1810.0,4,0,37,502.0,924.0,0,0,71275.0,44230.0,0
1,25,420,3,26350,26410,2635002,2641003,1,3575.0,0.0,38038.0,36228.0,5097.0,108002.0,66502.0,0,0,112098.0,0,0.0,0.0,566.0,2,0.0,0.0,0.0,0.0,0.0,0.0,0.0,4995.0,3052.0,2984.0,1453.0,883.0,0,0,0,0.0,0.0,0,0,98345.0,66908.0,2
1,30,420,3,26380,26410,2638001,2641001,3,3479.0,36543.0,38811.0,36389.0,0.0,249133.0,219506.0,0,1,317041.0,0,0.0,5.5,585.0,2,4252.0,2116.0,0.0,0.0,0.0,0.0,351.0,16709.0,988.0,7124.0,3057.0,2780.0,0,0,0,0.0,0.0,0,0,285392.0,160298.0,0
2,20,110,1,26320,26260,2632002,2626001,1,2801.0,21655.0,31238.0,41940.0,7816.0,109706.0,103811.0,0,0,121567.0,0,0.0,0.0,599.0,3,0.0,0.0,0.0,0.0,0.0,0.0,0.0,3394.0,1676.0,1416.0,399.0,2308.0,0,0,0,0.0,0.0,0,0,108790.0,56144.0,1
2,30,110,3,26350,26350,2635001,2635002,1,3463.0,28576.0,38458.0,34325.0,0.0,201455.0,118144.0,0,0,234587.0,1,0.0,12.7,0.0,2,6029.0,4884.0,0.0,0.0,0.0,0.0,895.0,8470.0,4110.0,3323.0,2735.0,2476.0,0,0,0,0.0,0.0,1,0,249175.0,156965.0,0
1,20,110,1,26440,26260,2644002,2626001,1,2364.0,19180.0,27627.0,25886.0,0.0,30580.0,12691.0,0,1,34911.0,0,0.0,26.4,0.0,1,8015.0,6360.0,0.0,0.0,1927.0,935.0,1372.0,6526.0,2194.0,4300.0,886.0,1384.0,0,0,0,0.0,0.0,1,0,29771.0,15644.0,0
1,18,420,4,26260,26230,2626001,2623002,4,1616.0,14206.0,19397.0,27239.0,0.0,75693.0,55438.0,1,0,92782.0,0,31.0,150.0,691.0,1,0.0,0.0,33309.0,29095.0,0.0,0.0,2501.0,5234.0,1213.0,2210.0,1475.0,928.0,0,0,0,0.0,0.0,0,0,86162.0,59859.0,0
1,55,910,1,26260,26200,2626001,2620001,3,2364.0,18839.0,29256.0,28895.0,3911.0,125247.0,112347.0,0,1,120013.0,0,0.0,8.5,0.0,1,3264.0,2491.0,0.0,0.0,0.0,0.0,325.0,5334.0,3625.0,1978.0,1491.0,920.0,0,0,0,0.0,0.0,1,0,116484.0,72997.0,1
2,40,910,1,26410,26320,2641001,2632002,2,2276.0,20178.0,24326.0,26770.0,0.0,188877.0,81097.0,1,0,170517.0,1,0.0,4.2,486.0,1,3239.0,1033.0,0.0,0.0,0.0,0.0,182.0,3487.0,1551.0,1558.0,269.0,888.0,0,0,0,0.0,0.0,0,0,146385.0,75524.0,0
2,35,220,2,26410,26500,2641003,2650001,4,2389.0,0.0,25803.0,26822.0,0.0,156658.0,79650.0,0,0,124480.0,0,0.0,0.0,489.0,1,0.0,0.0,0.0,0.0,0.0,0.0,0.0,10140.0,1053.0,5924.0,1862.0,291.0,0,0,0,0.0,0.0,0,0,115212.0,78333.0,0
1,30,110,4,26110,26230,2611001,2623003,2,2176.0,0.0,25415.0,30647.0,0.0,148096.0,114313.0,0,0,261585.0,1,0.0,14.4,622.0,1,4128.0,3670.0,0.0,0.0,0.0,0.0,478.0,8251.0,1431.0,3843.0,739.0,1943.0,2,0,36,3912.0,313.0,0,0,283684.0,176304.0,0
1,35,220,4,26530,26350,2653002,2635002,4,2500.0,0.0,26741.0,24478.0,-923.0,186584.0,157721.0,0,1,249294.0,0,0.0,0.0,797.0,1,0.0,0.0,0.0,0.0,0.0,0.0,0.0,7119.0,3846.0,4314.0,1901.0,1261.0,0,0,0,0.0,0.0,0,0,275634.0,169709.0,1
2,50,420,3,26530,26350,2653002,2635001,2,3203.0,0.0,36007.0,27820.0,0.0,131270.0,58763.0,1,1,173897.0,0,0.0,9.0,0.0,1,5004.0,3229.0,0.0,0.0,0.0,0.0,471.0,13363.0,1891.0,7654.0,3645.0,1095.0,0,0,0,0.0,0.0,1,0,172094.0,110264.0,0
1,35,910,1,26380,26440,2638003,2644001,1,3915.0,0.0,45998.0,42999.0,-4346.0,27285.0,16373.0,0,1,25138.0,0,0.0,0.0,630.0,1,0.0,0.0,0.0,0.0,0.0,0.0,0.0,19333.0,3087.0,8550.0,2715.0,742.0,0,0,0,0.0,0.0,0,0,26749.0,18649.0,1
1,35,110,2,26440,26260,2644001,2626001,1,1679.0,0.0,20251.0,28680.0,0.0,234526.0,124605.0,1,1,212065.0,1,9.0,96.7,553.0,2,1883.0,1396.0,26452.0,18193.0,0.0,0.0,3193.0,3612.0,866.0,2348.0,919.0,659.0,0,0,0,0.0,0.0,0,0,233973.0,125210.0,0
1,30,910,4,26440,26350,2644001,2635001,2,1963.0,0.0,21466.0,20009.0,0.0,59719.0,55579.0,0,1,57523.0,1,0.0,0.0,424.0,1,0.0,0.0,0.0,0.0,0.0,0.0,0.0,4573.0,2237.0,1507.0,799.0,288.0,0,0,0,0.0,0.0,0,0,50299.0,26577.0,0
2,30,910,1,26230,26440,2623002,2644001,1,2286.0,0.0,27057.0,27035.0,0.0,119154.0,92387.0,1,1,149589.0,1,16.0,97.5,707.0,1,4163.0,1729.0,26171.0,24663.0,0.0,0.0,2112.0,11554.0,1515.0,6864.0,2522.0,1727.0,0,0,0,0.0,0.0,0,0,163485.0,88741.0,0
1,40,910,4,26350,26200,2635001,2620001,1,3298.0,0.0,38889.0,44966.0,0.0,110040.0,72803.0,0,0,128643.0,0,0.0,0.0,617.0,0,0.0,0.0,0.0,0.0,0.0,0.0,0.0,11294.0,1837.0,5682.0,2887.0,2246.0,0,0,0,0.0,0.0,0,0,141693.0,81659.0,0
1,70,220,2,26440,26440,2644002,2644002,2,2667.0,25150.0,32589.0,30090.0,-45.0,101559.0,88792.0,0,1,113981.0,0,0.0,4.6,0.0,1,2853.0,1502.0,0.0,0.0,0.0,0.0,200.0,6467.0,3139.0,2769.0,1951.0,1946.0,0,0,0,0.0,0.0,1,0,121353.0,83434.0,1
1,30,420,1,26410,26260,2641003,2626002,4,2329.0,27320.0,25916.0,22304.0,0.0,50837.0,35368.0,0,1,35058.0,1,0.0,0.0,0.0,3,0.0,0.0,0.0,0.0,0.0,0.0,0.0,4027.0,3094.0,1866.0,797.0,1419.0,0,0,0,0.0,0.0,1,0,34100.0,22112.0,0
1,30,220,4,26320,26410,2632001,2641001,1,3266.0,26007.0,39193.0,42155.0,-3915.0,30847.0,27800.0,0,0,38271.0,0,0.0,23.8,525.0,0,20863.0,9328.0,0.0,0.0,0.0,0.0,1722.0,17482.0,3798.0,9355.0,4556.0,2803.0,0,0,0,0.0,0.0,0,0,38450.0,19826.0,2
1,30,910,1,26350,26440,2635002,2644001,1,3422.0,0.0,41078.0,52433.0,0.0,54099.0,28745.0,0,1,65015.0,1,0.0,24.5,679.0,3,15006.0,10053.0,0.0,0.0,0.0,0.0,1937.0,11800.0,3484.0,4831.0,1572.0,599.0,0,0,0,0.0,0.0,0,0,58273.0,41094.0,0
1,30,910,2,26260,26110,2626001,2611001,4,2788.0,28109.0,30608.0,42030.0,-2388.0,162063.0,-99999999.0,0,0,190941.0,0,0.0,8.2,482.0,1,5215.0,2522.0,0.0,0.0,0.0,0.0,309.0,12298.0,4485.0,6675.0,2337.0,1285.0,0,0,0,0.0,0.0,0,0,205308.0,104990.0,1
1,75,910,1,26260,26320,2626002,2632002,1,2269.0,0.0,26643.0,28644.0,0.0,41441.0,26348.0,1,0,46201.0,0,36.0,80.5,678.0,4,5344.0,4752.0,22427.0,16685.0,0.0,0.0,3412.0,8595.0,1520.0,4401.0,655.0,1315.0,1,2,39,3042.0,657.0,0,0,49232.0,27163.0,0
1,40,420,3,26260,26440,2626002,2644001,4,2976.0,0.0,35267.0,35033.0,0.0,58211.0,29825.0,1,1,62456.0,1,20.0,35.7,642.0,2,0.0,0.0,23550.0,12601.0,0.0,0.0,1910.0,9003.0,2873.0,5469.0,1753.0,2770.0,0,0,0,0.0,0.0,0,0,64759.0,46755.0,0
1,30,220,1,26410,26320,2641001,2632001,3,2648.0,0.0,29257.0,30713.0,0.0,126859.0,109055.0,0,1,88910.0,0,0.0,0.0,850.0,1,0.0,0.0,0.0,0.0,0.0,0.0,0.0,11715.0,1312.0,4355.0,1893.0,849.0,0,0,0,0.0,0.0,0,0,97769.0,57435.0,0
2,30,220,1,26350,26320,2635001,2632001,4,2643.0,20962.0,30140.0,32496.0,0.0,53292.0,36937.0,0,0,66264.0,1,0.0,0.0,537.0,5,0.0,0.0,0.0,0.0,0.0,0.0,0.0,6775.0,2574.0,2999.0,2211.0,667.0,0,0,0,0.0,0.0,0,0,57968.0,33920.0,0
1,30,220,3,26320,26410,2632001,2641003,3,2467.0,0.0,28054.0,25156.0,-566.0,71266.0,39821.0,0,1,108379.0,1,0.0,0.0,478.0,1,0.0,0.0,0.0,0.0,0.0,0.0,0.0,10351.0,2332.0,5220.0,1332.0,133.0,2,0,41,502.0,899.0,0,0,109252.0,59791.0,1
2,20,220,5,26260,26410,2626003,2641001,3,3401.0,28612.0,40972.0,37267.0,-1024.0,103683.0,85587.0,0,1,128461.0,0,0.0,5.6,596.0,0,5474.0,2297.0,0.0,0.0,0.0,0.0,236.0,10599.0,4929.0,6264.0,3693.0,3180.0,0,0,0,0.0,0.0,0,0,121421.0,66136.0,1
2,30,110,1,26230,26320,2623003,2632002,1,2962.0,0.0,31105.0,29346.0,0.0,116960.0,80677.0,1,0,145714.0,0,9.0,44.0,0.0,0,0.0,0.0,21247.0,13681.0,0.0,0.0,1710.0,12880.0,2470.0,5595.0,1457.0,631.0,0,0,0,0.0,0.0,1,0,149876.0,76076.0,0
2,45,910,3,26230,26350,2623003,2635001,3,3473.0,0.0,39947.0,34662.0,0.0,52663.0,35628.0,1,0,64119.0,0,0.0,0.0,286.0,1,0.0,0.0,0.0,0.0,0.0,0.0,0.0,11030.0,1542.0,4657.0,2533.0,355.0,0,0,0,0.0,0.0,0,0,54705.0,38954.0,0
2,35,220,5,26410,26230,2641002,2623001,3,3669.0,0.0,39877.0,42807.0,0.0,107427.0,53653.0,0,1,98008.0,0,0.0,1.6,764.0,1,1043.0,653.0,0.0,0.0,0.0,0.0,115.0,8535.0,5721.0,5609.0,1265.0,2861.0,4,2,34,993.0,257.0,0,0,91701.0,62602.0,0
2,25,420,2,26410,26320,2641002,2632001,4,3098.0,0.0,36537.0,42199.0,0.0,125406.0,118806.0,0,1,114589.0,0,0.0,0.0,623.0,0,0.0,0.0,0.0,0.0,0.0,0.0,0.0,12934.0,2003.0,4444.0,4140.0,2723.0,2,0,33,3616.0,992.0,0,0,100380.0,59627.0,0
1,40,110,3,26260,26380,2626002,2638001,1,2471.0,0.0,29308.0,30797.0,-3355.0,45985.0,35062.0,0,0,42038.0,0,0.0,2.1,502.0,1,1195.0,608.0,0.0,0.0,0.0,0.0,101.0,11754.0,1519.0,6945.0,2289.0,1269.0,0,0,0,0.0,0.0,0,0,41245.0,28410.0,1
1,40,910,5,26290,26350,2629003,2635002,1,3476.0,0.0,39982.0,42475.0,0.0,112297.0,97716.0,0,1,164973.0,1,0.0,0.0,602.0,3,0.0,0.0,0.0,0.0,0.0,0.0,0.0,15907.0,5487.0,9890.0,2052.0,868.0,0,0,0,0.0,0.0,0,0,185912.0,106104.0,0
1,25,110,4,26440,26320,2644002,2632001,1,3103.0,34974.0,35945.0,49764.0,0.0,64219.0,52522.0,1,0,72434.0,0,21.0,41.4,0.0,2,0.0,0.0,24413.0,14893.0,0.0,0.0,1367.0,9613.0,3815.0,3889.0,968.0,1421.0,0,0,0,0.0,0.0,1,0,62562.0,36630.0,0
2,35,910,2,26410,26230,2641002,2623002,4,4492.0,53740.0,49996.0,52729.0,0.0,106335.0,71948.0,1,1,99540.0,0,20.0,40.2,0.0,1,0.0,0.0,32120.0,20074.0,0.0,0.0,2948.0,12702.0,6758.0,6031.0,3482.0,445.0,0,0,0,0.0,0.0,1,0,112083.0,80813.0,0
2,35,910,4,26440,26410,2644001,2641001,1,3002.0,28234.0,33402.0,27934.0,0.0,152337.0,61750.0,0,1,163113.0,0,0.0,0.0,0.0,1,0.0,0.0,0.0,0.0,0.0,0.0,0.0,5086.0,1918.0,2583.0,1617.0,356.0,0,0,0,0.0,0.0,1,0,172841.0,96118.0,0
2,45,420,4,26260,26710,2626002,2671003,4,3253.0,0.0,39004.0,33913.0,0.0,88809.0,68087.0,0,1,92055.0,1,0.0,6.0,0.0,2,5086.0,2354.0,0.0,0.0,0.0,0.0,307.0,4436.0,1046.0,2698.0,1242.0,1497.0,0,0,0,0.0,0.0,1,0,102628.0,73233.0,0
2,25,910,3,26410,26260,2641002,2626001,2,2989.0,0.0,32172.0,29016.0,0.0,170766.0,77768.0,0,0,157128.0,0,0.0,0.0,577.0,2,0.0,0.0,0.0,0.0,0.0,0.0,0.0,13706.0,2456.0,8904.0,2818.0,2172.0,1,1,35,2827.0,622.0,0,0,170916.0,95995.0,0
1,25,910,3,26260,26260,2626003,2626002,2,2736.0,0.0,32950.0,-1.0,1318.0,158655.0,147360.0,0,1,159472.0,2,0.0,0.0,0.0,0,0.0,0.0,0.0,0.0,0.0,0.0,0.0,11659.0,1709.0,5329.0,3803.0,381.0,0,0,0,0.0,0.0,1,0,155971.0,113544.0,2
1,30,420,5,26230,26350,2623002,2635002,4,2632.0,0.0,31084.0,24920.0,0.0,170195.0,91411.0,0,0,177757.0,1,0.0,3.8,760.0,2,0.0,0.0,0.0,0.0,1699.0,1177.0,145.0,9383.0,3572.0,4122.0,1910.0,1601.0,0,0,0,0.0,0.0,0,0,174915.0,97428.0,0
1,20,420,5,26230,26350,2623003,2635002,3,2991.0,0.0,36696.0,42132.0,0.0,-99999999.0,75692.0,0,0,1.0,1,0.0,0.0,657.0,1,0.0,0.0,0.0,0.0,0.0,0.0,0.0,11163.0,1760.0,4917.0,1299.0,978.0,0,0,0,0.0,0.0,0,0,1.0,1.0,0
1,30,910,5,26260,26350,2626003,2635002,3,3139.0,29145.0,34593.0,39076.0,0.0,191082.0,134399.0,1,0,218365.0,1,13.0,83.4,0.0,0,3455.0,1083.0,38870.0,27756.0,0.0,0.0,2678.0,3742.0,1043.0,1415.0,449.0,155.0,0,0,0,0.0,0.0,1,0,218525.0,139445.0,0
2,45,420,4,26320,26440,2632001,2644002,4,3550.0,38476.0,40869.0,34096.0,-6689.0,124375.0,84132.0,0,0,156016.0,1,0.0,0.0,737.0,2,0.0,0.0,0.0,0.0,0.0,0.0,0.0,10577.0,3330.0,3408.0,2564.0,824.0,0,0,0,0.0,0.0,0,0,156168.0,85910.0,1
1,25,110,2,26410,26230,2641003,2623001,4,3001.0,0.0,31745.0,-1.0,-1144.0,36303.0,27602.0,1,1,31276.0,0,112.0,116.2,843.0,3,0.0,0.0,44163.0,34924.0,3167.0,1978.0,4006.0,13411.0,1799.0,8793.0,3947.0,176.0,0,0,0,0.0,0.0,0,0,-99999999.0,17066.0,1
2,30,420,1,26410,26350,2641001,2635002,3,2499.0,0.0,30800.0,33142.0,-822.0,61375.0,50996.0,1,1,54828.0,1,22.0,38.8,715.0,2,0.0,0.0,12866.0,11943.0,0.0,0.0,1628.0,8061.0,1635.0,3424.0,2093.0,463.0,0,0,0,0.0,0.0,0,0,55971.0,32200.0,2
2,70,910,1,26230,26350,2623003,2635002,2,2588.0,0.0,30670.0,27561.0,1764.0,86964.0,71024.0,0,1,89217.0,0,0.0,11.4,0.0,3,2300.0,1829.0,0.0,0.0,2247.0,1654.0,415.0,9302.0,1868.0,2832.0,808.0,749.0,0,0,0,0.0,0.0,1,0,83448.0,50727.0,1
1,30,420,5,26350,26320,2635001,2632001,4,1940.0,17424.0,22787.0,23632.0,0.0,93682.0,84262.0,0,1,100369.0,0,0.0,0.0,459.0,2,0.0,0.0,0.0,0.0,0.0,0.0,0.0,5286.0,1363.0,1893.0,997.0,316.0,0,0,0,0.0,0.0,0,0,92146.0,46360.0,0
2,30,910,2,26260,26320,2626002,2632001,3,3880.0,0.0,46426.0,51335.0,0.0,122350.0,80562.0,1,1,146187.0,2,0.0,0.0,533.0,0,0.0,0.0,0.0,0.0,0.0,0.0,0.0,6349.0,3596.0,4298.0,440.0,1500.0,0,0,0,0.0,0.0,0,0,158163.0,110144.0,0
1,35,910,1,26260,26320,2626001,2632002,4,2448.0,0.0,27096.0,30100.0,-3373.0,60829.0,42203.0,0,0,78283.0,0,0.0,13.1,663.0,1,4266.0,3545.0,0.0,0.0,0.0,0.0,547.0,5778.0,2574.0,1875.0,1884.0,7.0,0,0,0,0.0,0.0,0,0,78433.0,44687.0,2
2,25,910,2,26260,26410,2626002,2641003,4,3429.0,0.0,40146.0,37233.0,-2418.0,329465.0,290174.0,0,0,418290.0,0,0.0,10.3,835.0,1,4290.0,3510.0,0.0,0.0,1282.0,612.0,734.0,5210.0,3614.0,3005.0,422.0,93.0,2,1,36,7943.0,378.0,0,0,368144.0,200237.0,1
2,25,910,1,26290,26320,2629002,2632002,3,2980.0,30014.0,36063.0,33994.0,0.0,92830.0,51547.0,1,1,124441.0,0,22.0,77.5,551.0,2,0.0,0.0,39721.0,27945.0,0.0,0.0,5409.0,10909.0,3512.0,6680.0,3530.0,2208.0,3,0,36,7629.0,2861.0,0,0,135600.0,89038.0,0
1,35,910,3,26410,26350,2641003,2635001,2,2997.0,0.0,32010.0,25455.0,0.0,98261.0,52595.0,0,1,83644.0,0,0.0,3.6,566.0,1,0.0,0.0,0.0,0.0,2167.0,1138.0,147.0,14200.0,1176.0,8510.0,2234.0,1989.0,0,0,0,0.0,0.0,0,0,-99999999.0,58294.0,0
2,30,420,3,26410,26320,2641001,2632001,4,2724.0,0.0,33826.0,34289.0,0.0,66009.0,26735.0,1,0,60782.0,1,0.0,11.2,783.0,3,6512.0,3783.0,0.0,0.0,0.0,0.0,646.0,7677.0,940.0,3327.0,1731.0,1038.0,2,2,29,2483.0,773.0,0,0,56737.0,34771.0,0
1,25,910,2,26350,26440,2635002,2644002,4,2288.0,0.0,28105.0,28564.0,0.0,54067.0,43587.0,0,0,56756.0,1,0.0,11.6,0.0,1,5850.0,3270.0,0.0,0.0,0.0,0.0,383.0,11255.0,3966.0,6256.0,2943.0,2210.0,0,0,0,0.0,0.0,1,0,50180.0,30433.0,0
2,20,910,4,26350,26260,2635002,2626002,1,2170.0,0.0,26965.0,21642.0,1274.0,91511.0,71211.0,0,0,111737.0,0,0.0,5.5,873.0,1,4288.0,1492.0,0.0,0.0,0.0,0.0,197.0,3100.0,1321.0,1279.0,930.0,589.0,1,0,34,1887.0,1096.0,0,0,101473.0,63349.0,1
1,50,110,3,26350,26350,2635002,2635002,3,3924.0,0.0,47546.0,40367.0,0.0,100361.0,55419.0,0,1,113413.0,0,0.0,7.4,0.0,3,7932.0,3517.0,0.0,0.0,0.0,0.0,634.0,13159.0,6083.0,6140.0,3474.0,2843.0,0,0,0,0.0,0.0,1,0,98178.0,52971.0,0
1,20,910,5,26350,26410,2635002,2641003,3,2874.0,0.0,31869.0,30301.0,0.0,93700.0,44175.0,0,1,115183.0,0,0.0,8.8,802.0,2,0.0,0.0,0.0,0.0,4485.0,2804.0,527.0,10487.0,911.0,6632.0,2110.0,1129.0,0,0,0,0.0,0.0,0,0,122824.0,70931.0,0
1,40,110,4,26230,26320,2623003,2632001,3,3531.0,0.0,41182.0,51746.0,0.0,266490.0,112830.0,0,0,256731.0,1,0.0,6.6,700.0,3,3823.0,2699.0,0.0,0.0,0.0,0.0,338.0,8719.0,4442.0,4731.0,1120.0,1126.0,0,0,0,0.0,0.0,0,0,265713.0,163084.0,0
1,30,910,1,26440,26440,2644001,2644002,4,3700.0,0.0,39739.0,43755.0,5335.0,91511.0,61159.0,1,1,84842.0,0,29.0,62.5,742.0,1,0.0,0.0,30621.0,24856.0,0.0,0.0,4383.0,5342.0,3911.0,2604.0,589.0,917.0,3,1,42,1110.0,366.0,0,0,96631.0,72346.0,1
1,35,420,2,26440,26350,2644002,2635001,2,2533.0,25785.0,30417.0,34886.0,0.0,93755.0,47479.0,0,0,86732.0,1,0.0,8.4,0.0,0,5343.0,2555.0,0.0,0.0,0.0,0.0,439.0,5361.0,2438.0,3081.0,1363.0,559.0,0,0,0,0.0,0.0,1,0,78048.0,46630.0,0
2,25,420,4,26380,26260,2638001,2626002,4,3075.0,29865.0,33232.0,32094.0,-185.0,161003.0,134658.0,0,1,175258.0,1,0.0,0.0,635.0,3,0.0,0.0,0.0,0.0,0.0,0.0,0.0,4137.0,2279.0,2466.0,703.0,1762.0,0,0,0,0.0,0.0,0,0,165097.0,84620.0,1
2,25,420,3,26350,26320,2635002,2632001,3,2829.0,0.0,34609.0,36287.0,-2952.0,89086.0,82183.0,1,1,88900.0,0,36.0,91.4,704.0,0,0.0,0.0,45151.0,31641.0,0.0,0.0,4907.0,14220.0,4581.0,9556.0,3794.0,82.0,2,2,33,5099.0,406.0,0,0,-99999999.0,52240.0,1
2,30,910,4,26380,26410,2638001,2641003,1,2048.0,15660.0,22489.0,17702.0,0.0,136435.0,112869.0,0,0,149514.0,0,0.0,26.4,754.0,1,8166.0,5933.0,0.0,0.0,0.0,0.0,828.0,2285.0,2505.0,1388.0,649.0,1628.0,2,2,37,1976.0,1301.0,0,0,152004.0,-99999999.0,0
1,40,110,2,26260,26350,2626003,2635002,3,2679.0,22985.0,28989.0,36497.0,-1316.0,45824.0,39793.0,1,0,51813.0,0,36.0,63.6,718.0,0,0.0,0.0,25107.0,18433.0,0.0,0.0,1614.0,3603.0,3017.0,1771.0,451.0,590.0,0,0,0,0.0,0.0,0,0,52506.0,37284.0,1
1,25,110,1,26350,26350,2635002,2635001,1,3182.0,0.0,33862.0,39568.0,0.0,46042.0,43507.0,0,1,44238.0,1,0.0,0.0,0.0,0,0.0,0.0,0.0,0.0,0.0,0.0,0.0,12816.0,4760.0,4963.0,736.0,1303.0,0,0,0,0.0,0.0,1,0,38836.0,25457.0,0
2,30,910,4,26260,26230,2626001,2623002,4,2476.0,0.0,29521.0,27675.0,0.0,106217.0,85764.0,0,0,109748.0,1,0.0,0.0,683.0,1,0.0,0.0,0.0,0.0,0.0,0.0,0.0,6049.0,848.0,2953.0,1209.0,923.0,0,0,0,0.0,0.0,0,0,93969.0,59543.0,0
1,30,420,4,26260,26230,2626002,2623002,4,2589.0,23934.0,28149.0,25400.0,0.0,85908.0,61169.0,0,0,84462.0,2,0.0,12.4,565.0,0,6876.0,3498.0,0.0,0.0,0.0,0.0,607.0,6409.0,3304.0,3050.0,944.0,2137.0,0,0,0,0.0,0.0,0,0,90084.0,59467.0,0
1,25,220,4,26440,26410,2644001,2641002,4,2687.0,21831.0,29276.0,45606.0,0.0,60754.0,51368.0,0,0,70814.0,0,0.0,0.0,0.0,3,0.0,0.0,0.0,0.0,0.0,0.0,0.0,6070.0,4269.0,3276.0,491.0,394.0,0,0,0,0.0,0.0,1,0,75224.0,55706.0,0
1,35,420,3,26440,26320,2644001,2632002,3,4172.0,0.0,45222.0,58754.0,772.0,106203.0,75417.0,0,0,91443.0,2,0.0,0.0,0.0,0,0.0,0.0,0.0,0.0,0.0,0.0,0.0,18620.0,6615.0,10244.0,3338.0,1321.0,0,0,0,0.0,0.0,1,0,78510.0,47884.0,1
1,25,910,1,26140,26350,2614002,2635002,2,1608.0,0.0,17867.0,18039.0,0.0,111911.0,71386.0,0,0,104409.0,0,0.0,6.8,871.0,3,1484.0,1219.0,0.0,0.0,0.0,0.0,144.0,7595.0,760.0,2937.0,1268.0,946.0,2,1,37,4280.0,448.0,0,0,114778.0,80342.0,0
1,30,220,4,26230,26230,2623003,2623003,2,3126.0,0.0,38707.0,31382.0,-2981.0,64477.0,26944.0,0,0,-99999999.0,0,0.0,5.6,620.0,3,0.0,0.0,0.0,0.0,2719.0,2173.0,179.0,16454.0,4849.0,10242.0,1935.0,875.0,0,0,0,0.0,0.0,0,0,1.0,1.0,1
2,20,910,4,26320,26440,2632001,2644002,4,2635.0,0.0,30232.0,23022.0,0.0,72310.0,54496.0,0,0,88474.0,0,0.0,0.0,906.0,1,0.0,0.0,0.0,0.0,0.0,0.0,0.0,6275.0,836.0,2920.0,932.0,1317.0,0,0,0,0.0,0.0,0,0,80966.0,44728.0,0
1,30,420,4,26350,26440,2635002,2644001,1,2384.0,20742.0,26276.0,27150.0,-3157.0,112417.0,100460.0,0,0,147269.0,0,0.0,2.9,507.0,0,1740.0,756.0,0.0,0.0,0.0,0.0,126.0,4470.0,2890.0,2749.0,285.0,57.0,0,0,0,0.0,0.0,0,0,150196.0,89607.0,2
2,25,420,1,26230,26260,2623003,2626002,4,2619.0,0.0,28392.0,28268.0,0.0,53496.0,41793.0,0,0,65809.0,0,0.0,0.0,810.0,1,0.0,0.0,0.0,0.0,0.0,0.0,0.0,11067.0,2935.0,3389.0,3750.0,2049.0,0,0,0,0.0,0.0,0,0,61127.0,41570.0,0
1,30,910,4,26350,26230,2635002,2623002,2,3234.0,32937.0,34079.0,37678.0,0.0,68705.0,42754.0,0,0,83227.0,0,0.0,0.0,706.0,2,0.0,0.0,0.0,0.0,0.0,0.0,0.0,13534.0,2701.0,8228.0,3590.0,2286.0,1,0,28,2464.0,1455.0,0,0,91569.0,51152.0,0
1,30,420,4,26260,26290,2626002,2629002,3,3271.0,0.0,36733.0,32652.0,2004.0,135993.0,100539.0,0,1,129098.0,1,0.0,0.0,677.0,3,0.0,0.0,0.0,0.0,0.0,0.0,0.0,8228.0,2380.0,4276.0,863.0,365.0,0,0,0,0.0,0.0,0,0,116485.0,67531.0,2
2,55,110,5,26530,26350,2653002,2635002,3,2921.0,26321.0,31313.0,24866.0,1582.0,97314.0,82437.0,0,1,115566.0,1,0.0,0.0,830.0,2,0.0,0.0,0.0,0.0,0.0,0.0,0.0,9466.0,1600.0,4442.0,2079.0,1826.0,0,0,0,0.0,0.0,0,0,127018.0,74701.0,1
2,30,910,3,26410,26260,2641001,2626003,1,3510.0,30941.0,37045.0,30405.0,0.0,74138.0,60818.0,0,0,56547.0,1,0.0,5.9,0.0,2,4466.0,1461.0,0.0,0.0,1735.0,724.0,423.0,8771.0,2424.0,3132.0,2169.0,181.0,1,1,35,883.0,1330.0,1,0,59231.0,44035.0,0
1,45,420,4,26320,26440,2632002,2644001,1,3625.0,32217.0,38809.0,37838.0,0.0,57421.0,38481.0,0,0,74328.0,1,0.0,0.0,816.0,1,0.0,0.0,0.0,0.0,0.0,0.0,0.0,4084.0,1278.0,2674.0,854.0,2864.0,0,0,0,0.0,0.0,0,0,67315.0,45363.0,0
1,25,420,3,26350,26230,2635002,2623001,1,3331.0,0.0,37097.0,41027.0,0.0,53749.0,32191.0,1,1,71941.0,1,31.0,64.8,623.0,1,0.0,0.0,43926.0,22324.0,4066.0,1700.0,2020.0,9042.0,2200.0,2905.0,2094.0,356.0,0,0,0,0.0,0.0,0,0,79830.0,50323.0,0
2,30,110,4,26260,26410,2626001,2641002,4,2445.0,22243.0,29344.0,28455.0,-448.0,91212.0,56394.0,1,0,98040.0,2,0.0,0.0,0.0,2,0.0,0.0,0.0,0.0,0.0,0.0,0.0,12126.0,2524.0,4189.0,3768.0,842.0,0,0,0,0.0,0.0,1,0,107727.0,-99999999.0,1
1,20,910,4,26170,26230,2617002,2623003,1,3121.0,31552.0,33189.0,26828.0,2054.0,332863.0,299360.0,0,1,491530.0,0,0.0,0.0,478.0,0,0.0,0.0,0.0,0.0,0.0,0.0,0.0,13285.0,2885.0,8481.0,4214.0,2277.0,0,0,0,0.0,0.0,0,0,511507.0,343227.0,1
2,30,110,4,26230,26410,2623003,2641001,3,3124.0,30333.0,37042.0,38191.0,1329.0,138617.0,68396.0,1,1,135813.0,2,0.0,0.0,0.0,1,0.0,0.0,0.0,0.0,0.0,0.0,0.0,5050.0,3519.0,2906.0,294.0,613.0,0,0,0,0.0,0.0,1,0,135773.0,98198.0,1
1,35,910,5,26440,26410,2644002,2641001,1,2270.0,0.0,26652.0,35176.0,-3407.0,44368.0,38806.0,1,0,42290.0,0,75.0,124.6,798.0,2,3097.0,1426.0,60706.0,31790.0,0.0,0.0,6610.0,5529.0,3052.0,3525.0,1131.0,1979.0,0,0,0,0.0,0.0,0,0,43927.0,24495.0,1
2,45,420,1,26230,26440,2623002,2644002,4,1780.0,0.0,21830.0,22367.0,-2399.0,150894.0,-99999999.0,0,0,146658.0,0,0.0,0.0,0.0,3,0.0,0.0,0.0,0.0,0.0,0.0,0.0,2747.0,768.0,1892.0,515.0,1165.0,0,0,0,0.0,0.0,1,0,154136.0,105640.0,1
1,35,910,4,26410,26320,2641002,2632001,4,1485.0,0.0,16139.0,16333.0,0.0,-99999999.0,58820.0,0,0,1.0,1,0.0,26.4,721.0,1,7884.0,4253.0,0.0,0.0,0.0,0.0,746.0,3297.0,2106.0,1438.0,206.0,613.0,2,2,35,1969.0,339.0,0,0,1.0,1.0,0
2,35,910,4,26320,26380,2632001,2638002,2,2845.0,0.0,34392.0,45444.0,1757.0,98428.0,63642.0,1,0,152727.0,0,19.0,85.7,666.0,1,0.0,0.0,48389.0,29464.0,0.0,0.0,4212.0,7022.0,2324.0,4379.0,2262.0,337.0,0,0,0,0.0,0.0,0,0,148190.0,102880.0,1
2,25,910,3,26410,26230,2641003,2623003,1,2994.0,0.0,36616.0,34387.0,-4055.0,69334.0,55702.0,0,0,58734.0,0,0.0,0.0,604.0,0,0.0,0.0,0.0,0.0,0.0,0.0,0.0,4343.0,1643.0,1370.0,1509.0,1924.0,0,0,0,0.0,0.0,0,0,66414.0,45473.0,1
1,20,110,3,26410,26440,2641003,2644001,2,2032.0,0.0,25304.0,22881.0,0.0,332253.0,266186.0,0,0,246634.0,0,0.0,0.0,775.0,1,0.0,0.0,0.0,0.0,0.0,0.0,0.0,10459.0,1096.0,6952.0,2750.0,1192.0,0,0,0,0.0,0.0,0,0,266836.0,179568.0,0
1,45,220,4,26260,26170,2626002,2617001,3,3480.0,31736.0,42168.0,32214.0,-6391.0,49988.0,41235.0,0,0,51616.0,1,0.0,7.3,569.0,1,4360.0,3063.0,0.0,0.0,0.0,0.0,468.0,16612.0,5261.0,9216.0,2190.0,1425.0,2,0,27,2480.0,909.0,0,0,45065.0,25542.0,2
2,25,110,3,26170,26410,2617002,2641001,3,2899.0,0.0,31157.0,37532.0,0.0,119153.0,99394.0,0,1,192540.0,1,0.0,0.0,365.0,3,0.0,0.0,0.0,0.0,0.0,0.0,0.0,13241.0,2559.0,8757.0,924.0,1006.0,0,0,0,0.0,0.0,0,0,213191.0,159460.0,0
2,20,910,3,26230,26350,2623002,2635001,3,3677.0,0.0,0.0,40447.0,-1.0,65435.0,27580.0,1,1,62685.0,0,0.0,164300.0,684.0,2,2225.0,1643.0,0.0,0.0,0.0,0.0,175.0,0.0,0.0,0.0,0.0,0.0,0,0,0,0.0,0.0,0,0,54461.0,31773.0,1
1,60,910,5,26320,26350,2632001,2635001,3,3041.0,22049.0,36887.0,31393.0,297.0,153783.0,84632.0,0,1,233561.0,0,0.0,2.7,659.0,1,1889.0,993.0,0.0,0.0,0.0,0.0,179.0,13501.0,5204.0,7458.0,3130.0,1213.0,0,0,0,0.0,0.0,0,0,246485.0,177514.0,1
2,65,910,4,26440,26260,2644001,2626001,3,2107.0,0.0,23018.0,20775.0,0.0,117721.0,61961.0,0,1,120435.0,1,0.0,6.7,573.0,1,0.0,0.0,0.0,0.0,1976.0,1540.0,163.0,8644.0,2214.0,5809.0,1175.0,1258.0,0,0,0,0.0,0.0,0,0,114543.0,62419.0,0
2,35,420,2,26710,26410,2671002,2641002,1,3098.0,32762.0,33553.0,38173.0,3896.0,209553.0,164337.0,0,1,222782.0,0,0.0,12.5,534.0,1,7584.0,4185.0,0.0,0.0,0.0,0.0,486.0,11285.0,3438.0,4750.0,3080.0,1171.0,0,0,0,0.0,0.0,0,0,207500.0,123304.0,1
1,30,110,5,26260,26350,2626002,2635002,1,3236.0,0.0,40038.0,46007.0,0.0,151884.0,117835.0,1,1,182484.0,0,11.0,49.1,447.0,1,0.0,0.0,34583.0,19661.0,0.0,0.0,1778.0,6470.0,2091.0,2832.0,2228.0,3138.0,0,0,0,0.0,0.0,0,0,181421.0,91757.0,0
2,45,220,2,26440,26440,2644002,2644001,4,2444.0,0.0,26423.0,25295.0,0.0,65113.0,36683.0,0,1,57714.0,0,0.0,0.0,603.0,0,0.0,0.0,0.0,0.0,0.0,0.0,0.0,4286.0,1902.0,2746.0,489.0,1171.0,0,0,0,0.0,0.0,0,0,50426.0,26482.0,0
1,25,420,1,26350,26320,2635002,2632002,3,1863.0,0.0,22457.0,21520.0,808.0,567912.0,475029.0,0,0,544463.0,1,0.0,15.0,536.0,0,4353.0,3372.0,0.0,0.0,0.0,0.0,385.0,6179.0,1345.0,4239.0,2150.0,253.0,0,0,0,0.0,0.0,0,0,620716.0,379574.0,1
2,30,220,5,26440,26380,2644001,2638003,4,2865.0,29270.0,32405.0,34252.0,6945.0,137758.0,78714.0,0,1,142782.0,0,0.0,0.0,775.0,1,0.0,0.0,0.0,0.0,0.0,0.0,0.0,11073.0,1684.0,6279.0,2214.0,2510.0,1,2,32,1507.0,303.0,0,0,162326.0,114596.0,1
1,30,110,2,26260,26410,2626002,2641001,3,2149.0,0.0,25675.0,20981.0,0.0,70941.0,41757.0,0,1,69250.0,0,0.0,0.0,717.0,0,0.0,0.0,0.0,0.0,0.0,0.0,0.0,2835.0,3513.0,1338.0,497.0,2024.0,0,0,0,0.0,0.0,0,0,62401.0,41632.0,0
2,55,910,2,26320,26260,2632002,2626003,2,3529.0,0.0,37703.0,38874.0,0.0,111672.0,69166.0,0,1,121821.0,0,0.0,8.0,587.0,2,0.0,0.0,0.0,0.0,3444.0,3011.0,566.0,10981.0,1384.0,3782.0,1199.0,2995.0,0,0,0,0.0,0.0,0,0,138618.0,89205.0,0
2,55,220,2,26230,26440,2623002,2644001,3,2535.0,21445.0,30294.0,40612.0,0.0,144134.0,116680.0,0,1,193423.0,0,0.0,0.0,718.0,0,0.0,0.0,0.0,0.0,0.0,0.0,0.0,12436.0,958.0,6752.0,891.0,741.0,0,0,0,0.0,0.0,0,0,219962.0,110691.0,0
2,35,420,3,26170,26290,2617001,2629002,3,3921.0,0.0,45185.0,45349.0,0.0,140882.0,57265.0,1,0,245189.0,0,0.0,0.0,636.0,2,0.0,0.0,0.0,0.0,0.0,0.0,0.0,6511.0,3137.0,4100.0,1780.0,1241.0,0,0,0,0.0,0.0,0,0,-99999999.0,153924.0,0
2,20,420,1,26230,26200,2623003,2620001,1,1419.0,0.0,17455.0,15839.0,0.0,132935.0,119450.0,1,0,132674.0,1,0.0,0.0,615.0,3,0.0,0.0,0.0,0.0,0.0,0.0,0.0,3657.0,1842.0,1258.0,920.0,9.0,3,2,35,1378.0,454.0,0,0,113313.0,65907.0,0
2,30,420,1,26320,26350,2632002,2635002,2,2888.0,0.0,31412.0,29050.0,0.0,176291.0,137618.0,1,0,267471.0,1,0.0,0.0,643.0,1,0.0,0.0,0.0,0.0,0.0,0.0,0.0,13990.0,1918.0,5823.0,3917.0,2231.0,0,0,0,0.0,0.0,0,0,264989.0,169007.0,0
2,25,910,2,26350,26320,2635002,2632002,3,3729.0,0.0,39970.0,37005.0,11.0,166193.0,120096.0,1,0,162552.0,0,21.0,96.2,880.0,1,4747.0,3390.0,41862.0,33846.0,2221.0,1215.0,6076.0,8598.0,1851.0,2929.0,989.0,2270.0,0,0,0,0.0,0.0,0,0,154640.0,109088.0,1
2,50,910,2,26320,26350,2632001,2635002,1,2221.0,20167.0,24192.0,19290.0,0.0,59365.0,31495.0,1,0,87397.0,0,0.0,0.0,734.0,1,0.0,0.0,0.0,0.0,0.0,0.0,0.0,2663.0,655.0,1160.0,731.0,545.0,1,2,36,1910.0,272.0,0,0,86925.0,44612.0,0
1,25,220,1,26350,26230,2635001,2623001,1,2697.0,21654.0,28742.0,33313.0,0.0,349701.0,290963.0,0,0,393238.0,0,0.0,18.4,611.0,3,0.0,0.0,0.0,0.0,9237.0,5282.0,516.0,9751.0,3686.0,5177.0,2326.0,429.0,0,0,0,0.0,0.0,0,0,394999.0,228734.0,0
1,20,420,5,26350,26440,2635002,2644002,1,2538.0,25655.0,31624.0,32722.0,0.0,321686.0,283094.0,0,1,375815.0,2,0.0,0.0,766.0,2,0.0,0.0,0.0,0.0,0.0,0.0,0.0,14039.0,3660.0,4942.0,2375.0,2252.0,0,0,0,0.0,0.0,0,1,404422.0,298745.0,0
1,40,420,3,26380,26440,2638003,2644002,3,2356.0,20545.0,25317.0,20065.0,5516.0,159624.0,107882.0,1,1,190012.0,0,0.0,12.5,762.0,0,4582.0,3172.0,0.0,0.0,0.0,0.0,431.0,4576.0,2629.0,2240.0,466.0,719.0,2,1,30,3651.0,2966.0,0,0,197519.0,103534.0,1
2,30,910,1,26230,26260,2623002,2626003,1,2959.0,0.0,32258.0,43895.0,5687.0,101035.0,56666.0,0,0,100178.0,1,0.0,12.3,684.0,2,4395.0,3953.0,0.0,0.0,0.0,0.0,467.0,5665.0,3719.0,1730.0,1413.0,1453.0,4,0,32,1717.0,1169.0,0,0,100500.0,59412.0,1
2,45,420,1,26260,26410,2626003,2641003,2,1958.0,0.0,23730.0,23220.0,0.0,102082.0,62199.0,0,0,130568.0,1,0.0,11.1,607.0,0,3205.0,2625.0,0.0,0.0,0.0,0.0,502.0,5960.0,3071.0,3753.0,1925.0,300.0,0,0,0,0.0,0.0,0,0,130647.0,94685.0,0
1,20,110,5,26320,26440,2632001,2644001,1,2728.0,0.0,29990.0,24697.0,3827.0,81287.0,51124.0,1,0,93825.0,2,0.0,0.0,599.0,2,0.0,0.0,0.0,0.0,0.0,0.0,0.0,8624.0,1637.0,4918.0,2505.0,422.0,2,1,40,238.0,309.0,0,0,106196.0,56294.0,2
1,45,910,2,26410,26260,2641003,2626001,2,3135.0,0.0,34311.0,28307.0,0.0,87849.0,49920.0,1,1,84643.0,1,0.0,17.6,0.0,2,11969.0,6048.0,0.0,0.0,0.0,0.0,714.0,13215.0,4213.0,7395.0,4566.0,1064.0,0,0,0,0.0,0.0,1,0,79472.0,-99999999.0,0
2,20,220,1,26440,26350,2644001,2635002,1,2660.0,19434.0,31507.0,27907.0,2283.0,26580.0,21043.0,0,0,22514.0,0,0.0,0.0,673.0,1,0.0,0.0,0.0,0.0,0.0,0.0,0.0,14106.0,1052.0,9015.0,1344.0,632.0,0,0,0,0.0,0.0,0,0,20422.0,13728.0,2
2,18,110,4,26230,26260,2623003,2626003,4,2150.0,15851.0,24290.0,21442.0,0.0,247251.0,145432.0,0,1,252799.0,1,0.0,0.0,571.0,3,0.0,0.0,0.0,0.0,0.0,0.0,0.0,9341.0,3433.0,3321.0,2283.0,433.0,0,0,0,0.0,0.0,0,0,238687.0,133857.0,0
2,30,420,5,26410,26260,2641002,2626003,2,3470.0,0.0,42233.0,48330.0,-5726.0,200080.0,170402.0,0,0,139381.0,2,0.0,29.5,593.0,0,13933.0,12470.0,0.0,0.0,0.0,0.0,1000.0,8523.0,3946.0,5856.0,1337.0,1377.0,0,0,0,0.0,0.0,0,0,151403.0,81192.0,1
1,25,420,2,26320,26350,2632002,2635002,1,3275.0,0.0,38568.0,31204.0,0.0,36098.0,23645.0,1,1,46090.0,1,18.0,28.2,0.0,1,0.0,0.0,9089.0,8194.0,4242.0,2694.0,1981.0,14469.0,4600.0,4612.0,2217.0,646.0,0,0,0,0.0,0.0,1,0,43297.0,29876.0,0
1,35,420,4,26710,26230,2671003,2623003,3,2123.0,25095.0,23515.0,27665.0,0.0,168382.0,125601.0,0,1,185447.0,1,0.0,21.9,869.0,3,6566.0,5160.0,0.0,0.0,0.0,0.0,991.0,7544.0,1959.0,3608.0,1136.0,1776.0,1,1,39,2468.0,106.0,0,0,193853.0,108019.0,0
1,18,220,3,26350,26320,2635002,2632002,4,1959.0,0.0,22912.0,26675.0,0.0,98260.0,90534.0,0,1,119227.0,2,0.0,0.0,699.0,0,0.0,0.0,0.0,0.0,0.0,0.0,0.0,6228.0,1651.0,1873.0,1548.0,1070.0,0,0,0,0.0,0.0,0,0,114909.0,79791.0,0
2,20,110,1,26320,26140,2632002,2614001,4,2181.0,0.0,26680.0,24518.0,763.0,87603.0,56533.0,1,1,130047.0,1,0.0,20.8,636.0,5,8034.0,5552.0,0.0,0.0,0.0,0.0,516.0,8595.0,2982.0,5744.0,2452.0,93.0,0,0,0,0.0,0.0,0,0,126084.0,91641.0,1
2,40,910,4,26230,26260,2623002,2626002,4,3154.0,33196.0,35416.0,37044.0,0.0,132681.0,65503.0,0,1,155619.0,1,0.0,0.0,648.0,3,0.0,0.0,0.0,0.0,0.0,0.0,0.0,8993.0,2225.0,4415.0,1940.0,624.0,0,0,0,0.0,0.0,0,0,166977.0,85453.0,0
2,25,420,5,26290,26140,2629003,2614002,2,2979.0,0.0,35667.0,33616.0,0.0,34694.0,24371.0,0,0,53944.0,1,0.0,10.4,798.0,3,5653.0,3704.0,0.0,0.0,0.0,0.0,411.0,11459.0,3495.0,4691.0,2978.0,1280.0,0,0,0,0.0,0.0,0,0,48874.0,27855.0,0
1,35,220,5,26230,26110,2623001,2611002,2,3314.0,0.0,37553.0,34307.0,-298.0,98052.0,66006.0,1,1,106632.0,0,0.0,0.0,700.0,0,0.0,0.0,0.0,0.0,0.0,0.0,0.0,13440.0,758.0,6419.0,2093.0,1292.0,0,0,0,0.0,0.0,0,0,110382.0,75282.0,1
1,40,420,1,26320,26410,2632001,2641002,2,2588.0,30644.0,29985.0,23124.0,0.0,103537.0,85979.0,0,1,144844.0,0,0.0,15.1,675.0,0,6701.0,2155.0,0.0,0.0,2769.0,2383.0,637.0,3143.0,3867.0,2139.0,628.0,1649.0,0,0,0,0.0,0.0,0,0,147898.0,94873.0,0
2,20,110,3,26230,26320,2623002,2632002,2,2199.0,0.0,26316.0,24032.0,0.0,103598.0,90452.0,1,1,138133.0,1,24.0,125.9,684.0,2,0.0,0.0,39593.0,33124.0,0.0,0.0,4280.0,8308.0,1097.0,3258.0,817.0,1627.0,0,0,0,0.0,0.0,0,0,150824.0,94876.0,0
2,40,110,4,26350,26320,2635002,2632001,4,3397.0,0.0,36080.0,38497.0,0.0,43456.0,34415.0,0,0,47781.0,2,0.0,3.7,464.0,1,2166.0,1352.0,0.0,0.0,0.0,0.0,139.0,5541.0,3600.0,2427.0,365.0,1646.0,0,0,0,0.0,0.0,0,0,53708.0,33141.0,0
1,25,420,1,26320,26320,2632002,2632002,1,2440.0,0.0,27840.0,24605.0,-190.0,129075.0,120595.0,0,1,162224.0,2,0.0,16.2,0.0,3,8617.0,4501.0,0.0,0.0,0.0,0.0,810.0,6064.0,3652.0,1844.0,1131.0,794.0,0,0,0,0.0,0.0,1,0,144849.0,107080.0,1
2,30,910,5,26350,26320,2635002,2632002,4,2921.0,0.0,31227.0,34496.0,-4127.0,186445.0,102183.0,1,1,204058.0,0,8.0,55.5,0.0,0,0.0,0.0,20866.0,17344.0,0.0,0.0,2637.0,7971.0,3387.0,3091.0,2733.0,469.0,0,0,0,0.0,0.0,1,0,189195.0,131353.0,1
2,20,420,1,26110,26440,2611002,2644002,4,1793.0,0.0,21426.0,18360.0,0.0,126046.0,67001.0,0,0,175029.0,1,0.0,7.2,701.0,2,2922.0,1550.0,0.0,0.0,0.0,0.0,240.0,9434.0,1748.0,6167.0,3084.0,64.0,0,0,0,0.0,0.0,0,0,156241.0,99722.0,0
1,45,910,2,26230,26380,2623002,2638002,4,2430.0,0.0,28469.0,27382.0,1526.0,86033.0,48196.0,1,1,102298.0,0,0.0,0.0,554.0,0,0.0,0.0,0.0,0.0,0.0,0.0,0.0,6091.0,2437.0,2995.0,1944.0,137.0,0,0,0,0.0,0.0,0,0,117595.0,68412.0,1
2,35,220,5,26320,26350,2632002,2635001,3,3456.0,29927.0,38548.0,35362.0,806.0,495550.0,381077.0,1,0,562891.0,1,0.0,0.0,727.0,3,0.0,0.0,0.0,0.0,0.0,0.0,0.0,14909.0,2972.0,5062.0,2376.0,1266.0,0,0,0,0.0,0.0,0,0,581202.0,294054.0,1
2,30,110,3,26230,26410,2623003,2641001,4,2334.0,26284.0,24863.0,32590.0,-1553.0,56684.0,29923.0,1,1,73816.0,2,0.0,0.0,0.0,3,0.0,0.0,0.0,0.0,0.0,0.0,0.0,5419.0,609.0,3428.0,1490.0,3.0,0,0,0,0.0,0.0,1,1,83525.0,55914.0,1
2,65,110,4,26230,26230,2623001,2623003,1,3329.0,25491.0,0.0,36619.0,0.0,157011.0,70440.0,0,0,158264.0,2,0.0,191700.0,501.0,0,2176.0,1917.0,0.0,0.0,0.0,0.0,184.0,0.0,0.0,0.0,0.0,0.0,0,0,0,0.0,0.0,0,0,180271.0,97141.0,0
1,25,910,3,26230,26440,2623002,2644002,4,1285.0,13432.0,14302.0,17771.0,0.0,114229.0,107118.0,0,0,116885.0,1,0.0,0.0,612.0,0,0.0,0.0,0.0,0.0,0.0,0.0,0.0,3603.0,2064.0,2491.0,246.0,9.0,3,2,36,1381.0,1336.0,0,0,131061.0,70677.0,0
2,50,420,4,26440,26350,2644001,2635002,3,2436.0,0.0,26920.0,20838.0,0.0,330178.0,189204.0,1,1,276928.0,1,16.0,159.5,937.0,2,0.0,0.0,53754.0,42933.0,0.0,0.0,6122.0,3539.0,3060.0,1148.0,650.0,1854.0,3,0,29,1215.0,528.0,0,0,257524.0,135491.0,0
1,40,110,1,26440,26350,2644002,2635001,4,2689.0,27862.0,0.0,29579.0,0.0,124499.0,65028.0,0,0,118506.0,0,0.0,0.0,355.0,2,0.0,0.0,0.0,0.0,0.0,0.0,0.0,0.0,0.0,0.0,0.0,0.0,0,0,0,0.0,0.0,0,0,118741.0,85524.0,0
2,55,910,4,26320,26230,2632002,2623001,1,3933.0,36100.0,45838.0,40214.0,0.0,141590.0,84573.0,0,1,205352.0,1,0.0,7.3,672.0,3,0.0,0.0,0.0,0.0,4165.0,3343.0,645.0,12578.0,6110.0,8227.0,3809.0,2433.0,0,0,0,0.0,0.0,0,0,188936.0,121755.0,0
1,55,420,1,26320,26230,2632002,2623003,4,2040.0,0.0,22504.0,24102.0,0.0,133710.0,65135.0,0,1,203753.0,0,0.0,0.0,519.0,0,0.0,0.0,0.0,0.0,0.0,0.0,0.0,7666.0,1490.0,2664.0,1713.0,1606.0,0,0,0,0.0,0.0,0,0,199501.0,139798.0,0
2,75,910,1,26320,26260,2632001,2626001,3,3236.0,26892.0,39433.0,39671.0,0.0,52313.0,21954.0,1,0,67714.0,0,0.0,0.0,829.0,3,0.0,0.0,0.0,0.0,0.0,0.0,0.0,14953.0,2649.0,6654.0,5225.0,2806.0,4,0,44,2877.0,2338.0,0,0,66210.0,33354.0,0
2,25,910,3,26440,26350,2644002,2635002,1,3487.0,0.0,41375.0,40433.0,-335.0,58611.0,33289.0,0,0,52690.0,1,0.0,3.1,756.0,2,1519.0,1267.0,0.0,0.0,0.0,0.0,246.0,10059.0,3299.0,6661.0,673.0,2723.0,2,1,35,820.0,596.0,0,0,59234.0,36658.0,1
1,45,110,3,26230,26230,2623001,2623002,3,2331.0,0.0,24494.0,19187.0,0.0,83667.0,49014.0,0,1,105099.0,0,0.0,0.0,674.0,1,0.0,0.0,0.0,0.0,0.0,0.0,0.0,6313.0,781.0,2127.0,908.0,1241.0,0,0,0,0.0,0.0,0,0,111245.0,72991.0,0
1,45,420,1,26260,26470,2626003,2647003,1,2557.0,28721.0,29741.0,26610.0,2205.0,175331.0,148340.0,1,0,208660.0,1,14.0,105.2,769.0,1,0.0,0.0,40156.0,28521.0,4334.0,2763.0,4213.0,5614.0,768.0,3314.0,1212.0,529.0,0,0,0,0.0,0.0,0,0,223786.0,-99999999.0,1
1,35,220,4,26410,26260,2641001,2626003,1,2892.0,31067.0,31707.0,29149.0,0.0,113534.0,72616.0,0,1,100482.0,0,0.0,0.0,682.0,0,0.0,0.0,0.0,0.0,0.0,0.0,0.0,11098.0,644.0,7545.0,1286.0,1077.0,0,0,0,0.0,0.0,0,1,107716.0,69991.0,0
2,25,910,2,26410,26230,2641002,2623003,3,1837.0,0.0,19345.0,15798.0,0.0,87200.0,70215.0,0,1,70904.0,0,0.0,0.0,651.0,1,0.0,0.0,0.0,0.0,0.0,0.0,0.0,7570.0,1717.0,4094.0,2578.0,633.0,0,0,0,0.0,0.0,0,0,71896.0,38311.0,0
2,65,420,5,26260,26260,2626003,2626001,4,2504.0,27731.0,29394.0,31437.0,0.0,224879.0,-99999999.0,0,1,256437.0,0,0.0,9.9,572.0,1,3236.0,2908.0,0.0,0.0,0.0,0.0,510.0,8846.0,2646.0,5765.0,2283.0,1388.0,0,0,0,0.0,0.0,0,0,244533.0,165701.0,0
2,25,420,1,26320,26350,2632002,2635002,1,3629.0,0.0,39592.0,33264.0,0.0,30048.0,25058.0,0,0,-99999999.0,0,0.0,8.3,0.0,2,8106.0,3277.0,0.0,0.0,0.0,0.0,613.0,4494.0,1192.0,2785.0,1043.0,1231.0,1,0,32,1143.0,180.0,1,0,1.0,1.0,0
1,30,110,2,26440,26350,2644001,2635002,2,3140.0,0.0,38620.0,33145.0,-4236.0,45366.0,41064.0,0,0,41027.0,0,0.0,13.6,590.0,2,6900.0,5268.0,0.0,0.0,0.0,0.0,461.0,13481.0,1663.0,8393.0,1227.0,287.0,0,0,0,0.0,0.0,0,0,39146.0,21946.0,1
1,30,910,2,26260,26320,2626002,2632002,2,2698.0,0.0,31423.0,27008.0,3103.0,22071.0,14881.0,0,1,28401.0,1,0.0,5.6,651.0,0,0.0,0.0,0.0,0.0,2382.0,1759.0,297.0,10477.0,3658.0,5782.0,3010.0,109.0,5,1,34,2000.0,779.0,0,0,28579.0,20355.0,3
1,25,910,3,26440,26380,2644001,2638001,3,2873.0,0.0,31368.0,31158.0,663.0,203819.0,93181.0,0,0,168972.0,1,0.0,0.0,404.0,1,0.0,0.0,0.0,0.0,0.0,0.0,0.0,6898.0,2796.0,2263.0,2354.0,1021.0,0,0,0,0.0,0.0,0,0,-99999999.0,-99999999.0,1
2,40,420,3,26260,26260,2626003,2626003,1,3178.0,0.0,39592.0,41053.0,1911.0,93150.0,39241.0,1,0,96273.0,0,0.0,1.8,784.0,1,1675.0,706.0,0.0,0.0,0.0,0.0,92.0,9630.0,4800.0,4428.0,2798.0,2758.0,0,0,0,0.0,0.0,0,0,98940.0,61655.0,1
2,20,110,1,26320,26320,2632001,2632001,3,3302.0,35189.0,38280.0,42556.0,0.0,176271.0,88629.0,0,1,210516.0,1,0.0,0.0,903.0,2,0.0,0.0,0.0,0.0,0.0,0.0,0.0,10463.0,1764.0,6627.0,2299.0,2160.0,0,0,0,0.0,0.0,0,0,208628.0,148179.0,0
1,40,110,3,26140,26440,2614001,2644001,2,2438.0,0.0,26406.0,29052.0,0.0,92452.0,79145.0,0,1,71351.0,1,0.0,7.6,0.0,0,2858.0,2002.0,0.0,0.0,0.0,0.0,369.0,9949.0,2491.0,3795.0,2540.0,646.0,0,0,0,0.0,0.0,1,0,79454.0,58417.0,0
1,50,420,5,26260,26260,2626002,2626002,4,3798.0,0.0,43808.0,49087.0,0.0,182391.0,130572.0,0,0,234513.0,1,0.0,0.0,803.0,0,0.0,0.0,0.0,0.0,0.0,0.0,0.0,14817.0,2241.0,6226.0,3109.0,3277.0,0,0,0,0.0,0.0,0,0,220642.0,145559.0,0
2,30,220,1,26350,26350,2635001,2635002,2,3656.0,0.0,45403.0,41845.0,-897.0,91487.0,43645.0,0,1,91735.0,1,0.0,6.9,633.0,1,3538.0,3112.0,0.0,0.0,0.0,0.0,313.0,12757.0,6576.0,6444.0,780.0,2384.0,2,2,41,2074.0,1391.0,0,0,-99999999.0,61412.0,1
2,40,420,2,26320,26440,2632001,2644001,2,3240.0,35169.0,36769.0,36926.0,0.0,126241.0,59706.0,0,1,166760.0,1,0.0,10.1,572.0,0,5126.0,3708.0,0.0,0.0,0.0,0.0,412.0,14043.0,5153.0,6586.0,4373.0,2468.0,0,0,0,0.0,0.0,0,0,147961.0,89599.0,0
1,25,420,3,26380,26320,2638002,2632001,1,2252.0,18464.0,25562.0,23350.0,0.0,115625.0,102944.0,0,1,145711.0,0,0.0,0.0,600.0,1,0.0,0.0,0.0,0.0,0.0,0.0,0.0,10243.0,1594.0,6422.0,1231.0,1685.0,0,0,0,0.0,0.0,0,0,-99999999.0,105198.0,0
2,50,910,4,26320,26320,2632002,2632002,4,2137.0,0.0,24409.0,22126.0,0.0,120889.0,82932.0,0,1,131388.0,0,0.0,11.6,661.0,1,5416.0,2834.0,0.0,0.0,0.0,0.0,314.0,2883.0,980.0,1987.0,415.0,1215.0,1,1,40,1316.0,697.0,0,0,141887.0,96460.0,0
1,60,110,1,26260,26320,2626001,2632002,4,2588.0,21676.0,28624.0,32862.0,2654.0,271263.0,134151.0,0,1,259143.0,0,0.0,4.6,0.0,1,0.0,0.0,0.0,0.0,2068.0,1309.0,226.0,3562.0,1121.0,1221.0,1156.0,2152.0,0,0,0,0.0,0.0,1,1,270586.0,196897.0,2
1,25,420,2,26320,26350,2632002,2635001,2,2839.0,0.0,30728.0,35461.0,0.0,37248.0,33270.0,0,0,46554.0,1,0.0,11.4,729.0,2,7342.0,3504.0,0.0,0.0,0.0,0.0,421.0,8189.0,1319.0,2516.0,2247.0,1106.0,0,0,0,0.0,0.0,0,0,40812.0,29221.0,0
1,40,910,2,26230,26320,2623002,2632002,2,1650.0,0.0,19235.0,19318.0,740.0,94747.0,75457.0,0,0,95893.0,0,0.0,0.0,582.0,2,0.0,0.0,0.0,0.0,0.0,0.0,0.0,7186.0,1964.0,4382.0,1546.0,1209.0,0,0,0,0.0,0.0,0,0,90147.0,53085.0,1
2,30,420,4,26500,26230,2650001,2623003,4,3122.0,0.0,38364.0,41986.0,459.0,111167.0,73678.0,0,0,93164.0,2,0.0,7.5,510.0,1,7020.0,2888.0,0.0,0.0,0.0,0.0,317.0,5310.0,1661.0,1751.0,670.0,625.0,2,0,44,3198.0,1350.0,0,0,88274.0,63657.0,1
2,30,910,1,26230,26440,2623003,2644002,2,3637.0,0.0,43540.0,48489.0,0.0,101618.0,66640.0,0,0,121879.0,0,0.0,5.5,647.0,3,1705.0,1402.0,0.0,0.0,1802.0,999.0,207.0,17511.0,1912.0,6933.0,5202.0,3282.0,0,0,0,0.0,0.0,0,0,-99999999.0,79892.0,0
1,40,110,4,26320,26440,2632002,2644001,1,3175.0,25688.0,33948.0,26432.0,-1537.0,77751.0,59865.0,1,1,90756.0,0,47.0,125.4,560.0,0,0.0,0.0,49329.0,42561.0,0.0,0.0,5142.0,5026.0,2456.0,2210.0,1057.0,1983.0,0,0,0,0.0,0.0,0,0,98609.0,68907.0,1
2,30,220,3,26440,26320,2644002,2632002,1,2361.0,0.0,26683.0,33354.0,-5464.0,71623.0,41976.0,0,1,74847.0,0,0.0,39.0,607.0,0,19550.0,7742.0,0.0,0.0,4335.0,2661.0,950.0,9163.0,3287.0,3843.0,1959.0,579.0,3,1,36,8110.0,2390.0,0,0,85926.0,58203.0,1
2,35,910,2,26230,26710,2623001,2671003,3,2284.0,0.0,24006.0,18003.0,0.0,247214.0,234841.0,0,1,330354.0,1,0.0,3.7,643.0,2,0.0,0.0,0.0,0.0,1224.0,894.0,132.0,9150.0,897.0,5119.0,979.0,1128.0,0,0,0,0.0,0.0,0,0,306071.0,223759.0,0
2,25,910,5,26410,26440,2641001,2644002,1,2995.0,26116.0,33292.0,31017.0,0.0,94615.0,78673.0,0,0,70821.0,0,0.0,0.0,476.0,1,0.0,0.0,0.0,0.0,0.0,0.0,0.0,3859.0,1345.0,1585.0,701.0,59.0,0,0,0,0.0,0.0,0,0,64308.0,43473.0,0
2,30,910,5,26320,26350,2632001,2635002,1,2700.0,0.0,31965.0,27136.0,2886.0,426244.0,320761.0,0,1,506100.0,1,0.0,27.8,840.0,1,1333.0,817.0,0.0,0.0,12572.0,8073.0,1001.0,12692.0,953.0,6891.0,1993.0,1347.0,0,0,0,0.0,0.0,0,0,494394.0,336259.0,2
1,50,420,5,26230,26410,2623002,2641001,1,3088.0,0.0,34216.0,29490.0,-147.0,135532.0,105457.0,1,1,129384.0,1,0.0,0.0,756.0,1,0.0,0.0,0.0,0.0,0.0,0.0,0.0,13499.0,968.0,7807.0,1864.0,2084.0,0,0,0,0.0,0.0,0,0,136221.0,102061.0,1
1,20,420,5,26200,26410,2620002,2641001,4,3191.0,29906.0,38870.0,34627.0,498.0,82968.0,78641.0,1,0,53767.0,0,0.0,0.0,0.0,0,0.0,0.0,0.0,0.0,0.0,0.0,0.0,5873.0,1607.0,1813.0,1128.0,1135.0,0,0,0,0.0,0.0,1,0,57288.0,41089.0,1
1,35,220,2,26410,26350,2641003,2635001,4,3510.0,0.0,40206.0,31429.0,0.0,137531.0,55828.0,1,1,109886.0,1,25.0,68.5,648.0,0,0.0,0.0,48888.0,27548.0,0.0,0.0,3267.0,6962.0,4963.0,3112.0,2104.0,2378.0,0,0,0,0.0,0.0,0,0,120763.0,78871.0,0
1,25,420,5,26230,26320,2623002,2632001,4,2064.0,19283.0,24434.0,28162.0,3388.0,105383.0,43476.0,0,0,121852.0,1,0.0,0.0,733.0,1,0.0,0.0,0.0,0.0,0.0,0.0,0.0,9801.0,3618.0,3141.0,1420.0,1427.0,0,0,0,0.0,0.0,0,0,114986.0,79071.0,1
1,50,110,1,26350,26320,2635002,2632001,2,2944.0,0.0,36116.0,35881.0,4369.0,220841.0,183688.0,0,1,226744.0,1,0.0,0.0,677.0,0,0.0,0.0,0.0,0.0,0.0,0.0,0.0,15818.0,1685.0,9590.0,1958.0,2700.0,0,0,0,0.0,0.0,0,0,249939.0,140919.0,1
1,35,420,2,26350,26410,2635002,2641001,2,2564.0,0.0,30423.0,33726.0,-88.0,48990.0,25238.0,0,1,53198.0,0,0.0,16.4,0.0,0,6362.0,5001.0,0.0,0.0,0.0,0.0,928.0,8199.0,1328.0,2652.0,2580.0,2337.0,0,0,0,0.0,0.0,1,0,55912.0,35623.0,1
2,30,110,3,26320,26440,2632001,2644002,2,2736.0,0.0,33638.0,43371.0,0.0,33500.0,-99999999.0,1,0,38613.0,1,0.0,0.0,619.0,1,0.0,0.0,0.0,0.0,0.0,0.0,0.0,4843.0,1396.0,3122.0,1365.0,560.0,0,0,0,0.0,0.0,0,0,33044.0,24631.0,0
1,25,420,4,26230,26170,2623001,2617002,3,3362.0,0.0,40734.0,43762.0,0.0,122589.0,82973.0,1,1,151693.0,1,0.0,0.0,805.0,2,0.0,0.0,0.0,0.0,0.0,0.0,0.0,8059.0,1047.0,5150.0,1770.0,1055.0,2,2,27,2073.0,327.0,0,0,173210.0,-99999999.0,0
1,30,220,3,26260,26440,2626001,2644002,1,3433.0,38351.0,39940.0,30468.0,-3893.0,162986.0,93761.0,1,1,174480.0,2,17.0,74.6,476.0,1,0.0,0.0,37331.0,29800.0,0.0,0.0,5467.0,8723.0,5164.0,4420.0,2216.0,719.0,0,0,0,0.0,0.0,0,0,161550.0,116986.0,1
1,60,110,3,26140,26410,2614001,2641003,3,3709.0,0.0,41149.0,40986.0,0.0,117189.0,61786.0,0,0,113395.0,0,0.0,0.0,0.0,0,0.0,0.0,0.0,0.0,0.0,0.0,0.0,13205.0,3552.0,8941.0,996.0,1281.0,0,0,0,0.0,0.0,1,0,98956.0,67872.0,0
1,30,420,2,26170,26440,2617002,2644001,1,3077.0,35596.0,34143.0,25719.0,1702.0,147781.0,122246.0,1,0,237041.0,2,22.0,172.5,869.0,2,13024.0,6321.0,58525.0,52586.0,0.0,0.0,6386.0,12039.0,2148.0,5377.0,3268.0,108.0,0,0,0,0.0,0.0,0,0,233001.0,133354.0,1
2,30,110,3,26410,26260,2641002,2626002,2,2728.0,0.0,33420.0,24887.0,4073.0,135302.0,66845.0,0,1,107316.0,1,0.0,0.0,594.0,0,0.0,0.0,0.0,0.0,0.0,0.0,0.0,10439.0,1578.0,4395.0,3313.0,1287.0,0,0,0,0.0,0.0,0,0,108431.0,79871.0,1
2,40,910,3,26500,26440,2650002,2644001,2,2636.0,24360.0,27962.0,18903.0,0.0,40610.0,19789.0,0,1,40241.0,0,0.0,2.8,498.0,0,0.0,0.0,0.0,0.0,1633.0,787.0,120.0,11510.0,1194.0,3978.0,2209.0,1982.0,0,0,0,0.0,0.0,0,0,39851.0,24163.0,0
1,30,420,3,26320,26230,2632001,2623002,3,1672.0,19217.0,20704.0,15735.0,838.0,116861.0,75149.0,0,1,127196.0,1,0.0,23.9,0.0,1,8193.0,4952.0,0.0,0.0,0.0,0.0,714.0,2147.0,710.0,1269.0,650.0,1202.0,2,1,34,2699.0,182.0,1,0,137419.0,84924.0,2
2,30,420,3,26410,26230,2641003,2623001,4,3671.0,42225.0,40947.0,29592.0,-1702.0,217525.0,101280.0,0,1,193090.0,0,0.0,0.0,0.0,1,0.0,0.0,0.0,0.0,0.0,0.0,0.0,9683.0,4365.0,4552.0,2138.0,1851.0,0,0,0,0.0,0.0,1,0,170896.0,106061.0,3
2,25,110,4,26410,26260,2641003,2626002,3,2591.0,25183.0,31034.0,28768.0,0.0,109432.0,82384.0,0,1,86590.0,0,0.0,7.2,551.0,2,6692.0,2234.0,0.0,0.0,0.0,0.0,210.0,6273.0,3281.0,4337.0,382.0,620.0,1,1,28,299.0,1366.0,0,0,94696.0,51970.0,0
2,25,110,2,26350,26350,2635001,2635002,2,3129.0,26686.0,34920.0,32812.0,3825.0,44982.0,42534.0,1,1,52463.0,1,42.0,63.6,0.0,1,0.0,0.0,28861.0,22212.0,0.0,0.0,2539.0,12679.0,1277.0,8217.0,683.0,689.0,0,0,0,0.0,0.0,1,0,52227.0,34445.0,2
1,40,420,1,26350,26230,2635001,2623002,3,3241.0,26010.0,40210.0,37432.0,0.0,80796.0,65554.0,0,0,94569.0,0,0.0,3.7,409.0,3,2426.0,1490.0,0.0,0.0,0.0,0.0,239.0,13603.0,1909.0,6870.0,1197.0,265.0,0,0,0,0.0,0.0,0,0,82575.0,52054.0,0
2,50,220,2,26260,26410,2626001,2641001,3,1991.0,0.0,21051.0,20438.0,0.0,137868.0,100889.0,0,0,156831.0,0,0.0,0.0,589.0,3,0.0,0.0,0.0,0.0,0.0,0.0,0.0,8669.0,2660.0,4167.0,2941.0,139.0,0,0,0,0.0,0.0,0,0,179188.0,133620.0,0
2,55,420,3,26320,26410,2632002,2641003,1,2200.0,0.0,24655.0,23426.0,0.0,289925.0,178899.0,1,1,412761.0,1,0.0,8.9,780.0,1,5504.0,2182.0,0.0,0.0,0.0,0.0,266.0,5169.0,2206.0,2037.0,1742.0,1507.0,0,0,0,0.0,0.0,0,0,461564.0,320230.0,0
2,50,420,1,26260,26320,2626002,2632002,4,3806.0,33333.0,46566.0,40746.0,0.0,30522.0,-99999999.0,0,1,29184.0,2,0.0,0.0,548.0,0,0.0,0.0,0.0,0.0,0.0,0.0,0.0,18600.0,2007.0,6715.0,1162.0,3509.0,3,2,34,10691.0,714.0,0,0,27591.0,16818.0,0
1,30,910,1,26260,26440,2626003,2644001,4,2989.0,0.0,33023.0,34394.0,0.0,122607.0,108381.0,1,1,136023.0,0,0.0,0.0,485.0,1,0.0,0.0,0.0,0.0,0.0,0.0,0.0,9525.0,3458.0,3779.0,1531.0,2237.0,4,0,42,1081.0,593.0,0,0,136227.0,98406.0,0
2,25,420,5,26350,26260,2635002,2626001,1,2423.0,0.0,26777.0,32522.0,0.0,56425.0,48036.0,1,1,-99999999.0,0,150.0,77.0,0.0,2,0.0,0.0,27950.0,20606.0,0.0,0.0,3704.0,4115.0,3467.0,2141.0,1374.0,2007.0,0,0,0,0.0,0.0,1,0,-99999999.0,1.0,0
1,35,420,2,26230,26140,2623002,2614003,1,2718.0,0.0,33425.0,30819.0,0.0,133872.0,70484.0,0,0,140388.0,0,0.0,0.0,571.0,1,0.0,0.0,0.0,0.0,0.0,0.0,0.0,13042.0,2097.0,4653.0,2816.0,222.0,0,0,0,0.0,0.0,0,0,140698.0,90487.0,0
1,60,910,4,26260,26440,2626001,2644001,1,3506.0,31169.0,42637.0,46040.0,0.0,140463.0,-99999999.0,0,1,138781.0,0,0.0,0.0,0.0,2,0.0,0.0,0.0,0.0,0.0,0.0,0.0,7749.0,5075.0,5065.0,2229.0,1213.0,3,1,42,591.0,450.0,1,0,128323.0,94959.0,0
2,40,420,1,26410,26230,2641002,2623003,3,3407.0,0.0,36494.0,38757.0,-607.0,85829.0,42731.0,1,0,73813.0,2,22.0,70.2,699.0,2,11304.0,9411.0,28533.0,16211.0,0.0,0.0,2486.0,13360.0,4718.0,9179.0,1487.0,694.0,5,0,41,2582.0,1008.0,0,0,70940.0,44694.0,1
2,30,420,5,26410,26290,2641001,2629001,1,1847.0,18351.0,21537.0,21354.0,0.0,144200.0,78197.0,0,0,124333.0,0,0.0,0.0,724.0,1,0.0,0.0,0.0,0.0,0.0,0.0,0.0,6201.0,1404.0,2521.0,501.0,168.0,0,0,0,0.0,0.0,0,0,115874.0,64291.0,0
1,40,110,2,26260,26380,2626002,2638002,1,3862.0,46176.0,42277.0,43398.0,0.0,195622.0,87039.0,1,0,244120.0,1,10.0,57.5,0.0,1,0.0,0.0,33491.0,23536.0,1719.0,792.0,3307.0,11846.0,5925.0,6607.0,1766.0,799.0,0,0,0,0.0,0.0,1,0,240320.0,151713.0,0
2,40,910,2,26440,26230,2644001,2623003,3,3428.0,0.0,37469.0,31315.0,0.0,89434.0,79474.0,0,0,89674.0,0,0.0,0.0,569.0,1,0.0,0.0,0.0,0.0,0.0,0.0,0.0,10762.0,2711.0,4995.0,2774.0,1922.0,0,0,0,0.0,0.0,0,0,78045.0,48531.0,0
2,55,110,4,26230,26320,2623001,2632001,1,2701.0,0.0,31685.0,31528.0,0.0,44254.0,22209.0,1,0,55945.0,2,53.0,93.4,549.0,0,0.0,0.0,41800.0,29597.0,0.0,0.0,3583.0,13986.0,1073.0,7124.0,4601.0,1226.0,0,0,0,0.0,0.0,0,0,56528.0,35507.0,0
2,40,910,2,26410,26350,2641001,2635001,1,2025.0,0.0,21764.0,18075.0,2783.0,232198.0,121819.0,1,0,220044.0,0,0.0,0.0,706.0,1,0.0,0.0,0.0,0.0,0.0,0.0,0.0,6630.0,2578.0,4032.0,1883.0,1583.0,0,0,0,0.0,0.0,0,0,201549.0,109617.0,1
1,30,910,3,26410,26410,2641003,2641001,1,3485.0,40466.0,39867.0,37578.0,0.0,162302.0,144203.0,0,1,116787.0,2,0.0,3.0,857.0,0,2928.0,1205.0,0.0,0.0,0.0,0.0,199.0,4603.0,1698.0,2502.0,795.0,423.0,0,0,0,0.0,0.0,0,0,105186.0,57960.0,0
1,25,420,4,26440,26440,2644002,2644001,3,3110.0,0.0,34246.0,33683.0,-338.0,138449.0,128339.0,0,0,148794.0,1,0.0,0.0,528.0,1,0.0,0.0,0.0,0.0,0.0,0.0,0.0,14882.0,1603.0,8425.0,2408.0,1872.0,0,0,0,0.0,0.0,0,0,142077.0,85034.0,2
2,30,110,1,26410,26440,2641002,2644002,2,1852.0,0.0,22609.0,21456.0,0.0,65213.0,34040.0,0,1,50752.0,2,0.0,0.0,0.0,1,0.0,0.0,0.0,0.0,0.0,0.0,0.0,4490.0,2379.0,1608.0,1397.0,1063.0,0,0,0,0.0,0.0,1,0,54220.0,37353.0,0
2,25,420,1,26440,26320,2644002,2632001,2,2649.0,25164.0,30752.0,36773.0,0.0,178307.0,100173.0,1,1,163063.0,0,0.0,4.5,502.0,1,1977.0,1394.0,0.0,0.0,0.0,0.0,172.0,8136.0,2641.0,3220.0,1670.0,1822.0,0,0,0,0.0,0.0,0,0,156015.0,87046.0,0
2,60,420,4,26230,26260,2623003,2626002,3,4832.0,38750.0,52815.0,48871.0,0.0,336198.0,282425.0,1,0,456001.0,1,0.0,0.0,0.0,0,0.0,0.0,0.0,0.0,0.0,0.0,0.0,20497.0,1602.0,13239.0,3834.0,1979.0,0,0,0,0.0,0.0,1,0,490752.0,255353.0,0
2,30,110,2,26710,26320,2671002,2632002,1,2811.0,30418.0,34724.0,30002.0,0.0,91786.0,85696.0,0,0,87410.0,0,0.0,0.0,645.0,0,0.0,0.0,0.0,0.0,0.0,0.0,0.0,4500.0,4307.0,3095.0,611.0,98.0,0,0,0,0.0,0.0,0,0,99966.0,56661.0,0
2,30,110,5,26260,26230,2626002,2623003,3,2318.0,21012.0,28154.0,23887.0,-124.0,104474.0,79120.0,1,1,133915.0,1,23.0,111.1,722.0,0,0.0,0.0,38124.0,31271.0,0.0,0.0,5700.0,5107.0,637.0,2666.0,1312.0,883.0,0,0,0,0.0,0.0,0,0,151748.0,90932.0,1
2,30,910,5,26260,26410,2626002,2641001,2,2144.0,18983.0,23650.0,28591.0,0.0,52098.0,33521.0,0,0,64862.0,1,0.0,137.6,584.0,2,44114.0,32536.0,0.0,0.0,0.0,0.0,4290.0,9623.0,1060.0,3686.0,920.0,400.0,0,0,0,0.0,0.0,0,0,59432.0,30541.0,0
1,35,420,5,26230,26410,2623002,2641002,3,3952.0,35867.0,49092.0,61200.0,6850.0,64105.0,49426.0,1,1,84666.0,0,12.0,23.7,730.0,1,0.0,0.0,18401.0,10484.0,1951.0,1174.0,1291.0,6923.0,4976.0,3493.0,1152.0,1212.0,0,0,0,0.0,0.0,0,0,95602.0,57601.0,1
2,30,420,5,26320,26350,2632002,2635001,3,3351.0,0.0,36980.0,38948.0,0.0,51806.0,42955.0,1,0,70847.0,0,22.0,52.8,0.0,1,7584.0,3908.0,22677.0,15606.0,0.0,0.0,1746.0,10386.0,4438.0,5089.0,2864.0,664.0,1,1,30,1070.0,540.0,1,0,78573.0,50818.0,0
1,25,910,5,26200,26410,2620002,2641002,3,3715.0,0.0,41182.0,33273.0,691.0,106777.0,49327.0,1,0,86613.0,0,28.0,63.1,449.0,0,2814.0,1844.0,36538.0,24135.0,0.0,0.0,4625.0,6797.0,3263.0,3842.0,1716.0,2089.0,1,1,26,2347.0,447.0,0,0,74355.0,52505.0,1
2,50,110,2,26530,26260,2653002,2626003,1,2961.0,0.0,0.0,32571.0,0.0,80461.0,51448.0,1,1,101021.0,2,27.0,2687300.0,770.0,1,0.0,0.0,36925.0,26873.0,0.0,0.0,4401.0,0.0,0.0,0.0,0.0,0.0,1,0,42,988.0,568.0,0,0,115307.0,71616.0,0
1,30,910,5,26440,26350,2644002,2635002,1,3615.0,0.0,39149.0,42842.0,0.0,123461.0,107598.0,0,1,118393.0,0,0.0,0.0,0.0,3,0.0,0.0,0.0,0.0,0.0,0.0,0.0,14746.0,5566.0,9618.0,2321.0,461.0,0,0,0,0.0,0.0,1,0,134648.0,91933.0,0
2,30,420,2,26440,26260,2644001,2626001,3,2249.0,21686.0,26705.0,32886.0,0.0,57807.0,45551.0,0,0,64839.0,0,0.0,0.0,610.0,1,0.0,0.0,0.0,0.0,0.0,0.0,0.0,11635.0,1585.0,8044.0,1958.0,830.0,0,0,0,0.0,0.0,0,0,69545.0,46557.0,0
1,25,420,3,26410,26410,2641003,2641001,1,2906.0,0.0,33752.0,36394.0,0.0,89274.0,43260.0,0,1,71090.0,1,0.0,4.6,0.0,2,0.0,0.0,0.0,0.0,2471.0,1565.0,132.0,10155.0,3081.0,6747.0,1219.0,772.0,0,0,0,0.0,0.0,1,0,73297.0,46550.0,0
1,35,910,1,26260,26410,2626003,2641003,2,2987.0,0.0,36707.0,40018.0,0.0,55708.0,45422.0,1,0,61752.0,1,0.0,18.1,462.0,2,21117.0,6634.0,0.0,0.0,0.0,0.0,869.0,8321.0,3811.0,5787.0,916.0,339.0,0,0,0,0.0,0.0,0,0,70831.0,45331.0,0
1,40,110,5,26410,26110,2641001,2611002,3,3699.0,0.0,40621.0,34709.0,0.0,110475.0,84745.0,0,1,108272.0,0,0.0,0.0,706.0,2,0.0,0.0,0.0,0.0,0.0,0.0,0.0,5202.0,5711.0,1847.0,1054.0,1298.0,0,0,0,0.0,0.0,0,0,98377.0,56324.0,0
1,50,420,3,26320,26410,2632001,2641001,4,3007.0,28138.0,32597.0,27581.0,0.0,37072.0,20225.0,0,1,46556.0,0,0.0,9.2,573.0,0,6878.0,2985.0,0.0,0.0,0.0,0.0,394.0,7840.0,3892.0,3141.0,1180.0,2076.0,0,0,0,0.0,0.0,0,0,50394.0,27043.0,0
2,20,420,5,26440,26380,2644002,2638001,3,2393.0,0.0,26843.0,30765.0,0.0,108115.0,63702.0,1,0,120168.0,1,0.0,19.6,630.0,4,4931.0,3573.0,0.0,0.0,2493.0,1678.0,841.0,10331.0,950.0,6261.0,2398.0,591.0,0,0,0,0.0,0.0,0,0,134742.0,85220.0,0
1,65,420,2,26410,26260,2641001,2626002,4,2842.0,0.0,30671.0,26834.0,361.0,83513.0,47847.0,1,1,63715.0,1,41.0,92.9,798.0,0,3341.0,2128.0,48570.0,26360.0,0.0,0.0,4215.0,11190.0,3665.0,5445.0,2711.0,638.0,0,0,0,0.0,0.0,0,0,63712.0,36163.0,2
2,40,420,2,26260,26200,2626003,2620002,3,1710.0,0.0,21191.0,18793.0,0.0,110038.0,104127.0,1,1,101402.0,0,29.0,137.4,733.0,1,0.0,0.0,31833.0,29112.0,0.0,0.0,4549.0,4762.0,2137.0,3259.0,1603.0,1573.0,0,0,0,0.0,0.0,0,0,95261.0,56445.0,0
2,25,910,3,26230,26350,2623003,2635001,2,1291.0,0.0,15408.0,18062.0,2445.0,36631.0,18354.0,1,0,43970.0,0,0.0,8.4,627.0,5,0.0,0.0,0.0,0.0,1942.0,1296.0,136.0,2457.0,1859.0,883.0,558.0,797.0,0,0,0,0.0,0.0,0,0,43242.0,29721.0,1
2,25,420,5,26350,26230,2635002,2623003,1,3340.0,0.0,40389.0,39697.0,0.0,146214.0,125185.0,0,1,168420.0,1,0.0,0.0,0.0,2,0.0,0.0,0.0,0.0,0.0,0.0,0.0,11725.0,1322.0,4960.0,3475.0,916.0,0,0,0,0.0,0.0,1,1,192268.0,128351.0,0
1,25,910,3,26350,26350,2635001,2635002,3,2556.0,0.0,30662.0,28361.0,418.0,82517.0,57089.0,1,1,105752.0,0,0.0,0.0,317.0,0,0.0,0.0,0.0,0.0,0.0,0.0,0.0,11996.0,4283.0,6698.0,3877.0,78.0,0,0,0,0.0,0.0,0,0,113446.0,60915.0,1
1,50,110,4,26320,26230,2632001,2623003,4,2630.0,0.0,28892.0,27399.0,0.0,112450.0,99438.0,0,0,122231.0,1,0.0,24.8,543.0,2,22067.0,7178.0,0.0,0.0,0.0,0.0,1015.0,8576.0,3559.0,3978.0,1523.0,2291.0,0,0,0,0.0,0.0,0,0,123952.0,66002.0,0
1,25,220,2,26320,26260,2632002,2626001,2,3340.0,0.0,36010.0,46560.0,0.0,32143.0,30215.0,0,1,35968.0,1,0.0,9.1,672.0,0,7717.0,3273.0,0.0,0.0,0.0,0.0,378.0,10428.0,4688.0,4639.0,1067.0,2812.0,0,0,0,0.0,0.0,0,0,31762.0,22683.0,0
1,30,220,4,26710,26260,2671003,2626003,1,3708.0,0.0,42119.0,40126.0,0.0,46834.0,43490.0,0,0,56461.0,1,0.0,0.0,551.0,1,0.0,0.0,0.0,0.0,0.0,0.0,0.0,14630.0,5666.0,7617.0,1959.0,2254.0,0,0,0,0.0,0.0,0,0,59708.0,-99999999.0,0
1,40,420,4,26710,26440,2671001,2644002,1,3147.0,31154.0,38261.0,33996.0,0.0,78113.0,67946.0,1,0,82697.0,0,0.0,0.0,478.0,0,0.0,0.0,0.0,0.0,0.0,0.0,0.0,5559.0,1242.0,3457.0,1419.0,383.0,0,0,0,0.0,0.0,0,0,76855.0,41928.0,0
2,50,420,5,26350,26350,2635001,2635001,3,4053.0,0.0,0.0,44583.0,0.0,225325.0,141383.0,0,0,262117.0,0,0.0,0.0,712.0,0,0.0,0.0,0.0,0.0,0.0,0.0,0.0,0.0,0.0,0.0,0.0,0.0,0,0,0,0.0,0.0,0,0,300554.0,196341.0,0
1,35,420,1,26440,26410,2644001,2641002,3,3127.0,36819.0,32893.0,35381.0,799.0,135451.0,74390.0,0,1,121276.0,1,0.0,5.9,820.0,0,4042.0,1926.0,0.0,0.0,0.0,0.0,299.0,4188.0,3652.0,1314.0,374.0,1192.0,0,0,0,0.0,0.0,0,0,121896.0,90431.0,1
1,40,110,2,26320,26320,2632002,2632002,1,2996.0,32435.0,35413.0,37348.0,6214.0,106716.0,61439.0,0,0,163433.0,0,0.0,0.0,0.0,2,0.0,0.0,0.0,0.0,0.0,0.0,0.0,5521.0,3841.0,3383.0,507.0,133.0,0,0,0,0.0,0.0,1,0,169040.0,110050.0,1
1,25,420,1,26500,26350,2650003,2635002,1,2956.0,28477.0,32221.0,32264.0,0.0,56694.0,43044.0,1,1,61805.0,0,0.0,4.3,764.0,2,0.0,0.0,0.0,0.0,2544.0,1370.0,204.0,3802.0,2246.0,2238.0,571.0,339.0,0,0,0,0.0,0.0,0,0,71063.0,46222.0,0
1,50,910,3,26230,26230,2623001,2623002,3,1964.0,0.0,22754.0,21192.0,0.0,50830.0,29889.0,1,0,59367.0,0,52.0,136.3,744.0,4,0.0,0.0,44560.0,31013.0,0.0,0.0,5156.0,7167.0,1235.0,3600.0,669.0,76.0,0,0,0,0.0,0.0,0,1,63869.0,46126.0,0
1,25,420,4,26350,26350,2635001,2635001,2,3421.0,40984.0,36022.0,34486.0,0.0,116540.0,74491.0,0,0,121377.0,0,0.0,2.9,523.0,1,1519.0,1036.0,0.0,0.0,0.0,0.0,159.0,15758.0,3572.0,8529.0,5127.0,331.0,0,0,0,0.0,0.0,0,0,120882.0,66458.0,0
1,25,420,4,26230,26260,2623001,2626002,2,1210.0,12588.0,13936.0,12436.0,0.0,150304.0,66713.0,1,0,205121.0,0,0.0,51.6,555.0,0,11931.0,7185.0,0.0,0.0,0.0,0.0,1307.0,2117.0,796.0,947.0,110.0,618.0,0,0,0,0.0,0.0,0,0,208262.0,133383.0,0
2,65,110,4,26440,26410,2644002,2641003,2,2419.0,23384.0,27304.0,31704.0,0.0,111903.0,92214.0,1,1,127206.0,0,0.0,0.0,884.0,0,0.0,0.0,0.0,0.0,0.0,0.0,0.0,7227.0,3802.0,2474.0,865.0,1607.0,0,0,0,0.0,0.0,0,0,142654.0,79915.0,0
2,25,110,4,26320,26260,2632001,2626001,3,2815.0,0.0,34514.0,31678.0,0.0,275332.0,127013.0,0,1,367958.0,0,0.0,8.2,505.0,0,3901.0,2816.0,0.0,0.0,0.0,0.0,250.0,14250.0,3420.0,8819.0,4684.0,2701.0,0,0,0,0.0,0.0,0,0,-99999999.0,279177.0,0
2,25,910,5,26230,26320,2623001,2632002,3,2287.0,0.0,27315.0,-1.0,0.0,65547.0,38369.0,0,1,79591.0,1,0.0,0.0,571.0,1,0.0,0.0,0.0,0.0,0.0,0.0,0.0,10858.0,1821.0,4965.0,3171.0,2151.0,0,0,0,0.0,0.0,0,0,79212.0,50842.0,0
2,35,220,5,26410,26410,2641001,2641001,1,2506.0,0.0,26494.0,26271.0,0.0,109933.0,79673.0,0,0,89264.0,0,0.0,9.8,906.0,1,0.0,0.0,0.0,0.0,3290.0,2587.0,331.0,6574.0,603.0,4563.0,2153.0,1722.0,0,0,0,0.0,0.0,0,0,85182.0,60818.0,0
2,25,420,3,26410,26350,2641002,2635002,1,3996.0,0.0,48268.0,37528.0,0.0,35742.0,24739.0,1,1,26501.0,1,0.0,4.5,576.0,2,0.0,0.0,0.0,0.0,3128.0,2184.0,230.0,17408.0,1971.0,12027.0,5452.0,189.0,0,0,0,0.0,0.0,0,0,28740.0,18549.0,0
1,25,420,5,26410,26410,2641002,2641002,3,3518.0,39652.0,42506.0,51820.0,0.0,112042.0,99854.0,1,1,99155.0,1,0.0,3.4,0.0,3,2131.0,1461.0,0.0,0.0,0.0,0.0,179.0,4894.0,2457.0,2094.0,861.0,1538.0,2,1,40,5096.0,2849.0,1,0,89019.0,57859.0,0
1,35,910,1,26230,26260,2623001,2626001,3,2354.0,0.0,27840.0,28176.0,0.0,238381.0,181713.0,1,1,293757.0,1,5.0,56.2,517.0,1,0.0,0.0,23860.0,15639.0,0.0,0.0,2470.0,10156.0,1143.0,3839.0,792.0,109.0,0,0,0,0.0,0.0,0,1,284730.0,176967.0,0
1,40,110,4,26230,26410,2623003,2641001,1,2495.0,24938.0,30835.0,36761.0,1758.0,-99999999.0,44071.0,0,1,1.0,2,0.0,9.6,668.0,0,3540.0,2949.0,0.0,0.0,0.0,0.0,538.0,10914.0,2803.0,6589.0,3269.0,1571.0,0,0,0,0.0,0.0,0,0,1.0,1.0,1
1,45,910,3,26320,26320,2632001,2632001,1,1970.0,0.0,23850.0,22650.0,0.0,163616.0,92753.0,0,1,241779.0,2,0.0,0.0,0.0,3,0.0,0.0,0.0,0.0,0.0,0.0,0.0,7251.0,2713.0,4393.0,1176.0,298.0,0,0,0,0.0,0.0,1,0,266330.0,164511.0,0
1,25,420,5,26410,26410,2641001,2641003,3,3258.0,0.0,35635.0,30015.0,0.0,234362.0,110793.0,0,1,191159.0,0,0.0,6.3,589.0,5,3819.0,2253.0,0.0,0.0,0.0,0.0,259.0,4989.0,4808.0,1560.0,422.0,1873.0,2,2,36,2723.0,171.0,0,0,165278.0,84431.0,0
1,35,220,3,26350,26320,2635002,2632001,2,2638.0,0.0,29712.0,28151.0,0.0,65262.0,52786.0,0,1,85683.0,0,0.0,11.8,663.0,0,5326.0,3518.0,0.0,0.0,0.0,0.0,341.0,6052.0,3085.0,3116.0,1707.0,602.0,2,0,31,643.0,4261.0,0,0,86870.0,56768.0,0
1,45,420,1,26410,26410,2641003,2641003,1,1522.0,17182.0,17046.0,16836.0,0.0,130635.0,63289.0,0,1,97293.0,1,0.0,0.0,747.0,0,0.0,0.0,0.0,0.0,0.0,0.0,0.0,2729.0,1622.0,1128.0,157.0,889.0,0,0,0,0.0,0.0,0,0,111718.0,62425.0,0
2,25,910,4,26440,26710,2644001,2671001,3,2866.0,25134.0,32987.0,26835.0,0.0,254684.0,218720.0,1,1,295903.0,1,9.0,92.0,533.0,3,6434.0,5194.0,29722.0,25170.0,0.0,0.0,2502.0,3979.0,1688.0,1273.0,459.0,1929.0,2,0,34,3941.0,476.0,0,0,280508.0,141185.0,0
2,25,910,5,26410,26230,2641001,2623003,1,3085.0,0.0,38277.0,35456.0,0.0,113356.0,104136.0,0,0,84015.0,0,0.0,0.0,941.0,1,0.0,0.0,0.0,0.0,0.0,0.0,0.0,15874.0,5113.0,7494.0,3918.0,883.0,3,0,26,2326.0,1315.0,0,0,91657.0,63286.0,0
2,18,220,1,26440,26410,2644001,2641003,1,3426.0,0.0,40191.0,34860.0,2735.0,158265.0,87934.0,0,0,137982.0,2,0.0,0.0,0.0,4,0.0,0.0,0.0,0.0,0.0,0.0,0.0,6574.0,2455.0,2322.0,802.0,3188.0,2,2,44,2363.0,4414.0,1,0,122869.0,71532.0,2
1,30,110,1,26260,26320,2626003,2632001,3,2752.0,0.0,30618.0,26922.0,0.0,34052.0,27873.0,0,1,39356.0,1,0.0,3.1,0.0,3,0.0,0.0,0.0,0.0,2278.0,940.0,98.0,5276.0,3411.0,2180.0,369.0,564.0,1,0,38,943.0,823.0,1,0,34980.0,23185.0,0
1,25,220,4,26350,26350,2635002,2635002,1,2558.0,0.0,31676.0,52920.0,0.0,141249.0,90475.0,0,0,139675.0,1,0.0,0.0,619.0,1,0.0,0.0,0.0,0.0,0.0,0.0,0.0,10937.0,3712.0,5759.0,2786.0,247.0,4,0,42,1519.0,4913.0,0,0,128209.0,86122.0,0
2,40,420,3,26440,26170,2644002,2617002,1,4091.0,0.0,48685.0,47801.0,0.0,134638.0,75996.0,0,1,117763.0,0,0.0,1.6,899.0,0,2114.0,755.0,0.0,0.0,0.0,0.0,62.0,10356.0,1257.0,4134.0,1460.0,2275.0,0,0,0,0.0,0.0,0,0,128440.0,80254.0,0
1,65,910,3,26440,26230,2644002,2623001,4,2804.0,22975.0,30934.0,35626.0,0.0,44546.0,28382.0,0,0,48005.0,0,0.0,0.0,604.0,2,0.0,0.0,0.0,0.0,0.0,0.0,0.0,7478.0,3236.0,3329.0,2431.0,1017.0,0,0,0,0.0,0.0,0,0,49827.0,24925.0,0
1,25,110,1,26440,26350,2644001,2635001,1,3268.0,0.0,40239.0,44433.0,0.0,55348.0,41828.0,1,1,51218.0,0,0.0,12.0,589.0,1,9169.0,4824.0,0.0,0.0,0.0,0.0,500.0,4821.0,5676.0,2814.0,333.0,2673.0,1,2,32,2536.0,339.0,0,0,56312.0,39417.0,0
1,35,910,3,26230,26440,2623002,2644002,3,2449.0,26936.0,27400.0,21899.0,0.0,141832.0,133810.0,0,0,-99999999.0,0,0.0,0.0,799.0,1,0.0,0.0,0.0,0.0,0.0,0.0,0.0,11628.0,3019.0,7242.0,1800.0,1131.0,0,0,0,0.0,0.0,0,0,1.0,1.0,0
1,25,910,3,26410,26260,2641003,2626002,4,3248.0,0.0,37457.0,38466.0,0.0,82320.0,46513.0,0,0,59782.0,0,0.0,0.0,468.0,0,0.0,0.0,0.0,0.0,0.0,0.0,0.0,16809.0,3071.0,8134.0,5369.0,765.0,0,0,0,0.0,0.0,0,0,53949.0,30401.0,0
2,18,220,5,26440,26410,2644001,2641001,4,1854.0,0.0,21244.0,16169.0,0.0,192368.0,151638.0,0,0,183384.0,0,0.0,0.0,0.0,2,0.0,0.0,0.0,0.0,0.0,0.0,0.0,4863.0,1537.0,2606.0,359.0,891.0,0,0,0,0.0,0.0,1,0,185986.0,127534.0,0
2,40,420,2,26320,26230,2632002,2623003,4,2500.0,0.0,30868.0,37697.0,0.0,118947.0,-99999999.0,0,1,151212.0,1,0.0,23.8,0.0,2,9286.0,7359.0,0.0,0.0,0.0,0.0,1322.0,5416.0,1219.0,2340.0,1694.0,2132.0,0,0,0,0.0,0.0,1,0,130110.0,90730.0,0
1,30,910,2,26410,26230,2641003,2623003,2,2015.0,0.0,22228.0,25625.0,1315.0,102117.0,54966.0,0,0,84173.0,0,0.0,8.6,559.0,1,3027.0,1921.0,0.0,0.0,0.0,0.0,361.0,7714.0,1094.0,5045.0,2322.0,421.0,0,0,0,0.0,0.0,0,0,83854.0,58963.0,1
1,60,220,1,26260,26260,2626003,2626001,4,2407.0,27790.0,26878.0,23488.0,0.0,89119.0,-99999999.0,0,1,96034.0,1,0.0,0.0,446.0,0,0.0,0.0,0.0,0.0,0.0,0.0,0.0,9816.0,3644.0,3264.0,880.0,260.0,0,0,0,0.0,0.0,0,0,109250.0,75630.0,0
2,35,220,3,26440,26350,2644002,2635001,1,3613.0,0.0,42707.0,43632.0,0.0,117666.0,-99999999.0,0,1,112234.0,0,0.0,0.0,659.0,1,0.0,0.0,0.0,0.0,0.0,0.0,0.0,6567.0,3021.0,2226.0,1429.0,2983.0,0,0,0,0.0,0.0,0,0,117240.0,64058.0,0
2,25,220,4,26410,26410,2641002,2641001,2,2402.0,0.0,29480.0,27395.0,0.0,159813.0,126981.0,0,0,124399.0,2,0.0,0.0,739.0,0,0.0,0.0,0.0,0.0,0.0,0.0,0.0,7972.0,1212.0,2512.0,683.0,2032.0,0,0,0,0.0,0.0,0,0,124626.0,86525.0,0
2,30,220,2,26410,26410,2641001,2641003,1,3267.0,0.0,35054.0,34599.0,0.0,135986.0,124893.0,0,0,92991.0,2,0.0,4.5,562.0,1,3350.0,1594.0,0.0,0.0,0.0,0.0,273.0,5904.0,2517.0,2012.0,1937.0,2385.0,0,0,0,0.0,0.0,0,0,84515.0,47418.0,0
1,25,420,4,26350,26440,2635001,2644001,3,3786.0,0.0,41342.0,40989.0,0.0,76588.0,35158.0,0,0,92656.0,1,0.0,0.0,497.0,3,0.0,0.0,0.0,0.0,0.0,0.0,0.0,7516.0,3181.0,4145.0,2599.0,907.0,0,0,0,0.0,0.0,0,0,91529.0,52780.0,0
2,50,220,5,26410,26350,2641003,2635002,4,2782.0,0.0,34486.0,35034.0,0.0,207661.0,144816.0,0,0,170738.0,0,0.0,0.0,813.0,1,0.0,0.0,0.0,0.0,0.0,0.0,0.0,9409.0,2211.0,6580.0,1450.0,2196.0,0,0,0,0.0,0.0,0,0,173310.0,97891.0,0
2,40,910,1,26440,26350,2644002,2635002,4,3446.0,28570.0,41540.0,39303.0,0.0,146476.0,82021.0,0,0,138998.0,0,0.0,12.1,719.0,0,6222.0,5013.0,0.0,0.0,0.0,0.0,872.0,9964.0,922.0,5387.0,3370.0,854.0,0,0,0,0.0,0.0,0,0,139068.0,77137.0,0
2,30,110,3,26230,26320,2623002,2632002,4,3145.0,0.0,35199.0,31253.0,0.0,124385.0,105643.0,0,1,129245.0,1,0.0,0.0,603.0,0,0.0,0.0,0.0,0.0,0.0,0.0,0.0,9372.0,2385.0,3767.0,1240.0,1748.0,0,0,0,0.0,0.0,0,0,131017.0,84451.0,0
1,30,910,4,26320,26230,2632001,2623003,1,2876.0,0.0,32255.0,25354.0,-70.0,104299.0,45278.0,0,1,157995.0,1,0.0,0.0,0.0,0,0.0,0.0,0.0,0.0,0.0,0.0,0.0,7564.0,4405.0,4745.0,1746.0,313.0,0,0,0,0.0,0.0,1,0,180109.0,117851.0,1
2,35,110,1,26260,26230,2626002,2623003,4,3288.0,26151.0,37612.0,37626.0,0.0,133256.0,66187.0,1,1,134285.0,2,0.0,0.0,681.0,1,0.0,0.0,0.0,0.0,0.0,0.0,0.0,4724.0,2096.0,2087.0,578.0,1262.0,1,1,41,957.0,44.0,0,0,121934.0,83758.0,0
1,45,910,1,26410,26350,2641003,2635001,3,3996.0,0.0,47343.0,48759.0,-1477.0,32892.0,27123.0,0,0,31487.0,0,0.0,6.9,883.0,0,6225.0,3280.0,0.0,0.0,0.0,0.0,592.0,5997.0,3177.0,3224.0,338.0,3437.0,0,0,0,0.0,0.0,0,0,30525.0,16775.0,1
1,20,110,2,26350,26350,2635001,2635001,2,2386.0,19530.0,27730.0,29139.0,-4525.0,114095.0,67893.0,0,0,118804.0,0,0.0,7.0,736.0,1,2793.0,1942.0,0.0,0.0,0.0,0.0,258.0,5315.0,3134.0,2531.0,825.0,44.0,2,2,28,974.0,300.0,0,0,106276.0,65704.0,1
2,18,420,1,26410,26350,2641001,2635001,1,2177.0,24828.0,26238.0,20983.0,0.0,264107.0,204680.0,0,0,256849.0,0,0.0,5.6,469.0,2,1989.0,1475.0,0.0,0.0,0.0,0.0,216.0,7426.0,1056.0,3746.0,1354.0,323.0,0,0,0,0.0,0.0,0,0,250043.0,162271.0,0
2,20,420,2,26350,26350,2635001,2635002,1,2138.0,20358.0,22681.0,20009.0,0.0,112644.0,106919.0,1,0,126923.0,0,7.0,39.3,0.0,0,0.0,0.0,15558.0,8908.0,0.0,0.0,1389.0,3959.0,2934.0,1355.0,428.0,1160.0,0,0,0,0.0,0.0,1,0,111537.0,65988.0,0
1,30,910,1,26230,26410,2623003,2641002,4,3446.0,0.0,41828.0,56134.0,0.0,103786.0,67764.0,1,1,121919.0,1,28.0,81.1,0.0,3,0.0,0.0,39248.0,33908.0,0.0,0.0,4913.0,13340.0,3802.0,8967.0,2735.0,2660.0,0,0,0,0.0,0.0,1,0,116601.0,64763.0,0
1,30,420,5,26260,26320,2626002,2632001,2,3534.0,0.0,37517.0,50799.0,0.0,69042.0,47856.0,1,1,71279.0,0,111.0,210.0,690.0,1,0.0,0.0,84712.0,78802.0,0.0,0.0,10488.0,13754.0,3353.0,5806.0,4528.0,1312.0,3,0,26,1291.0,1045.0,0,0,68864.0,35775.0,0
1,25,110,3,26260,26230,2626001,2623001,3,2451.0,22614.0,30054.0,33191.0,0.0,132672.0,124238.0,1,0,171382.0,1,14.0,82.1,611.0,1,0.0,0.0,26773.0,24673.0,0.0,0.0,3411.0,12391.0,1100.0,6696.0,3646.0,1833.0,0,0,0,0.0,0.0,0,0,183066.0,104267.0,0
1,30,420,2,26410,26410,2641001,2641002,4,1412.0,14888.0,14948.0,14042.0,0.0,87812.0,71173.0,1,1,67137.0,0,0.0,11.3,503.0,3,5182.0,1683.0,0.0,0.0,0.0,0.0,155.0,6432.0,430.0,1949.0,1118.0,1164.0,3,0,30,502.0,634.0,0,0,75475.0,47584.0,0
2,30,910,4,26440,26410,2644001,2641003,2,2361.0,19569.0,0.0,25971.0,0.0,216551.0,110055.0,0,1,233456.0,0,0.0,294000.0,727.0,3,0.0,0.0,0.0,0.0,4242.0,2940.0,525.0,0.0,0.0,0.0,0.0,0.0,0,0,0,0.0,0.0,0,0,233893.0,-99999999.0,0
1,20,420,1,26440,26260,2644001,2626002,1,3156.0,34854.0,34275.0,30956.0,-624.0,58796.0,49528.0,0,0,48291.0,0,0.0,17.1,0.0,0,11521.0,5866.0,0.0,0.0,0.0,0.0,526.0,14740.0,1671.0,8943.0,4574.0,1214.0,0,0,0,0.0,0.0,1,0,52292.0,37598.0,1
2,55,420,3,26260,26350,2626003,2635002,2,2757.0,0.0,30178.0,30067.0,0.0,75253.0,51452.0,0,1,85613.0,1,0.0,10.2,637.0,2,4242.0,3076.0,0.0,0.0,0.0,0.0,610.0,12263.0,2313.0,6683.0,2712.0,1521.0,4,1,40,3334.0,3330.0,0,0,83201.0,56306.0,0
1,35,910,4,26260,26260,2626002,2626003,1,2917.0,25136.0,32972.0,26599.0,0.0,68835.0,57343.0,0,1,83410.0,1,0.0,0.0,0.0,0,0.0,0.0,0.0,0.0,0.0,0.0,0.0,6940.0,2835.0,2966.0,1217.0,809.0,0,0,0,0.0,0.0,1,0,77971.0,40972.0,0
2,30,420,5,26410,26320,2641003,2632002,1,2460.0,17997.0,29055.0,25357.0,-2553.0,296780.0,216413.0,0,0,243777.0,1,0.0,0.0,524.0,3,0.0,0.0,0.0,0.0,0.0,0.0,0.0,6668.0,671.0,3736.0,887.0,222.0,0,0,0,0.0,0.0,0,0,218183.0,120142.0,2
2,30,420,2,26230,26260,2623003,2626002,4,3459.0,32064.0,42495.0,40796.0,0.0,88092.0,46251.0,0,1,107596.0,0,0.0,0.0,0.0,1,0.0,0.0,0.0,0.0,0.0,0.0,0.0,6747.0,4738.0,4171.0,2237.0,493.0,0,0,0,0.0,0.0,1,0,104180.0,53432.0,0
2,25,420,3,26710,26320,2671003,2632002,2,3023.0,0.0,34913.0,29051.0,0.0,71051.0,60247.0,1,0,83133.0,0,0.0,14.6,587.0,1,8409.0,3447.0,0.0,0.0,3022.0,1661.0,425.0,14111.0,3161.0,5126.0,2771.0,1222.0,4,0,36,1626.0,559.0,0,0,89568.0,63950.0,0
2,50,420,4,26440,26260,2644001,2626003,3,3181.0,0.0,36788.0,47004.0,0.0,28160.0,11295.0,0,0,28016.0,1,0.0,0.0,723.0,3,0.0,0.0,0.0,0.0,0.0,0.0,0.0,10496.0,5083.0,3425.0,1552.0,834.0,2,0,30,5944.0,451.0,0,0,28861.0,16102.0,0
2,35,910,4,26320,26350,2632002,2635002,3,2903.0,0.0,32335.0,31787.0,-36.0,57135.0,50760.0,0,1,67999.0,2,0.0,0.0,0.0,1,0.0,0.0,0.0,0.0,0.0,0.0,0.0,5563.0,1197.0,2696.0,1779.0,115.0,0,0,0,0.0,0.0,1,0,62251.0,-99999999.0,1
2,30,420,1,26230,26290,2623001,2629002,3,3141.0,0.0,38010.0,36178.0,1952.0,135501.0,115208.0,0,0,151398.0,0,0.0,0.0,607.0,0,0.0,0.0,0.0,0.0,0.0,0.0,0.0,14569.0,1591.0,6920.0,3701.0,1149.0,0,0,0,0.0,0.0,0,0,162651.0,121031.0,1
2,55,910,5,26230,26230,2623002,2623003,3,3098.0,0.0,33214.0,29647.0,-2027.0,135175.0,126196.0,0,1,170094.0,0,0.0,0.0,0.0,1,0.0,0.0,0.0,0.0,0.0,0.0,0.0,13207.0,1781.0,4209.0,4167.0,2265.0,0,0,0,0.0,0.0,1,0,149104.0,83656.0,1
1,45,110,2,26410,26410,2641003,2641002,1,2197.0,0.0,24392.0,31566.0,0.0,66788.0,28021.0,0,1,50832.0,0,0.0,2.3,394.0,0,961.0,558.0,0.0,0.0,0.0,0.0,102.0,7900.0,1455.0,4518.0,1106.0,159.0,2,0,30,1458.0,1029.0,0,0,45586.0,33339.0,0
2,45,910,2,26500,26530,2650001,2653001,3,3042.0,0.0,32531.0,32828.0,0.0,69051.0,44241.0,0,0,68558.0,1,0.0,9.1,859.0,1,4952.0,2969.0,0.0,0.0,0.0,0.0,592.0,7744.0,4637.0,4124.0,2658.0,2348.0,0,0,0,0.0,0.0,0,0,62007.0,36473.0,0
2,25,910,1,26410,26410,2641001,2641003,4,3314.0,0.0,36217.0,33224.0,0.0,301318.0,148557.0,1,0,218161.0,0,0.0,0.0,379.0,1,0.0,0.0,0.0,0.0,0.0,0.0,0.0,6411.0,3397.0,2725.0,1998.0,462.0,0,0,0,0.0,0.0,0,0,230171.0,134219.0,0
1,25,420,1,26260,26260,2626001,2626001,1,3551.0,39327.0,41452.0,37630.0,-2177.0,497737.0,301476.0,1,1,641173.0,0,4.0,70.5,0.0,3,1701.0,866.0,30776.0,28368.0,0.0,0.0,2708.0,15264.0,2286.0,6272.0,3676.0,1522.0,1,0,35,1364.0,317.0,1,0,599617.0,436085.0,1
2,40,220,2,26260,26410,2626001,2641003,1,3070.0,0.0,33008.0,-1.0,2156.0,196784.0,117654.0,0,1,227403.0,0,0.0,7.1,655.0,2,0.0,0.0,0.0,0.0,4666.0,2349.0,465.0,12202.0,1582.0,5070.0,4180.0,2353.0,2,1,28,2925.0,784.0,0,0,253469.0,164369.0,1
1,30,910,1,26320,26440,2632002,2644002,3,2173.0,0.0,23254.0,20323.0,0.0,251593.0,183325.0,1,1,329785.0,1,4.0,51.5,615.0,0,0.0,0.0,17933.0,11979.0,0.0,0.0,1059.0,6483.0,2043.0,2239.0,1179.0,144.0,4,0,30,3721.0,950.0,0,0,289413.0,194266.0,0
2,40,420,4,26260,26230,2626003,2623002,4,2273.0,0.0,27621.0,27056.0,0.0,285745.0,183044.0,1,1,354343.0,0,6.0,79.2,0.0,2,0.0,0.0,24051.0,21870.0,0.0,0.0,3793.0,9942.0,1275.0,6675.0,1995.0,1293.0,0,0,0,0.0,0.0,1,0,400762.0,241986.0,0
2,40,220,3,26320,26410,2632001,2641001,2,2517.0,18832.0,27024.0,23889.0,0.0,372780.0,347083.0,1,1,547759.0,0,0.0,0.0,564.0,0,0.0,0.0,0.0,0.0,0.0,0.0,0.0,4592.0,823.0,1488.0,1051.0,1626.0,0,0,0,0.0,0.0,0,0,466418.0,294109.0,0
2,25,110,2,26350,26320,2635001,2632001,4,2923.0,0.0,34246.0,34253.0,-4141.0,82359.0,45526.0,0,0,81589.0,1,0.0,0.0,735.0,2,0.0,0.0,0.0,0.0,0.0,0.0,0.0,9772.0,3463.0,3101.0,2777.0,1579.0,3,0,31,1684.0,2404.0,0,0,91804.0,63667.0,1
2,25,910,3,26350,26350,2635002,2635002,1,2721.0,0.0,30486.0,28979.0,0.0,58281.0,36735.0,0,0,62895.0,0,0.0,0.0,479.0,1,0.0,0.0,0.0,0.0,0.0,0.0,0.0,6518.0,3258.0,3995.0,1698.0,100.0,5,0,42,4994.0,1759.0,0,0,55925.0,30346.0,0
1,30,220,4,26410,26230,2641003,2623001,3,2070.0,17105.0,25446.0,22142.0,0.0,296586.0,232927.0,0,1,242516.0,0,0.0,7.9,0.0,1,5692.0,2015.0,0.0,0.0,0.0,0.0,314.0,11376.0,754.0,5503.0,3700.0,1111.0,0,0,0,0.0,0.0,1,0,207841.0,155236.0,0
1,25,420,1,26320,26410,2632001,2641003,4,2066.0,22071.0,24617.0,24059.0,1730.0,55350.0,30559.0,0,1,69143.0,0,0.0,41.2,562.0,2,14737.0,10148.0,0.0,0.0,0.0,0.0,1418.0,6118.0,2110.0,3821.0,1169.0,291.0,0,0,0,0.0,0.0,0,0,64345.0,45050.0,2
2,35,110,2,26440,26320,2644002,2632002,2,1436.0,10344.0,15249.0,14063.0,0.0,53255.0,42503.0,0,1,49458.0,0,0.0,7.4,594.0,2,2633.0,1123.0,0.0,0.0,0.0,0.0,185.0,2622.0,1438.0,1321.0,578.0,494.0,0,0,0,0.0,0.0,0,0,47032.0,26666.0,0
1,40,110,5,26440,26350,2644001,2635002,3,772.0,0.0,9489.0,8081.0,0.0,53994.0,42644.0,0,1,50826.0,0,0.0,27.2,0.0,2,4621.0,2584.0,0.0,0.0,0.0,0.0,247.0,1600.0,973.0,1055.0,279.0,170.0,0,0,0,0.0,0.0,1,0,-99999999.0,36731.0,0
2,30,910,1,26320,26410,2632001,2641002,1,2714.0,0.0,30744.0,27044.0,0.0,91232.0,72231.0,0,0,105234.0,0,0.0,0.0,629.0,3,0.0,0.0,0.0,0.0,0.0,0.0,0.0,13788.0,648.0,6062.0,3955.0,1860.0,3,1,39,2190.0,538.0,0,0,117807.0,59290.0,0
1,40,420,5,26350,26260,2635001,2626001,3,4308.0,0.0,47804.0,39344.0,3480.0,30013.0,23149.0,0,0,30012.0,0,0.0,0.0,715.0,0,0.0,0.0,0.0,0.0,0.0,0.0,0.0,21499.0,5891.0,11484.0,5707.0,3087.0,0,0,0,0.0,0.0,0,0,28984.0,19934.0,1
2,30,420,5,26260,26260,2626002,2626003,3,3968.0,0.0,0.0,43648.0,1.0,41778.0,35495.0,1,1,42480.0,1,0.0,0.0,645.0,1,0.0,0.0,0.0,0.0,0.0,0.0,0.0,0.0,0.0,0.0,0.0,0.0,0,0,0,0.0,0.0,0,0,39311.0,27492.0,2
2,40,220,2,26230,26320,2623001,2632001,4,2164.0,0.0,25829.0,22748.0,-965.0,67955.0,64368.0,0,0,66556.0,1,0.0,15.8,771.0,2,9054.0,4074.0,0.0,0.0,0.0,0.0,644.0,6927.0,1902.0,3320.0,2358.0,1325.0,0,0,0,0.0,0.0,0,0,62168.0,33260.0,1
2,25,420,2,26410,26500,2641001,2650002,1,2897.0,27181.0,32176.0,33489.0,0.0,48168.0,20733.0,0,0,40138.0,0,0.0,9.3,0.0,3,4504.0,2982.0,0.0,0.0,0.0,0.0,432.0,10716.0,2481.0,3784.0,2335.0,2078.0,0,0,0,0.0,0.0,1,0,44663.0,25739.0,0
2,40,420,2,26410,26260,2641001,2626003,2,1848.0,15507.0,20704.0,18707.0,0.0,186735.0,125753.0,0,1,135473.0,1,0.0,0.0,690.0,1,0.0,0.0,0.0,0.0,0.0,0.0,0.0,7157.0,1633.0,3574.0,440.0,722.0,0,0,0,0.0,0.0,0,0,117347.0,77709.0,0
1,40,110,3,26350,26260,2635001,2626003,3,1947.0,18378.0,21052.0,19133.0,0.0,99110.0,83965.0,1,0,96939.0,0,0.0,18.8,739.0,0,4626.0,3960.0,0.0,0.0,0.0,0.0,774.0,3066.0,2750.0,1484.0,693.0,1545.0,0,0,0,0.0,0.0,0,0,95032.0,64309.0,0
1,25,110,2,26230,26440,2623002,2644001,4,2022.0,0.0,23631.0,21061.0,1114.0,139555.0,55826.0,1,1,181871.0,1,0.0,0.0,913.0,0,0.0,0.0,0.0,0.0,0.0,0.0,0.0,3553.0,2585.0,1104.0,869.0,412.0,0,0,0,0.0,0.0,0,0,166629.0,86168.0,1
1,35,420,4,26260,26410,2626002,2641003,1,2653.0,28157.0,32934.0,26258.0,7811.0,130681.0,91455.0,0,0,150196.0,0,0.0,0.0,466.0,1,0.0,0.0,0.0,0.0,0.0,0.0,0.0,7835.0,1883.0,2635.0,550.0,333.0,0,0,0,0.0,0.0,0,0,143748.0,87205.0,2
2,50,110,2,26350,26260,2635001,2626002,3,2681.0,28017.0,30384.0,39085.0,0.0,87198.0,66522.0,1,0,115861.0,0,0.0,0.0,790.0,0,0.0,0.0,0.0,0.0,0.0,0.0,0.0,7024.0,657.0,3690.0,732.0,372.0,0,0,0,0.0,0.0,0,0,107555.0,66684.0,0
2,25,910,5,26230,26350,2623002,2635002,4,2964.0,0.0,37028.0,29456.0,0.0,178596.0,90273.0,0,1,243777.0,0,0.0,4.0,851.0,0,3592.0,1480.0,0.0,0.0,0.0,0.0,197.0,9769.0,2554.0,5731.0,3030.0,2704.0,0,0,0,0.0,0.0,0,0,264322.0,177245.0,0
2,40,110,5,26350,26710,2635002,2671002,3,3231.0,0.0,35065.0,26817.0,0.0,129481.0,80337.0,0,1,155386.0,0,0.0,56.3,706.0,0,22512.0,19752.0,0.0,0.0,0.0,0.0,3425.0,7222.0,1566.0,4078.0,1297.0,1740.0,0,0,0,0.0,0.0,0,1,143838.0,84499.0,0
1,60,420,3,26320,26440,2632001,2644002,2,2581.0,28899.0,31210.0,27986.0,-3224.0,81549.0,68028.0,0,0,119780.0,0,0.0,0.0,898.0,1,0.0,0.0,0.0,0.0,0.0,0.0,0.0,9872.0,3087.0,5805.0,3228.0,291.0,0,0,0,0.0,0.0,0,1,-99999999.0,79155.0,1
2,50,420,3,26440,26350,2644002,2635002,1,2824.0,0.0,34894.0,31188.0,-1593.0,35942.0,15695.0,0,0,31328.0,0,0.0,0.0,881.0,3,0.0,0.0,0.0,0.0,0.0,0.0,0.0,12710.0,3605.0,6245.0,1866.0,1086.0,0,0,0,0.0,0.0,0,0,33269.0,18440.0,1
1,30,910,1,26440,26350,2644002,2635002,2,2089.0,0.0,24809.0,24965.0,1651.0,134914.0,63973.0,0,0,143892.0,1,0.0,0.0,606.0,0,0.0,0.0,0.0,0.0,0.0,0.0,0.0,10047.0,1537.0,4382.0,3458.0,608.0,4,1,24,1419.0,1335.0,0,0,134943.0,98153.0,1
1,35,420,1,26260,26410,2626002,2641003,1,1926.0,0.0,20644.0,20024.0,1523.0,46315.0,39365.0,1,1,52519.0,0,38.0,104.5,616.0,0,2275.0,1601.0,22129.0,19974.0,0.0,0.0,2587.0,5022.0,2729.0,2887.0,1267.0,1448.0,0,0,0,0.0,0.0,0,0,45672.0,23919.0,2
1,75,910,3,26410,26230,2641002,2623002,1,1826.0,0.0,20366.0,17948.0,0.0,124016.0,104801.0,0,0,109562.0,0,0.0,0.0,719.0,0,0.0,0.0,0.0,0.0,0.0,0.0,0.0,4118.0,3008.0,1681.0,1131.0,578.0,0,0,0,0.0,0.0,0,0,98785.0,61477.0,0
2,35,420,3,26320,26230,2632002,2623001,2,3222.0,37029.0,34383.0,30562.0,-1017.0,103501.0,75009.0,1,1,117523.0,1,0.0,0.0,569.0,1,0.0,0.0,0.0,0.0,0.0,0.0,0.0,5243.0,2788.0,2892.0,1205.0,235.0,1,0,24,1072.0,493.0,0,0,118254.0,63351.0,1
1,20,110,2,26260,26260,2626002,2626002,1,2580.0,24124.0,30195.0,26531.0,0.0,43642.0,27447.0,0,1,56316.0,0,0.0,2.9,1000.0,1,1997.0,865.0,0.0,0.0,0.0,0.0,111.0,8940.0,2458.0,3008.0,1905.0,27.0,0,0,0,0.0,0.0,0,0,61822.0,31377.0,0
2,20,220,1,26410,26320,2641002,2632001,1,1584.0,17391.0,19794.0,17610.0,0.0,115271.0,52807.0,0,1,92826.0,0,0.0,0.0,753.0,1,0.0,0.0,0.0,0.0,0.0,0.0,0.0,2244.0,598.0,1156.0,602.0,905.0,0,0,0,0.0,0.0,0,0,89590.0,60355.0,0
2,45,110,5,26350,26410,2635001,2641003,3,2759.0,0.0,31037.0,26647.0,0.0,110724.0,93705.0,1,0,141393.0,0,13.0,60.9,656.0,1,0.0,0.0,27449.0,18902.0,0.0,0.0,2733.0,12418.0,4165.0,7297.0,1367.0,375.0,0,0,0,0.0,0.0,0,0,137171.0,74266.0,0
2,30,220,3,26350,26440,2635001,2644002,1,1988.0,0.0,21522.0,18747.0,0.0,110965.0,59140.0,0,0,151761.0,0,0.0,28.2,0.0,1,6884.0,6070.0,0.0,0.0,0.0,0.0,709.0,5745.0,831.0,2451.0,1127.0,1709.0,0,0,0,0.0,0.0,1,0,170653.0,110174.0,0
2,25,220,3,26200,26230,2620002,2623002,1,3879.0,0.0,42814.0,48855.0,0.0,107818.0,97279.0,0,1,96362.0,1,0.0,19.5,683.0,2,10514.0,8351.0,0.0,0.0,0.0,0.0,1296.0,13410.0,4354.0,8949.0,4493.0,3106.0,0,0,0,0.0,0.0,0,0,94246.0,61840.0,0
1,30,910,3,26440,26410,2644001,2641001,3,2424.0,0.0,28219.0,24435.0,5186.0,66740.0,55175.0,0,0,61846.0,0,0.0,10.6,496.0,0,3798.0,3004.0,0.0,0.0,0.0,0.0,531.0,6773.0,2932.0,2230.0,2156.0,1173.0,3,1,38,7259.0,2381.0,0,0,55727.0,41461.0,1
1,40,910,3,26260,26440,2626001,2644002,4,3243.0,27888.0,37742.0,28837.0,-7308.0,140782.0,62580.0,0,0,151225.0,0,0.0,2.2,749.0,1,0.0,0.0,0.0,0.0,1066.0,813.0,138.0,3823.0,2450.0,1553.0,1259.0,2112.0,2,3,31,2267.0,330.0,0,0,136828.0,83157.0,2
2,30,220,4,26350,26260,2635002,2626002,3,3508.0,31438.0,38446.0,37472.0,1112.0,65343.0,48976.0,0,1,79936.0,1,0.0,0.0,325.0,1,0.0,0.0,0.0,0.0,0.0,0.0,0.0,14459.0,1265.0,8249.0,4198.0,611.0,0,0,0,0.0,0.0,0,0,88332.0,45830.0,1
2,50,220,4,26260,26350,2626002,2635001,1,2179.0,24271.0,26151.0,20839.0,0.0,51805.0,46953.0,0,1,58503.0,1,0.0,0.0,830.0,2,0.0,0.0,0.0,0.0,0.0,0.0,0.0,6952.0,2748.0,4383.0,1984.0,42.0,3,0,33,2221.0,532.0,0,0,58150.0,35766.0,0
2,40,220,3,26320,26230,2632002,2623001,1,2849.0,0.0,30416.0,34083.0,635.0,147972.0,130740.0,0,1,189824.0,1,0.0,14.4,595.0,0,0.0,0.0,0.0,0.0,7784.0,4392.0,553.0,7370.0,1960.0,2545.0,2416.0,64.0,0,0,0,0.0,0.0,0,0,205976.0,109872.0,2
2,65,110,1,26260,26260,2626001,2626003,3,3160.0,0.0,37118.0,36194.0,-2201.0,173140.0,127664.0,1,1,203614.0,0,24.0,141.4,430.0,1,6939.0,3951.0,84407.0,48540.0,0.0,0.0,8295.0,13572.0,1480.0,4609.0,3793.0,1683.0,0,0,0,0.0,0.0,0,0,208041.0,130977.0,1
1,50,420,5,26440,26350,2644001,2635001,3,2875.0,0.0,32635.0,-1.0,3338.0,142019.0,70239.0,0,1,162318.0,0,0.0,22.4,648.0,1,9399.0,7313.0,0.0,0.0,0.0,0.0,1350.0,7232.0,4530.0,3516.0,558.0,443.0,0,0,0,0.0,0.0,0,0,148193.0,91856.0,1
1,25,220,2,26260,26260,2626003,2626002,2,3035.0,27379.0,32639.0,26388.0,0.0,87176.0,67486.0,0,0,90377.0,2,0.0,0.0,652.0,1,0.0,0.0,0.0,0.0,0.0,0.0,0.0,10661.0,2717.0,4671.0,2375.0,1866.0,1,0,45,2722.0,498.0,0,0,83567.0,51278.0,0
1,35,220,1,26230,26350,2623002,2635002,4,1936.0,0.0,22784.0,17855.0,2357.0,30832.0,23629.0,0,1,30955.0,0,0.0,0.0,642.0,1,0.0,0.0,0.0,0.0,0.0,0.0,0.0,8065.0,2530.0,4193.0,496.0,1280.0,0,0,0,0.0,0.0,0,1,27583.0,19254.0,1
1,18,110,1,26260,26320,2626001,2632001,4,3160.0,28370.0,0.0,34760.0,0.0,240149.0,173821.0,0,0,284594.0,2,0.0,0.0,829.0,3,0.0,0.0,0.0,0.0,0.0,0.0,0.0,0.0,0.0,0.0,0.0,0.0,0,0,0,0.0,0.0,0,0,250523.0,148620.0,0
2,75,220,4,26440,26350,2644002,2635001,3,2484.0,0.0,28268.0,23446.0,-3911.0,30545.0,16682.0,1,0,31376.0,1,0.0,26.0,700.0,1,6167.0,5513.0,0.0,0.0,3440.0,1848.0,1306.0,10429.0,1110.0,4333.0,2644.0,1745.0,0,0,0,0.0,0.0,0,0,32423.0,22374.0,1
2,25,910,2,26410,26440,2641002,2644002,3,3027.0,32398.0,36615.0,28659.0,0.0,140314.0,125604.0,0,1,133669.0,1,0.0,0.0,0.0,2,0.0,0.0,0.0,0.0,0.0,0.0,0.0,3964.0,896.0,1205.0,1295.0,1651.0,0,0,0,0.0,0.0,1,0,145317.0,101067.0,0
2,35,220,1,26230,26410,2623003,2641002,4,3398.0,0.0,39140.0,38183.0,-3770.0,350159.0,236854.0,0,1,442369.0,0,0.0,10.3,618.0,0,3069.0,1845.0,0.0,0.0,4717.0,2196.0,373.0,12476.0,2536.0,7091.0,678.0,1082.0,0,0,0,0.0,0.0,0,0,466945.0,276042.0,1
2,50,420,5,26230,26260,2623002,2626001,1,3235.0,34987.0,35816.0,34128.0,0.0,107978.0,60836.0,0,1,120661.0,2,0.0,0.0,706.0,2,0.0,0.0,0.0,0.0,0.0,0.0,0.0,11307.0,950.0,5937.0,3131.0,2744.0,0,0,0,0.0,0.0,0,0,135267.0,78295.0,0
1,25,220,2,26440,26410,2644002,2641001,3,3027.0,27476.0,37557.0,32944.0,-7989.0,117564.0,63528.0,0,0,122622.0,1,0.0,4.5,480.0,0,2821.0,1683.0,0.0,0.0,0.0,0.0,255.0,5377.0,5585.0,2722.0,1006.0,561.0,0,0,0,0.0,0.0,0,0,137576.0,69469.0,1
2,50,420,5,26230,26230,2623003,2623002,4,3217.0,0.0,39852.0,44103.0,0.0,123945.0,68735.0,0,1,162848.0,1,0.0,3.4,684.0,1,1239.0,778.0,0.0,0.0,1202.0,579.0,232.0,14450.0,2006.0,8868.0,4289.0,637.0,3,1,34,4125.0,1477.0,0,0,-99999999.0,128242.0,0
1,18,420,5,26260,26410,2626003,2641003,1,3247.0,27099.0,34714.0,33171.0,-2139.0,111179.0,72667.0,0,0,116972.0,2,0.0,0.0,551.0,0,0.0,0.0,0.0,0.0,0.0,0.0,0.0,8026.0,1262.0,5137.0,1927.0,1751.0,0,0,0,0.0,0.0,0,0,126427.0,86456.0,2
1,30,420,1,26320,26260,2632001,2626003,1,3772.0,0.0,46743.0,34588.0,0.0,404484.0,213150.0,0,0,441555.0,1,0.0,0.0,822.0,3,0.0,0.0,0.0,0.0,0.0,0.0,0.0,14879.0,5925.0,5323.0,3366.0,3690.0,0,0,0,0.0,0.0,0,0,438644.0,235874.0,0
1,30,910,4,26260,26260,2626003,2626001,2,2778.0,27777.0,33478.0,35056.0,874.0,59522.0,40747.0,0,0,69347.0,1,0.0,20.0,660.0,2,8399.0,6692.0,0.0,0.0,0.0,0.0,1099.0,6494.0,4148.0,4110.0,1155.0,222.0,0,0,0,0.0,0.0,0,0,66181.0,35686.0,2
2,30,420,4,26410,26350,2641003,2635002,2,2907.0,0.0,31144.0,26893.0,0.0,55203.0,27911.0,0,1,37929.0,1,0.0,14.6,0.0,0,5774.0,4559.0,0.0,0.0,0.0,0.0,708.0,5045.0,4658.0,2605.0,779.0,2466.0,0,0,0,0.0,0.0,1,0,33136.0,22928.0,0
2,35,220,1,26170,26440,2617002,2644002,4,3406.0,39433.0,39301.0,35452.0,0.0,81105.0,44529.0,0,0,148079.0,1,0.0,0.0,684.0,2,0.0,0.0,0.0,0.0,0.0,0.0,0.0,9377.0,2032.0,6080.0,1883.0,1234.0,0,0,0,0.0,0.0,0,0,167445.0,89084.0,0
2,55,910,2,26440,26260,2644001,2626001,2,2481.0,0.0,26224.0,26082.0,0.0,280548.0,-99999999.0,1,0,245413.0,1,10.0,92.8,885.0,0,0.0,0.0,28979.0,24339.0,0.0,0.0,2279.0,4517.0,689.0,2381.0,1137.0,1341.0,1,0,36,5320.0,1667.0,0,0,229617.0,160537.0,0
2,25,220,3,26440,26320,2644001,2632001,3,1932.0,0.0,22561.0,21219.0,0.0,69834.0,41661.0,0,0,66294.0,1,0.0,25.7,447.0,3,8621.0,5801.0,0.0,0.0,0.0,0.0,562.0,10048.0,2572.0,6609.0,1644.0,1235.0,2,2,39,3824.0,163.0,0,0,59412.0,32991.0,0
1,35,420,1,26440,26410,2644001,2641003,4,3121.0,0.0,38595.0,29852.0,0.0,127795.0,79652.0,0,1,147760.0,1,0.0,10.1,635.0,1,5424.0,3900.0,0.0,0.0,0.0,0.0,433.0,13678.0,4826.0,8658.0,2686.0,1720.0,1,2,52,3169.0,1279.0,0,0,129358.0,80286.0,0
1,50,420,4,26320,26440,2632001,2644002,4,2666.0,26258.0,29956.0,26914.0,4157.0,187701.0,116758.0,0,0,210887.0,1,0.0,0.0,525.0,2,0.0,0.0,0.0,0.0,0.0,0.0,0.0,3389.0,1962.0,1458.0,775.0,2200.0,1,0,27,1852.0,559.0,0,0,194730.0,106577.0,2
2,40,110,2,26440,26410,2644002,2641003,3,2015.0,0.0,23207.0,20420.0,0.0,157533.0,125820.0,1,0,128466.0,0,37.0,219.4,384.0,2,4478.0,3249.0,60152.0,47673.0,0.0,0.0,8510.0,5444.0,3288.0,3034.0,277.0,600.0,0,0,0,0.0,0.0,0,0,142117.0,80120.0,0
1,20,110,5,26410,26410,2641003,2641001,4,3125.0,33347.0,34235.0,26954.0,0.0,181833.0,121073.0,0,0,129200.0,1,0.0,17.4,517.0,2,8803.0,5962.0,0.0,0.0,0.0,0.0,930.0,14362.0,4120.0,7572.0,1640.0,2014.0,0,0,0,0.0,0.0,0,0,146607.0,94510.0,0
2,60,910,5,26410,26410,2641002,2641001,3,3730.0,0.0,43200.0,43787.0,0.0,231143.0,180558.0,0,0,225810.0,1,0.0,3.9,802.0,1,2290.0,1687.0,0.0,0.0,0.0,0.0,160.0,13327.0,3166.0,6851.0,1404.0,1878.0,0,0,0,0.0,0.0,0,0,208885.0,148956.0,0
1,20,110,4,26410,26320,2641002,2632001,1,1741.0,0.0,21075.0,24142.0,0.0,118769.0,49672.0,1,1,115516.0,1,0.0,0.0,646.0,0,0.0,0.0,0.0,0.0,0.0,0.0,0.0,5684.0,2394.0,1955.0,1773.0,1293.0,1,1,31,4301.0,1979.0,0,1,127267.0,82458.0,0
1,35,110,1,26350,26320,2635002,2632001,3,3465.0,0.0,37874.0,29241.0,-3682.0,75040.0,48035.0,1,1,83436.0,0,39.0,85.7,621.0,1,0.0,0.0,42178.0,32467.0,0.0,0.0,5442.0,10906.0,762.0,3375.0,3488.0,2621.0,3,1,37,1276.0,426.0,0,1,85641.0,47336.0,1
1,35,910,1,26710,26350,2671002,2635001,2,1151.0,0.0,13360.0,12718.0,-1056.0,107832.0,48458.0,0,0,125116.0,0,0.0,0.0,0.0,1,0.0,0.0,0.0,0.0,0.0,0.0,0.0,2757.0,857.0,1205.0,287.0,418.0,0,0,0,0.0,0.0,1,0,117214.0,74819.0,1
1,45,220,1,26440,26320,2644001,2632001,2,2540.0,29712.0,28472.0,24460.0,0.0,80545.0,52689.0,0,0,87000.0,0,0.0,0.0,665.0,0,0.0,0.0,0.0,0.0,0.0,0.0,0.0,6718.0,1199.0,3353.0,1743.0,24.0,4,0,48,434.0,646.0,0,0,81620.0,44386.0,0
2,25,110,3,26230,26140,2623002,2614003,3,3996.0,37022.0,47935.0,52351.0,-1911.0,448171.0,330911.0,0,1,444569.0,1,0.0,0.0,730.0,0,0.0,0.0,0.0,0.0,0.0,0.0,0.0,8100.0,2861.0,4220.0,1417.0,3020.0,0,0,0,0.0,0.0,0,0,431109.0,271190.0,2
2,25,110,4,26230,26440,2623001,2644002,2,2587.0,19213.0,0.0,28457.0,1.0,-99999999.0,60109.0,0,1,1.0,1,0.0,795800.0,692.0,0,11178.0,7958.0,0.0,0.0,0.0,0.0,752.0,0.0,0.0,0.0,0.0,0.0,3,0,31,15201.0,502.0,0,0,1.0,1.0,1
2,40,910,1,26290,26230,2629001,2623003,1,2858.0,0.0,34003.0,39289.0,-517.0,131911.0,92683.0,0,1,233256.0,1,0.0,0.0,721.0,0,0.0,0.0,0.0,0.0,0.0,0.0,0.0,6214.0,3841.0,2226.0,1076.0,764.0,4,1,36,1115.0,308.0,0,0,243739.0,169545.0,1
2,25,420,4,26350,26440,2635002,2644002,4,3296.0,36960.0,37098.0,35686.0,0.0,40114.0,24418.0,0,1,-99999999.0,1,0.0,1.0,592.0,0,965.0,376.0,0.0,0.0,0.0,0.0,74.0,9225.0,4740.0,5784.0,1758.0,1706.0,0,0,0,0.0,0.0,0,0,1.0,1.0,0
1,30,420,1,26410,26290,2641003,2629001,3,1684.0,0.0,19700.0,21119.0,548.0,106904.0,58311.0,0,0,89425.0,0,0.0,0.0,786.0,0,0.0,0.0,0.0,0.0,0.0,0.0,0.0,8360.0,856.0,4916.0,2148.0,296.0,4,2,36,661.0,641.0,0,0,99901.0,65543.0,1
1,40,110,2,26260,26230,2626001,2623002,3,2847.0,0.0,33601.0,-1.0,-3369.0,83095.0,76995.0,1,1,83947.0,1,0.0,6.6,492.0,1,6724.0,2217.0,0.0,0.0,0.0,0.0,226.0,8133.0,2495.0,5249.0,1114.0,2299.0,0,0,0,0.0,0.0,0,0,90426.0,54136.0,1
1,35,110,3,26500,26320,2650001,2632001,4,2842.0,0.0,33711.0,34241.0,85.0,148066.0,75374.0,1,0,143214.0,1,12.0,49.5,0.0,0,0.0,0.0,27624.0,16697.0,0.0,0.0,2398.0,7348.0,3298.0,4800.0,414.0,762.0,0,0,0,0.0,0.0,1,0,136497.0,96852.0,1
2,25,420,5,26350,26410,2635001,2641003,3,4011.0,0.0,46730.0,68120.0,0.0,150400.0,63669.0,0,1,155291.0,1,0.0,0.0,793.0,2,0.0,0.0,0.0,0.0,0.0,0.0,0.0,11586.0,1812.0,7333.0,2326.0,1233.0,1,2,40,1918.0,2205.0,0,0,155053.0,91611.0,0
1,25,910,4,26350,26710,2635002,2671003,3,1997.0,19340.0,24431.0,28540.0,0.0,231006.0,108396.0,1,0,240391.0,0,0.0,0.0,630.0,4,0.0,0.0,0.0,0.0,0.0,0.0,0.0,4573.0,1634.0,2587.0,363.0,1413.0,0,0,0,0.0,0.0,0,0,234251.0,137738.0,0
1,65,420,3,26500,26260,2650002,2626001,4,2552.0,22985.0,28066.0,24461.0,0.0,220255.0,208940.0,1,1,174277.0,0,0.0,0.0,594.0,3,0.0,0.0,0.0,0.0,0.0,0.0,0.0,10002.0,1275.0,4761.0,3372.0,260.0,0,0,0,0.0,0.0,0,0,197904.0,105128.0,0
2,30,420,1,26230,26410,2623002,2641002,2,2197.0,0.0,23314.0,21544.0,0.0,94866.0,85224.0,1,0,129760.0,1,60.0,331.3,947.0,2,0.0,0.0,112749.0,77228.0,0.0,0.0,7954.0,7869.0,2170.0,4360.0,1201.0,1231.0,0,0,0,0.0,0.0,0,0,129401.0,92790.0,0
2,20,220,2,26230,26410,2623002,2641002,4,2128.0,16403.0,26440.0,30430.0,1753.0,56015.0,32273.0,1,1,55879.0,0,63.0,132.1,0.0,0,0.0,0.0,45667.0,34935.0,0.0,0.0,5091.0,4982.0,3629.0,1988.0,280.0,58.0,0,0,0,0.0,0.0,1,0,63375.0,33884.0,1
2,25,910,4,26350,26440,2635001,2644001,3,3533.0,28033.0,37526.0,33741.0,0.0,60098.0,24166.0,1,1,67609.0,1,0.0,1.0,668.0,4,401.0,359.0,0.0,0.0,0.0,0.0,64.0,9272.0,3008.0,6201.0,1800.0,2069.0,0,0,0,0.0,0.0,0,0,73304.0,54011.0,0
1,30,420,1,26440,26410,2644002,2641001,1,2817.0,23065.0,34666.0,38592.0,0.0,118379.0,97303.0,0,0,114232.0,2,0.0,0.0,524.0,2,0.0,0.0,0.0,0.0,0.0,0.0,0.0,9920.0,3717.0,5486.0,1453.0,1101.0,0,0,0,0.0,0.0,0,0,123687.0,84472.0,0
2,75,910,4,26230,26230,2623001,2623003,1,2439.0,0.0,28596.0,25122.0,5525.0,108518.0,61345.0,0,1,116983.0,1,0.0,41.2,385.0,0,11098.0,9777.0,0.0,0.0,2295.0,1992.0,1021.0,11541.0,3250.0,6226.0,2953.0,1748.0,0,0,0,0.0,0.0,0,0,124322.0,-99999999.0,1
2,25,910,4,26260,26320,2626001,2632001,4,2463.0,0.0,30387.0,30007.0,0.0,115238.0,47499.0,0,1,142085.0,0,0.0,0.0,742.0,2,0.0,0.0,0.0,0.0,0.0,0.0,0.0,6606.0,4521.0,3516.0,1729.0,125.0,0,0,0,0.0,0.0,0,0,149606.0,92934.0,0
1,18,110,4,26440,26350,2644002,2635002,4,2434.0,22630.0,28307.0,28848.0,0.0,71606.0,46625.0,0,0,67029.0,0,0.0,36.4,815.0,2,13174.0,10303.0,0.0,0.0,0.0,0.0,915.0,8560.0,2877.0,4909.0,2221.0,2060.0,0,0,0,0.0,0.0,0,0,64950.0,36557.0,0
2,30,220,2,26410,26260,2641002,2626001,4,2492.0,25100.0,30258.0,29772.0,-2603.0,233828.0,148080.0,1,0,202979.0,1,25.0,169.8,701.0,0,0.0,0.0,60604.0,51371.0,0.0,0.0,5271.0,12981.0,1333.0,7454.0,2175.0,841.0,2,1,30,1142.0,665.0,0,0,178728.0,111288.0,2
2,20,910,2,26350,26440,2635001,2644002,1,1978.0,0.0,23622.0,16707.0,-216.0,-99999999.0,24437.0,1,1,1.0,1,150.0,237.4,428.0,3,0.0,0.0,83587.0,56087.0,0.0,0.0,7638.0,4520.0,504.0,1436.0,1389.0,735.0,0,0,0,0.0,0.0,0,0,-99999999.0,1.0,1
1,25,910,1,26230,26440,2623002,2644001,4,2632.0,28507.0,30400.0,33181.0,2178.0,69267.0,52598.0,0,0,91056.0,0,0.0,7.5,0.0,3,4882.0,2294.0,0.0,0.0,0.0,0.0,426.0,10789.0,1157.0,5067.0,693.0,418.0,0,0,0,0.0,0.0,1,0,98789.0,61028.0,1
1,75,910,2,26230,26440,2623001,2644001,4,2567.0,0.0,0.0,28237.0,0.0,51727.0,41346.0,0,1,67026.0,0,0.0,0.0,587.0,2,0.0,0.0,0.0,0.0,0.0,0.0,0.0,0.0,0.0,0.0,0.0,0.0,1,1,38,1991.0,189.0,0,0,59449.0,33806.0,0
1,40,910,3,26230,26320,2623003,2632002,4,2307.0,0.0,24237.0,-1.0,0.0,87083.0,61616.0,0,1,90726.0,1,0.0,0.0,671.0,1,0.0,0.0,0.0,0.0,0.0,0.0,0.0,3693.0,2133.0,2228.0,1234.0,106.0,0,0,0,0.0,0.0,0,0,89995.0,57585.0,0
2,20,420,1,26320,26230,2632002,2623002,2,2901.0,0.0,31916.0,36037.0,-918.0,208551.0,85025.0,0,1,301710.0,0,0.0,0.0,903.0,1,0.0,0.0,0.0,0.0,0.0,0.0,0.0,14192.0,2461.0,5345.0,2490.0,274.0,0,0,0,0.0,0.0,0,0,279444.0,-99999999.0,1
1,30,420,3,26170,26260,2617001,2626002,3,2956.0,0.0,36665.0,46361.0,0.0,83062.0,34249.0,0,1,144757.0,0,0.0,5.0,753.0,0,2823.0,1851.0,0.0,0.0,0.0,0.0,267.0,13706.0,3663.0,6457.0,4724.0,1626.0,0,0,0,0.0,0.0,0,0,142696.0,97818.0,0
2,25,220,2,26200,26320,2620001,2632001,2,2438.0,0.0,0.0,26818.0,0.0,104913.0,92844.0,0,1,95143.0,2,0.0,0.0,725.0,0,0.0,0.0,0.0,0.0,0.0,0.0,0.0,0.0,0.0,0.0,0.0,0.0,0,0,0,0.0,0.0,0,0,86672.0,57734.0,0
2,20,910,3,26230,26320,2623001,2632001,1,2706.0,26846.0,32482.0,28395.0,1735.0,147053.0,73901.0,1,0,199469.0,0,0.0,9.8,644.0,2,2241.0,1007.0,0.0,0.0,2654.0,2164.0,571.0,9613.0,4114.0,6646.0,1661.0,265.0,0,0,0,0.0,0.0,0,0,210081.0,-99999999.0,1
1,35,910,2,26230,26350,2623002,2635002,3,4203.0,0.0,48406.0,49460.0,2135.0,80726.0,49964.0,0,1,101790.0,0,0.0,0.0,704.0,0,0.0,0.0,0.0,0.0,0.0,0.0,0.0,10954.0,1654.0,7456.0,2791.0,500.0,3,0,33,2522.0,427.0,0,0,106234.0,58889.0,1
2,30,420,5,26350,26200,2635001,2620001,1,4178.0,0.0,46447.0,46665.0,-5496.0,124191.0,56748.0,0,1,141511.0,0,0.0,0.0,556.0,1,0.0,0.0,0.0,0.0,0.0,0.0,0.0,8900.0,5056.0,2944.0,2973.0,337.0,1,0,41,3681.0,860.0,0,0,138516.0,96058.0,1
2,40,110,2,26350,26230,2635001,2623001,1,2115.0,0.0,26400.0,22630.0,0.0,114743.0,60368.0,0,1,123144.0,0,0.0,2.9,722.0,0,2060.0,771.0,0.0,0.0,0.0,0.0,132.0,10920.0,2906.0,4434.0,3328.0,1033.0,0,0,0,0.0,0.0,0,0,113967.0,65367.0,0
2,50,420,5,26350,26410,2635001,2641003,1,2206.0,0.0,23370.0,25708.0,0.0,50087.0,33405.0,1,1,65839.0,0,36.0,107.8,625.0,1,2318.0,1338.0,26869.0,23854.0,0.0,0.0,4661.0,7122.0,2193.0,2345.0,773.0,414.0,2,1,40,2083.0,624.0,0,0,61472.0,39419.0,0
1,25,910,1,26320,26440,2632002,2644002,2,2111.0,19541.0,24623.0,24219.0,0.0,74713.0,39564.0,0,0,114048.0,0,0.0,6.9,543.0,0,5676.0,1708.0,0.0,0.0,0.0,0.0,235.0,5646.0,1052.0,2133.0,1664.0,288.0,4,1,35,3774.0,264.0,0,0,103694.0,66288.0,0
1,55,110,1,26350,26320,2635002,2632002,1,3487.0,0.0,39832.0,49609.0,0.0,122119.0,93115.0,0,1,120989.0,0,0.0,13.9,756.0,1,7852.0,5534.0,0.0,0.0,0.0,0.0,684.0,15852.0,3970.0,7604.0,1873.0,1341.0,0,0,0,0.0,0.0,0,0,137921.0,89892.0,0
2,30,910,1,26230,26530,2623001,2653003,4,2541.0,24392.0,27069.0,25108.0,1476.0,213057.0,128264.0,0,1,252224.0,1,0.0,18.9,360.0,0,8314.0,5106.0,0.0,0.0,0.0,0.0,632.0,6897.0,3796.0,3726.0,551.0,1283.0,0,0,0,0.0,0.0,0,0,231794.0,118096.0,1
1,25,220,3,26230,26410,2623003,2641003,4,2956.0,22815.0,32304.0,30349.0,0.0,212938.0,177517.0,0,1,-99999999.0,0,0.0,0.0,579.0,1,0.0,0.0,0.0,0.0,0.0,0.0,0.0,5320.0,4027.0,3324.0,910.0,460.0,0,0,0,0.0,0.0,0,0,1.0,1.0,0
1,50,420,5,26230,26350,2623001,2635002,4,4098.0,0.0,48719.0,42389.0,0.0,347074.0,253736.0,1,1,366521.0,1,8.0,57.4,730.0,4,0.0,0.0,33203.0,27984.0,0.0,0.0,5429.0,7473.0,1797.0,2502.0,1701.0,3030.0,2,0,31,1401.0,593.0,0,0,366727.0,254256.0,0
2,20,110,1,26440,26320,2644002,2632002,2,2793.0,0.0,29932.0,34877.0,0.0,132095.0,-99999999.0,0,0,125825.0,2,0.0,0.0,809.0,0,0.0,0.0,0.0,0.0,0.0,0.0,0.0,12850.0,1887.0,5300.0,1847.0,1427.0,0,0,0,0.0,0.0,0,0,132278.0,90923.0,0
1,35,220,4,26260,26230,2626001,2623001,1,3259.0,0.0,39441.0,39393.0,-5778.0,77035.0,65065.0,0,0,79916.0,2,0.0,0.0,711.0,1,0.0,0.0,0.0,0.0,0.0,0.0,0.0,9223.0,4839.0,5017.0,2805.0,2398.0,0,0,0,0.0,0.0,0,0,-99999999.0,52261.0,1
2,40,910,4,26320,26320,2632002,2632002,3,3138.0,27608.0,36872.0,43988.0,0.0,95000.0,86702.0,0,0,135873.0,0,0.0,0.0,0.0,3,0.0,0.0,0.0,0.0,0.0,0.0,0.0,8791.0,1681.0,4253.0,1299.0,972.0,0,0,0,0.0,0.0,1,0,131201.0,69346.0,0
1,25,110,2,26230,26410,2623001,2641001,3,2418.0,17502.0,25877.0,26057.0,0.0,92202.0,42968.0,0,1,90650.0,0,0.0,6.9,643.0,2,2949.0,1791.0,0.0,0.0,0.0,0.0,322.0,7457.0,2923.0,3156.0,642.0,813.0,0,0,0,0.0,0.0,0,0,91117.0,57680.0,0
1,50,910,2,26260,26710,2626003,2671003,1,3488.0,0.0,38625.0,30844.0,1145.0,77286.0,59380.0,0,1,89649.0,1,0.0,0.0,688.0,0,0.0,0.0,0.0,0.0,0.0,0.0,0.0,11654.0,5384.0,4325.0,2326.0,3030.0,0,0,0,0.0,0.0,0,0,100413.0,65473.0,1
1,25,110,5,26350,26350,2635001,2635001,4,2248.0,0.0,24221.0,24668.0,2655.0,124215.0,92781.0,0,0,148431.0,0,0.0,0.0,853.0,1,0.0,0.0,0.0,0.0,0.0,0.0,0.0,6086.0,1380.0,3551.0,1461.0,1172.0,0,0,0,0.0,0.0,0,0,131283.0,92482.0,1
1,45,220,4,26410,26440,2641003,2644002,2,3671.0,0.0,44401.0,53812.0,0.0,127732.0,98142.0,0,0,117117.0,1,0.0,8.2,770.0,0,5366.0,3111.0,0.0,0.0,1114.0,541.0,343.0,18983.0,1432.0,7478.0,2521.0,539.0,0,0,0,0.0,0.0,0,0,115075.0,79631.0,0
1,20,110,2,26260,26350,2626001,2635002,4,2418.0,0.0,27966.0,30135.0,0.0,48813.0,20362.0,0,1,46398.0,1,0.0,24.5,771.0,4,10263.0,6861.0,0.0,0.0,0.0,0.0,581.0,6037.0,2232.0,3464.0,1922.0,1598.0,0,0,0,0.0,0.0,0,0,42074.0,24947.0,0
1,25,220,5,26410,26440,2641002,2644002,1,2489.0,0.0,26149.0,33169.0,-4288.0,189644.0,78791.0,0,0,147858.0,0,0.0,0.0,659.0,4,0.0,0.0,0.0,0.0,0.0,0.0,0.0,3650.0,1588.0,2433.0,250.0,1556.0,3,0,43,298.0,778.0,0,0,127725.0,83824.0,1
1,30,910,3,26170,26260,2617001,2626003,2,2092.0,0.0,24238.0,29006.0,-662.0,32791.0,18433.0,0,1,55354.0,0,0.0,10.1,511.0,0,3700.0,2455.0,0.0,0.0,0.0,0.0,289.0,10868.0,2089.0,4199.0,2487.0,1871.0,0,0,0,0.0,0.0,0,0,49624.0,31341.0,1
2,50,910,1,26350,26230,2635002,2623002,2,2199.0,22753.0,25213.0,22300.0,1304.0,86380.0,38364.0,0,0,107969.0,1,0.0,3.7,0.0,1,1875.0,923.0,0.0,0.0,0.0,0.0,184.0,4460.0,1497.0,2626.0,1349.0,1104.0,0,0,0,0.0,0.0,1,0,99839.0,55411.0,1
2,25,420,5,26320,26320,2632001,2632001,1,2523.0,0.0,29736.0,36573.0,2264.0,196730.0,118302.0,1,1,256103.0,1,16.0,138.1,0.0,0,0.0,0.0,44232.0,41077.0,0.0,0.0,4463.0,12805.0,2542.0,7943.0,3754.0,1402.0,0,0,0,0.0,0.0,1,0,260993.0,147788.0,1
1,50,110,5,26440,26260,2644002,2626002,3,1220.0,0.0,12895.0,11975.0,-1806.0,142121.0,125043.0,1,1,139415.0,1,12.0,130.4,741.0,1,0.0,0.0,28344.0,16818.0,0.0,0.0,2842.0,5106.0,522.0,2825.0,1253.0,315.0,3,3,28,538.0,320.0,0,0,150574.0,102031.0,1
1,25,220,3,26290,26260,2629003,2626003,4,2648.0,0.0,27992.0,-1.0,0.0,-99999999.0,47407.0,0,1,2.0,1,0.0,0.0,585.0,0,0.0,0.0,0.0,0.0,0.0,0.0,0.0,10417.0,1188.0,4481.0,652.0,1246.0,0,0,0,0.0,0.0,0,0,-99999999.0,1.0,0
1,30,910,4,26230,26440,2623002,2644002,3,2470.0,0.0,27661.0,29109.0,-2696.0,321674.0,198172.0,0,0,349834.0,0,0.0,0.0,724.0,1,0.0,0.0,0.0,0.0,0.0,0.0,0.0,4052.0,1937.0,1604.0,301.0,86.0,0,0,0,0.0,0.0,0,0,397917.0,270375.0,1
1,30,420,2,26170,26410,2617001,2641001,2,3314.0,0.0,39361.0,36990.0,0.0,75808.0,41477.0,0,0,104219.0,0,0.0,6.4,547.0,3,7835.0,2507.0,0.0,0.0,0.0,0.0,494.0,4415.0,1246.0,2715.0,859.0,2593.0,2,0,25,2692.0,3196.0,0,0,116062.0,67843.0,0
2,20,910,5,26350,26320,2635001,2632001,3,3075.0,29948.0,36387.0,40914.0,0.0,29698.0,18766.0,0,0,40143.0,1,0.0,0.0,567.0,0,0.0,0.0,0.0,0.0,0.0,0.0,0.0,5814.0,5382.0,2502.0,1939.0,2022.0,0,0,0,0.0,0.0,0,0,40324.0,25295.0,0
2,60,110,2,26440,26440,2644001,2644001,2,2340.0,0.0,25872.0,22378.0,0.0,129527.0,108625.0,0,0,143359.0,0,0.0,0.0,833.0,3,0.0,0.0,0.0,0.0,0.0,0.0,0.0,6224.0,1603.0,3874.0,457.0,1413.0,1,1,39,1727.0,872.0,0,0,140087.0,76938.0,0
1,30,220,2,26440,26440,2644002,2644002,2,2502.0,0.0,27352.0,-1.0,0.0,33958.0,29102.0,1,1,30551.0,1,0.0,0.0,0.0,1,0.0,0.0,0.0,0.0,0.0,0.0,0.0,10318.0,1258.0,6565.0,3155.0,1490.0,0,0,0,0.0,0.0,1,0,30094.0,20247.0,0
2,40,420,3,26320,26350,2632002,2635001,4,2647.0,0.0,31410.0,32313.0,0.0,59942.0,37858.0,1,1,89815.0,0,21.0,61.4,610.0,1,0.0,0.0,30126.0,19284.0,0.0,0.0,3556.0,7458.0,3500.0,4833.0,2192.0,546.0,0,0,0,0.0,0.0,0,0,102352.0,60292.0,0
2,35,420,2,26350,26260,2635001,2626003,3,3766.0,45038.0,39747.0,41655.0,0.0,143437.0,88683.0,1,0,151477.0,2,15.0,66.8,542.0,0,0.0,0.0,33179.0,23178.0,3851.0,3357.0,4489.0,4410.0,2971.0,2764.0,1482.0,140.0,0,0,0,0.0,0.0,0,0,155539.0,90384.0,0
1,30,910,4,26440,26350,2644002,2635002,2,2266.0,25702.0,26316.0,23218.0,0.0,74868.0,37979.0,0,1,83346.0,1,0.0,0.0,773.0,1,0.0,0.0,0.0,0.0,0.0,0.0,0.0,3292.0,3803.0,2173.0,314.0,1111.0,0,0,0,0.0,0.0,0,0,89479.0,52529.0,0
2,35,420,4,26320,26230,2632001,2623001,2,2332.0,0.0,26464.0,23806.0,0.0,139856.0,130986.0,0,1,194132.0,0,0.0,0.0,0.0,0,0.0,0.0,0.0,0.0,0.0,0.0,0.0,6912.0,711.0,4645.0,563.0,1144.0,2,1,46,223.0,2453.0,1,0,168796.0,86437.0,0
1,55,220,3,26410,26170,2641003,2617001,4,2066.0,0.0,22681.0,35620.0,0.0,49273.0,28137.0,0,1,40647.0,1,0.0,19.5,733.0,0,2572.0,2279.0,0.0,0.0,3434.0,2136.0,712.0,2496.0,1866.0,1242.0,409.0,1548.0,0,0,0,0.0,0.0,0,0,46425.0,28329.0,0
2,40,910,4,26350,26260,2635001,2626002,3,1837.0,0.0,0.0,20207.0,2.0,165229.0,97230.0,1,1,221614.0,1,6.0,1493200.0,627.0,2,3610.0,1981.0,15026.0,12951.0,0.0,0.0,2774.0,0.0,0.0,0.0,0.0,0.0,0,0,0,0.0,0.0,0,0,222985.0,141125.0,1
2,30,910,3,26350,26320,2635001,2632001,1,3000.0,27137.0,32803.0,42695.0,2154.0,35790.0,22778.0,0,1,46210.0,1,0.0,0.0,508.0,2,0.0,0.0,0.0,0.0,0.0,0.0,0.0,6093.0,3655.0,2289.0,1873.0,862.0,0,0,0,0.0,0.0,0,0,47633.0,24647.0,2
1,35,420,5,26440,26440,2644001,2644002,4,2932.0,0.0,34095.0,34833.0,3225.0,217767.0,96740.0,0,0,187479.0,0,0.0,8.6,0.0,0,2098.0,1580.0,0.0,0.0,3208.0,1365.0,247.0,9224.0,3100.0,4210.0,3009.0,1413.0,0,0,0,0.0,0.0,1,0,204794.0,121419.0,1
2,35,910,2,26410,26380,2641002,2638003,3,3634.0,0.0,39240.0,38707.0,0.0,74220.0,43099.0,1,0,66223.0,0,0.0,7.2,833.0,4,5876.0,2813.0,0.0,0.0,0.0,0.0,330.0,14806.0,1999.0,5941.0,2162.0,1670.0,0,0,0,0.0,0.0,0,0,57968.0,43278.0,0
2,30,220,4,26230,26530,2623002,2653003,2,3477.0,32364.0,39330.0,40248.0,0.0,247384.0,225570.0,0,1,317421.0,1,0.0,17.1,0.0,1,10367.0,6717.0,0.0,0.0,0.0,0.0,1233.0,11538.0,3471.0,7348.0,3427.0,2204.0,2,0,38,1091.0,501.0,1,0,271010.0,166593.0,0
1,35,910,3,26410,26320,2641001,2632002,4,4358.0,41750.0,50208.0,45432.0,0.0,59617.0,26287.0,0,1,50234.0,0,0.0,0.0,656.0,2,0.0,0.0,0.0,0.0,0.0,0.0,0.0,20536.0,6086.0,13072.0,6186.0,3026.0,0,0,0,0.0,0.0,0,0,57096.0,34263.0,0
1,30,420,5,26230,26350,2623002,2635002,4,2752.0,0.0,29070.0,25545.0,0.0,313282.0,166750.0,0,0,334074.0,1,0.0,4.2,863.0,0,0.0,0.0,0.0,0.0,1533.0,1212.0,134.0,11525.0,4265.0,5499.0,2002.0,1435.0,2,2,35,1252.0,1450.0,0,0,305342.0,197426.0,0
2,40,420,2,26350,26260,2635001,2626001,4,2631.0,24035.0,30839.0,33741.0,0.0,-99999999.0,28883.0,0,0,1.0,0,0.0,10.7,610.0,1,7180.0,3295.0,0.0,0.0,0.0,0.0,624.0,4954.0,1526.0,3089.0,928.0,2108.0,0,0,0,0.0,0.0,0,0,1.0,1.0,0
1,65,220,1,26260,26410,2626003,2641001,2,1955.0,0.0,23461.0,25823.0,0.0,33645.0,17808.0,1,0,43938.0,1,0.0,0.0,633.0,0,0.0,0.0,0.0,0.0,0.0,0.0,0.0,2531.0,635.0,1408.0,796.0,599.0,0,0,0,0.0,0.0,0,0,49681.0,26352.0,0
1,60,220,5,26260,26320,2626002,2632001,4,3253.0,0.0,40377.0,39407.0,0.0,101302.0,93708.0,1,1,110245.0,2,23.0,70.4,474.0,1,4210.0,2668.0,27320.0,25758.0,0.0,0.0,5025.0,16251.0,3777.0,8610.0,5088.0,2648.0,0,0,0,0.0,0.0,0,0,106121.0,74252.0,0
2,45,420,5,26410,26260,2641001,2626003,4,2877.0,0.0,31377.0,39298.0,0.0,206983.0,163456.0,1,0,173013.0,0,9.0,58.6,0.0,1,0.0,0.0,28713.0,15606.0,5279.0,2790.0,3236.0,10339.0,1885.0,6456.0,3498.0,89.0,0,0,0,0.0,0.0,1,0,191406.0,133813.0,0
1,35,910,4,26350,26350,2635002,2635002,4,3223.0,33780.0,35187.0,36712.0,0.0,158653.0,-99999999.0,1,0,-99999999.0,0,0.0,16.5,554.0,0,8358.0,5795.0,0.0,0.0,0.0,0.0,825.0,14836.0,4111.0,9229.0,3466.0,2352.0,4,0,33,1221.0,1684.0,0,0,1.0,1.0,0
2,40,420,3,26350,26350,2635002,2635001,3,2060.0,0.0,22886.0,18573.0,0.0,198349.0,172898.0,0,1,196771.0,0,0.0,0.0,448.0,2,0.0,0.0,0.0,0.0,0.0,0.0,0.0,2955.0,2743.0,1832.0,579.0,567.0,0,0,0,0.0,0.0,0,0,178853.0,101609.0,0
2,25,910,3,26470,26410,2647002,2641001,2,3029.0,0.0,37201.0,46267.0,847.0,160542.0,119381.0,1,0,193165.0,1,20.0,105.5,526.0,1,0.0,0.0,50292.0,39248.0,0.0,0.0,5187.0,16570.0,1659.0,8587.0,4939.0,2067.0,0,0,0,0.0,0.0,0,1,168201.0,107809.0,1
2,30,420,4,26470,26320,2647003,2632002,1,2933.0,0.0,33183.0,33895.0,0.0,60345.0,42718.0,0,1,76246.0,0,0.0,0.0,0.0,0,0.0,0.0,0.0,0.0,0.0,0.0,0.0,14752.0,2593.0,6318.0,1095.0,1888.0,2,1,34,1264.0,748.0,1,0,65707.0,40577.0,0
2,25,110,4,26410,26320,2641002,2632001,4,2890.0,0.0,32089.0,34095.0,0.0,156350.0,106319.0,0,0,109285.0,1,0.0,0.0,445.0,2,0.0,0.0,0.0,0.0,0.0,0.0,0.0,6220.0,741.0,2869.0,1939.0,965.0,0,0,0,0.0,0.0,0,0,101953.0,68293.0,0
2,18,220,2,26260,26320,2626003,2632002,3,2356.0,0.0,28230.0,21213.0,1567.0,104370.0,81330.0,0,0,133102.0,1,0.0,4.4,470.0,2,2286.0,1249.0,0.0,0.0,0.0,0.0,189.0,3403.0,3227.0,1948.0,391.0,518.0,0,0,0,0.0,0.0,0,0,120255.0,81712.0,1
2,65,420,1,26350,26260,2635001,2626002,4,3573.0,0.0,37788.0,39805.0,0.0,64483.0,50684.0,1,1,65260.0,0,0.0,4.4,0.0,1,4145.0,1649.0,0.0,0.0,0.0,0.0,171.0,8699.0,3443.0,5777.0,1660.0,2279.0,0,0,0,0.0,0.0,1,0,73121.0,43760.0,0
2,50,910,1,26410,26230,2641001,2623001,3,4133.0,0.0,47933.0,50033.0,-10005.0,109931.0,80217.0,1,1,82190.0,1,0.0,4.7,0.0,2,6933.0,2245.0,0.0,0.0,0.0,0.0,448.0,12079.0,7059.0,7115.0,3091.0,1178.0,0,0,0,0.0,0.0,1,0,92762.0,64401.0,1
1,30,420,2,26230,26440,2623002,2644001,3,2078.0,0.0,23690.0,27062.0,1218.0,95435.0,61739.0,0,1,112294.0,0,0.0,0.0,531.0,1,0.0,0.0,0.0,0.0,0.0,0.0,0.0,4598.0,1515.0,2834.0,268.0,613.0,0,0,0,0.0,0.0,0,0,110339.0,72385.0,1
2,25,420,4,26440,26410,2644002,2641002,1,3268.0,32704.0,38398.0,37229.0,-3503.0,230867.0,178102.0,1,0,262752.0,0,32.0,217.7,608.0,0,0.0,0.0,99714.0,83579.0,0.0,0.0,7859.0,4567.0,4047.0,1903.0,763.0,1981.0,0,0,0,0.0,0.0,0,0,251145.0,171881.0,1
1,40,420,3,26410,26230,2641003,2623002,2,929.0,10710.0,11113.0,10381.0,0.0,72481.0,35239.0,0,0,50306.0,1,0.0,12.3,876.0,2,2459.0,1366.0,0.0,0.0,0.0,0.0,210.0,4483.0,1050.0,2131.0,618.0,614.0,0,0,0,0.0,0.0,0,0,48917.0,33160.0,0
2,30,420,4,26350,26230,2635002,2623001,3,3235.0,0.0,36070.0,40206.0,0.0,70476.0,49569.0,0,1,73346.0,0,0.0,0.0,0.0,0,0.0,0.0,0.0,0.0,0.0,0.0,0.0,6275.0,3323.0,3757.0,442.0,15.0,0,0,0,0.0,0.0,1,0,80690.0,55924.0,0
1,45,220,3,26350,26260,2635002,2626002,1,1584.0,17982.0,18648.0,15826.0,0.0,64914.0,44506.0,0,0,81293.0,0,0.0,0.0,636.0,2,0.0,0.0,0.0,0.0,0.0,0.0,0.0,7564.0,1402.0,4904.0,760.0,749.0,0,0,0,0.0,0.0,0,0,-99999999.0,46661.0,0
1,75,420,2,26530,26260,2653002,2626002,1,2459.0,0.0,28398.0,26524.0,0.0,308078.0,213828.0,1,1,403803.0,1,4.0,54.8,756.0,3,0.0,0.0,30536.0,15558.0,0.0,0.0,1799.0,5411.0,1945.0,2732.0,530.0,1870.0,4,1,32,971.0,2425.0,0,0,361502.0,236275.0,0
1,30,220,4,26320,26350,2632001,2635001,3,1947.0,0.0,20965.0,18108.0,-1932.0,67130.0,45712.0,1,1,92080.0,1,35.0,155.6,666.0,0,0.0,0.0,64045.0,32620.0,0.0,0.0,3611.0,8333.0,1046.0,2561.0,2295.0,676.0,0,0,0,0.0,0.0,0,0,86003.0,45327.0,2
2,25,420,4,26230,26260,2623003,2626002,1,2660.0,0.0,32621.0,33260.0,0.0,214938.0,174668.0,0,1,205692.0,1,0.0,0.0,0.0,0,0.0,0.0,0.0,0.0,0.0,0.0,0.0,6491.0,3584.0,4247.0,1112.0,916.0,0,0,0,0.0,0.0,1,0,210803.0,133349.0,0
1,25,910,5,26230,26440,2623002,2644001,3,3345.0,35678.0,40171.0,37667.0,1309.0,53166.0,43416.0,0,0,69953.0,0,0.0,0.0,396.0,2,0.0,0.0,0.0,0.0,0.0,0.0,0.0,5434.0,4478.0,1842.0,347.0,1993.0,0,0,0,0.0,0.0,0,0,74409.0,54084.0,1
1,20,910,5,26230,26410,2623001,2641001,2,1593.0,0.0,19663.0,19702.0,0.0,133783.0,77764.0,0,0,159756.0,1,0.0,3.6,532.0,1,1044.0,716.0,0.0,0.0,0.0,0.0,61.0,7628.0,2098.0,3905.0,891.0,302.0,0,0,0,0.0,0.0,0,0,183264.0,104671.0,0
2,30,220,2,26440,26230,2644001,2623001,2,2566.0,25831.0,30640.0,24538.0,0.0,115555.0,68514.0,0,0,128930.0,0,0.0,0.0,445.0,1,0.0,0.0,0.0,0.0,0.0,0.0,0.0,6040.0,4508.0,2970.0,1613.0,2269.0,2,1,40,2728.0,140.0,0,0,111170.0,66659.0,0
2,18,420,4,26410,26230,2641003,2623001,1,2466.0,0.0,27100.0,25873.0,0.0,206906.0,84638.0,0,0,200740.0,0,0.0,0.0,685.0,2,0.0,0.0,0.0,0.0,0.0,0.0,0.0,5639.0,1690.0,3862.0,659.0,506.0,0,0,0,0.0,0.0,0,0,192121.0,124743.0,0
2,20,420,2,26410,26230,2641001,2623001,2,3828.0,0.0,43490.0,42170.0,0.0,189667.0,87685.0,1,1,170754.0,0,0.0,2.9,579.0,2,1577.0,1245.0,0.0,0.0,0.0,0.0,145.0,10557.0,1781.0,3694.0,1914.0,2417.0,0,0,0,0.0,0.0,0,0,160914.0,92432.0,0
1,25,110,5,26260,26410,2626001,2641003,3,3081.0,0.0,34734.0,36134.0,0.0,103687.0,-99999999.0,0,1,95799.0,1,0.0,0.0,705.0,2,0.0,0.0,0.0,0.0,0.0,0.0,0.0,10838.0,962.0,6131.0,2681.0,1880.0,0,0,0,0.0,0.0,0,0,82641.0,45665.0,0
2,25,110,4,26230,26230,2623003,2623001,3,2035.0,0.0,21513.0,22583.0,0.0,71522.0,58730.0,1,0,89416.0,1,0.0,0.0,0.0,2,0.0,0.0,0.0,0.0,0.0,0.0,0.0,6941.0,802.0,2946.0,2348.0,1227.0,0,0,0,0.0,0.0,1,0,97246.0,70633.0,0
2,40,110,5,26410,26410,2641001,2641003,2,2494.0,0.0,28235.0,26495.0,0.0,261706.0,219529.0,0,1,222282.0,0,0.0,8.5,740.0,2,0.0,0.0,0.0,0.0,3299.0,2410.0,371.0,3572.0,1537.0,1692.0,243.0,1896.0,0,0,0,0.0,0.0,0,1,217341.0,112081.0,0
1,20,420,2,26440,26200,2644001,2620002,1,3811.0,39211.0,42649.0,36992.0,0.0,67362.0,36134.0,1,1,57350.0,0,0.0,0.0,529.0,0,0.0,0.0,0.0,0.0,0.0,0.0,0.0,18492.0,1185.0,8628.0,2154.0,1784.0,2,0,36,4569.0,388.0,0,0,59314.0,33261.0,0
2,50,420,1,26350,26320,2635002,2632002,4,3264.0,35916.0,34298.0,36986.0,2381.0,25320.0,22240.0,0,1,26933.0,1,0.0,0.0,717.0,1,0.0,0.0,0.0,0.0,0.0,0.0,0.0,4055.0,4894.0,1782.0,473.0,2478.0,0,0,0,0.0,0.0,0,0,26547.0,17482.0,1
1,25,110,1,26350,26230,2635001,2623003,4,2203.0,0.0,26864.0,25609.0,-877.0,32366.0,19634.0,0,1,33040.0,0,0.0,13.4,526.0,2,0.0,0.0,0.0,0.0,8291.0,3595.0,614.0,10546.0,1673.0,6877.0,3323.0,1313.0,0,0,0,0.0,0.0,0,0,31713.0,22521.0,1
1,20,910,3,26320,26320,2632002,2632001,4,2626.0,0.0,28329.0,26785.0,157.0,37458.0,31425.0,0,1,57346.0,0,0.0,8.9,742.0,0,5266.0,2510.0,0.0,0.0,0.0,0.0,213.0,9927.0,3994.0,5843.0,2138.0,2183.0,0,0,0,0.0,0.0,0,0,51111.0,27267.0,3
2,18,910,5,26260,26350,2626002,2635001,2,2647.0,23707.0,30446.0,28093.0,0.0,141127.0,92688.0,0,1,174079.0,1,0.0,0.0,809.0,2,0.0,0.0,0.0,0.0,0.0,0.0,0.0,6129.0,2098.0,4043.0,1687.0,222.0,0,0,0,0.0,0.0,0,0,194496.0,112391.0,0
1,40,420,4,26320,26230,2632001,2623003,3,2450.0,28386.0,29570.0,38210.0,0.0,372756.0,295197.0,0,0,530411.0,0,0.0,10.0,744.0,2,0.0,0.0,0.0,0.0,3313.0,2962.0,486.0,9137.0,2667.0,5698.0,1716.0,1995.0,0,0,0,0.0,0.0,0,0,469850.0,330667.0,0
1,25,420,5,26230,26350,2623001,2635002,1,1688.0,17407.0,19765.0,22176.0,0.0,29028.0,17300.0,0,1,36925.0,0,0.0,0.0,627.0,2,0.0,0.0,0.0,0.0,0.0,0.0,0.0,5779.0,1923.0,2697.0,1109.0,992.0,0,0,0,0.0,0.0,0,0,37795.0,20460.0,0
1,30,220,3,26320,26230,2632002,2623001,4,2360.0,0.0,25579.0,31000.0,1735.0,61726.0,27087.0,0,0,84868.0,1,0.0,0.0,724.0,2,0.0,0.0,0.0,0.0,0.0,0.0,0.0,8529.0,1837.0,2769.0,2918.0,1817.0,0,0,0,0.0,0.0,0,0,96991.0,49988.0,1
2,20,110,5,26440,26440,2644001,2644002,1,3703.0,31514.0,43460.0,41993.0,0.0,104132.0,56203.0,0,1,116972.0,0,0.0,0.0,451.0,0,0.0,0.0,0.0,0.0,0.0,0.0,0.0,15567.0,2889.0,6531.0,1548.0,1219.0,0,0,0,0.0,0.0,0,0,109483.0,55871.0,0
1,70,420,5,26350,26230,2635002,2623003,2,2552.0,0.0,30663.0,34266.0,1272.0,249522.0,195475.0,0,0,261014.0,1,0.0,7.0,421.0,0,2571.0,2142.0,0.0,0.0,0.0,0.0,192.0,8592.0,3256.0,3766.0,1454.0,1602.0,0,0,0,0.0,0.0,0,0,259241.0,187752.0,1
1,20,220,2,26350,26440,2635001,2644002,4,2733.0,31610.0,33369.0,34921.0,6038.0,61527.0,55674.0,0,1,64929.0,1,0.0,5.4,711.0,0,0.0,0.0,0.0,0.0,2040.0,1794.0,239.0,11702.0,4576.0,3988.0,4050.0,1370.0,0,0,0,0.0,0.0,0,0,69714.0,49104.0,1
2,30,910,5,26260,26230,2626002,2623002,3,2891.0,0.0,32198.0,37842.0,0.0,140713.0,104910.0,1,1,161968.0,0,0.0,13.3,0.0,2,6980.0,4291.0,0.0,0.0,0.0,0.0,765.0,5452.0,3774.0,1972.0,699.0,1959.0,0,0,0,0.0,0.0,1,0,150148.0,92616.0,0
2,50,420,1,26440,26350,2644002,2635001,4,4242.0,38768.0,44829.0,46239.0,0.0,84961.0,69916.0,0,1,94050.0,1,0.0,7.5,490.0,1,0.0,0.0,0.0,0.0,4379.0,3375.0,342.0,15349.0,3465.0,4746.0,1278.0,2361.0,0,0,0,0.0,0.0,0,1,86294.0,62715.0,0
1,25,910,3,26260,26200,2626002,2620001,2,2806.0,0.0,32875.0,38165.0,0.0,471794.0,192382.0,1,1,589694.0,1,2.0,36.7,652.0,0,0.0,0.0,15453.0,10943.0,1560.0,1114.0,1818.0,8209.0,4014.0,3903.0,1140.0,2348.0,3,1,36,8458.0,275.0,0,0,520824.0,272713.0,0
2,25,110,3,26230,26440,2623002,2644001,1,3511.0,37815.0,38451.0,33620.0,-2196.0,107659.0,88069.0,0,0,146626.0,2,0.0,0.0,707.0,2,0.0,0.0,0.0,0.0,0.0,0.0,0.0,16510.0,3932.0,6073.0,4966.0,1322.0,0,0,0,0.0,0.0,0,0,125630.0,63986.0,2
1,45,910,2,26440,26320,2644001,2632001,1,2411.0,0.0,29081.0,26392.0,0.0,122200.0,105036.0,0,1,133157.0,1,0.0,8.5,570.0,1,4649.0,2469.0,0.0,0.0,0.0,0.0,462.0,11616.0,2515.0,4746.0,4050.0,1354.0,0,0,0,0.0,0.0,0,0,124476.0,77452.0,0
2,25,910,5,26290,26350,2629002,2635001,1,2631.0,0.0,31203.0,29646.0,3011.0,103835.0,65100.0,0,1,145224.0,0,0.0,10.6,0.0,2,7217.0,3301.0,0.0,0.0,0.0,0.0,520.0,3135.0,4213.0,1543.0,743.0,2122.0,0,0,0,0.0,0.0,1,0,153030.0,106170.0,1
2,18,110,4,26230,26440,2623003,2644001,1,2808.0,32983.0,33826.0,34351.0,0.0,76971.0,51697.0,1,0,80604.0,1,31.0,109.3,730.0,0,22753.0,12052.0,41473.0,24913.0,0.0,0.0,4550.0,12387.0,2896.0,4529.0,4297.0,1508.0,0,0,0,0.0,0.0,0,0,70330.0,36449.0,0
2,30,420,1,26410,26260,2641001,2626001,2,2297.0,0.0,28563.0,39433.0,0.0,174542.0,74845.0,0,0,-99999999.0,1,0.0,0.0,664.0,0,0.0,0.0,0.0,0.0,0.0,0.0,0.0,8879.0,2202.0,2896.0,918.0,976.0,2,1,35,3089.0,448.0,0,0,1.0,1.0,0
1,18,220,1,26500,26440,2650001,2644001,1,2668.0,27205.0,31133.0,32387.0,2925.0,49246.0,24428.0,1,1,49202.0,1,0.0,0.0,665.0,5,0.0,0.0,0.0,0.0,0.0,0.0,0.0,10896.0,3323.0,6606.0,2601.0,1164.0,0,0,0,0.0,0.0,0,0,48129.0,25744.0,1
2,55,910,1,26440,26260,2644002,2626001,1,3377.0,0.0,41566.0,45389.0,0.0,29698.0,12802.0,0,1,29683.0,0,0.0,0.0,522.0,1,0.0,0.0,0.0,0.0,0.0,0.0,0.0,7914.0,3174.0,5177.0,1803.0,2569.0,0,0,0,0.0,0.0,0,0,30164.0,20499.0,0
2,35,910,2,26320,26260,2632002,2626001,2,2280.0,0.0,26867.0,25178.0,-211.0,90209.0,-99999999.0,1,0,100810.0,1,38.0,143.0,0.0,5,0.0,0.0,50246.0,38432.0,0.0,0.0,6512.0,10198.0,1539.0,4437.0,912.0,2020.0,0,0,0,0.0,0.0,1,0,95130.0,53917.0,2
1,35,110,1,26410,26230,2641001,2623003,3,2800.0,21532.0,30418.0,27087.0,4236.0,161029.0,135252.0,0,1,132806.0,0,0.0,10.3,598.0,2,3917.0,2331.0,0.0,0.0,1129.0,799.0,519.0,4539.0,2645.0,2202.0,1066.0,496.0,4,1,38,536.0,690.0,0,0,139151.0,88557.0,1
1,25,910,2,26320,26350,2632002,2635002,3,3261.0,0.0,39454.0,36576.0,0.0,69671.0,32032.0,1,0,103043.0,2,33.0,103.8,605.0,1,9293.0,6486.0,37103.0,34485.0,0.0,0.0,8114.0,16357.0,5600.0,6793.0,3450.0,789.0,0,0,0,0.0,0.0,0,0,110958.0,55692.0,0
2,40,910,4,26230,26440,2623002,2644002,1,2264.0,22306.0,26913.0,22070.0,1199.0,110403.0,100122.0,0,1,116064.0,0,0.0,0.0,580.0,0,0.0,0.0,0.0,0.0,0.0,0.0,0.0,6783.0,2294.0,3288.0,1878.0,415.0,2,1,45,7746.0,680.0,0,0,101618.0,61689.0,1
1,35,910,5,26230,26260,2623001,2626002,4,3512.0,0.0,43745.0,46303.0,0.0,47457.0,40896.0,1,0,57798.0,0,0.0,15.4,646.0,3,7706.0,6732.0,0.0,0.0,0.0,0.0,916.0,6003.0,6504.0,2015.0,1796.0,660.0,0,0,0,0.0,0.0,0,0,64521.0,33574.0,0
2,20,220,4,26440,26440,2644002,2644001,3,2847.0,0.0,31280.0,33329.0,-278.0,186763.0,133901.0,0,0,170232.0,0,0.0,10.4,537.0,0,5344.0,3251.0,0.0,0.0,0.0,0.0,635.0,10799.0,3961.0,5225.0,1266.0,156.0,1,0,41,2936.0,2435.0,0,0,174738.0,126723.0,1
1,50,110,3,26350,26350,2635002,2635002,2,2693.0,0.0,30071.0,25362.0,0.0,145968.0,136927.0,1,0,172839.0,2,0.0,13.4,652.0,1,6301.0,4042.0,0.0,0.0,0.0,0.0,737.0,7078.0,2498.0,3430.0,587.0,1919.0,0,0,0,0.0,0.0,0,0,180591.0,119599.0,0
2,35,110,4,26710,26230,2671002,2623002,2,1495.0,16775.0,18154.0,17209.0,0.0,99891.0,88439.0,0,0,114279.0,1,0.0,0.0,0.0,0,0.0,0.0,0.0,0.0,0.0,0.0,0.0,3432.0,1160.0,1451.0,1123.0,493.0,0,0,0,0.0,0.0,1,0,115195.0,73476.0,0
2,45,420,5,26380,26350,2638001,2635002,4,2557.0,0.0,27170.0,27363.0,-2131.0,109233.0,57069.0,1,0,109483.0,0,19.0,84.6,529.0,0,3237.0,2593.0,28299.0,20405.0,0.0,0.0,3003.0,9079.0,2824.0,5876.0,2471.0,923.0,2,0,35,5378.0,854.0,0,0,96126.0,55981.0,1
1,25,910,1,26440,26260,2644001,2626002,2,3042.0,30898.0,35793.0,27386.0,-2897.0,42781.0,39560.0,0,0,46265.0,2,0.0,0.0,397.0,1,0.0,0.0,0.0,0.0,0.0,0.0,0.0,7757.0,5158.0,3631.0,1231.0,2478.0,0,0,0,0.0,0.0,0,0,45512.0,23052.0,1
1,20,910,5,26320,26440,2632002,2644001,1,3934.0,0.0,45520.0,40764.0,0.0,43944.0,28284.0,1,0,62014.0,0,0.0,0.0,0.0,2,0.0,0.0,0.0,0.0,0.0,0.0,0.0,8008.0,3360.0,2878.0,1690.0,3335.0,0,0,0,0.0,0.0,1,0,55998.0,33393.0,0
1,40,420,4,26230,26290,2623001,2629002,2,3169.0,26275.0,34344.0,34295.0,-2184.0,91748.0,44514.0,0,0,99258.0,0,0.0,0.0,747.0,3,0.0,0.0,0.0,0.0,0.0,0.0,0.0,10681.0,1640.0,6411.0,3169.0,1498.0,0,0,0,0.0,0.0,0,0,99582.0,54887.0,3
2,45,110,2,26110,26440,2611001,2644001,1,3532.0,33736.0,38252.0,41259.0,0.0,134355.0,68528.0,0,1,236839.0,0,0.0,5.0,545.0,0,2312.0,1899.0,0.0,0.0,0.0,0.0,284.0,8516.0,1416.0,3053.0,841.0,298.0,0,0,0,0.0,0.0,0,0,265354.0,165805.0,0
2,30,420,3,26440,26440,2644001,2644002,1,2014.0,19804.0,24410.0,19862.0,299.0,138500.0,107519.0,0,0,151832.0,0,0.0,16.4,0.0,3,5746.0,4008.0,0.0,0.0,0.0,0.0,755.0,2892.0,2128.0,966.0,146.0,891.0,0,0,0,0.0,0.0,1,0,150521.0,79183.0,1
1,18,420,3,26200,26440,2620001,2644002,2,2718.0,0.0,28623.0,26976.0,0.0,79399.0,74886.0,1,0,62961.0,0,0.0,0.0,517.0,1,0.0,0.0,0.0,0.0,0.0,0.0,0.0,5136.0,2225.0,2299.0,1099.0,2092.0,0,0,0,0.0,0.0,0,0,57467.0,36746.0,0
2,45,420,1,26410,26530,2641002,2653001,1,3593.0,33820.0,43093.0,41689.0,0.0,154388.0,99565.0,1,0,108722.0,0,44.0,122.8,610.0,1,4268.0,2813.0,61210.0,48312.0,2001.0,1776.0,10202.0,11109.0,3742.0,6876.0,866.0,3109.0,0,0,0,0.0,0.0,0,0,108894.0,76946.0,0
2,25,420,2,26440,26320,2644002,2632001,2,2223.0,0.0,26599.0,23509.0,0.0,231532.0,165597.0,0,0,225352.0,0,0.0,0.0,581.0,1,0.0,0.0,0.0,0.0,0.0,0.0,0.0,8008.0,2213.0,5450.0,2712.0,692.0,0,0,0,0.0,0.0,0,0,214381.0,129417.0,0
1,25,420,2,26440,26320,2644002,2632002,1,3427.0,0.0,40436.0,34798.0,0.0,93601.0,52897.0,0,0,87352.0,0,0.0,0.8,0.0,1,805.0,340.0,0.0,0.0,0.0,0.0,28.0,10929.0,3827.0,6155.0,1214.0,3141.0,0,0,0,0.0,0.0,1,1,98587.0,-99999999.0,0
2,35,910,1,26410,26530,2641001,2653002,3,3277.0,36775.0,37092.0,33342.0,0.0,118871.0,102824.0,0,0,90162.0,0,0.0,0.0,734.0,1,0.0,0.0,0.0,0.0,0.0,0.0,0.0,15637.0,2256.0,10289.0,4235.0,962.0,2,3,45,2286.0,313.0,0,0,88164.0,56907.0,0
1,20,910,3,26260,26440,2626001,2644002,1,2979.0,29617.0,31448.0,27050.0,0.0,87141.0,40376.0,0,0,102133.0,1,0.0,0.0,598.0,1,0.0,0.0,0.0,0.0,0.0,0.0,0.0,6905.0,2573.0,3642.0,1818.0,2048.0,0,0,0,0.0,0.0,0,0,111231.0,81624.0,0
2,20,420,3,26350,26500,2635001,2650002,1,2586.0,22577.0,31300.0,28514.0,0.0,91511.0,65910.0,1,0,122494.0,0,0.0,0.0,606.0,0,0.0,0.0,0.0,0.0,0.0,0.0,0.0,12631.0,2365.0,4751.0,1262.0,2344.0,0,0,0,0.0,0.0,0,0,121825.0,89537.0,0
1,18,420,2,26140,26260,2614002,2626002,4,2159.0,25089.0,23212.0,20851.0,0.0,109288.0,78952.0,0,1,84922.0,0,0.0,0.0,747.0,1,0.0,0.0,0.0,0.0,0.0,0.0,0.0,6210.0,2054.0,3267.0,358.0,241.0,0,0,0,0.0,0.0,0,0,78198.0,46522.0,0
1,55,110,1,26350,26320,2635002,2632002,1,3954.0,0.0,43737.0,47527.0,0.0,274295.0,109890.0,0,1,346317.0,0,0.0,6.0,658.0,1,4825.0,2631.0,0.0,0.0,0.0,0.0,298.0,14803.0,3432.0,8801.0,1763.0,1022.0,0,0,0,0.0,0.0,0,0,363278.0,220705.0,0
1,25,420,5,26230,26230,2623003,2623002,2,3211.0,0.0,39796.0,30576.0,5739.0,170957.0,156820.0,0,1,207248.0,1,0.0,25.8,0.0,1,9795.0,3988.0,0.0,0.0,11315.0,6283.0,1175.0,11504.0,4159.0,3796.0,2442.0,1786.0,2,0,26,1468.0,2521.0,1,0,177334.0,101488.0,1
1,35,910,4,26230,26230,2623002,2623001,3,3021.0,28090.0,33544.0,39699.0,-3373.0,161961.0,151577.0,0,1,199441.0,1,0.0,0.0,681.0,0,0.0,0.0,0.0,0.0,0.0,0.0,0.0,4632.0,3769.0,2167.0,407.0,990.0,0,0,0,0.0,0.0,0,0,-99999999.0,158768.0,1
1,70,910,3,26440,26200,2644001,2620002,2,2532.0,27199.0,27878.0,25899.0,2393.0,75189.0,49407.0,1,0,-99999999.0,0,150.0,98.2,779.0,1,0.0,0.0,31411.0,27371.0,0.0,0.0,2931.0,6910.0,2009.0,2306.0,2294.0,2184.0,0,0,0,0.0,0.0,0,0,1.0,1.0,1
2,35,910,4,26470,26440,2647001,2644001,2,2825.0,0.0,35162.0,42390.0,902.0,57589.0,-99999999.0,0,0,78034.0,1,0.0,5.3,787.0,1,3452.0,1856.0,0.0,0.0,0.0,0.0,351.0,11826.0,4048.0,5424.0,3368.0,1134.0,0,0,0,0.0,0.0,0,0,79149.0,50579.0,2
1,30,220,2,26230,26710,2623001,2671002,1,2907.0,21748.0,31023.0,30556.0,0.0,124707.0,108095.0,0,1,148960.0,2,0.0,0.0,478.0,0,0.0,0.0,0.0,0.0,0.0,0.0,0.0,6099.0,4300.0,3202.0,715.0,2080.0,2,1,31,633.0,743.0,0,0,137679.0,85721.0,0
2,30,910,2,26260,26230,2626002,2623003,2,3060.0,0.0,33113.0,35066.0,0.0,208198.0,96643.0,1,0,213088.0,1,9.0,65.3,484.0,1,4197.0,2823.0,22271.0,18799.0,0.0,0.0,2420.0,7139.0,3970.0,4191.0,599.0,524.0,1,1,33,1472.0,2129.0,0,0,192269.0,100346.0,0
1,30,220,4,26260,26320,2626001,2632001,4,3277.0,0.0,37281.0,35493.0,0.0,277629.0,123973.0,0,0,284981.0,0,0.0,2.4,780.0,0,2678.0,895.0,0.0,0.0,0.0,0.0,155.0,12877.0,4502.0,5694.0,905.0,2932.0,0,0,0,0.0,0.0,0,0,303916.0,190171.0,0
1,35,220,4,26470,26470,2647001,2647003,3,2291.0,26334.0,27665.0,25586.0,3310.0,22661.0,17656.0,0,0,32318.0,1,0.0,6.1,613.0,0,0.0,0.0,0.0,0.0,3107.0,1685.0,262.0,9870.0,3189.0,3444.0,2921.0,1616.0,0,0,0,0.0,0.0,0,0,29549.0,18939.0,2
2,60,420,4,26440,26440,2644002,2644002,4,1847.0,0.0,22660.0,25560.0,-2297.0,428409.0,303194.0,0,1,349821.0,0,0.0,14.8,364.0,2,4058.0,3350.0,0.0,0.0,0.0,0.0,420.0,6519.0,1613.0,3247.0,2051.0,25.0,4,1,23,1677.0,395.0,0,0,350977.0,199661.0,1
1,45,420,3,26410,26170,2641003,2617001,3,2855.0,0.0,34292.0,33436.0,47.0,126778.0,98084.0,1,1,95610.0,0,0.0,0.0,555.0,1,0.0,0.0,0.0,0.0,0.0,0.0,0.0,12267.0,4943.0,4314.0,2549.0,473.0,0,0,0,0.0,0.0,0,0,106020.0,57620.0,1
1,30,420,1,26320,26350,2632001,2635001,4,1664.0,0.0,20721.0,16723.0,0.0,170307.0,121701.0,0,0,197232.0,1,0.0,23.5,593.0,0,8837.0,4865.0,0.0,0.0,0.0,0.0,714.0,8178.0,932.0,2770.0,1794.0,169.0,0,0,0,0.0,0.0,0,0,212857.0,130182.0,0
2,25,910,4,26410,26320,2641003,2632002,2,2590.0,0.0,27282.0,32745.0,-4721.0,34753.0,27786.0,0,0,24864.0,0,0.0,0.0,609.0,3,0.0,0.0,0.0,0.0,0.0,0.0,0.0,7587.0,1585.0,4499.0,1340.0,1291.0,0,0,0,0.0,0.0,0,0,21244.0,15751.0,1
1,50,910,4,26500,26440,2650003,2644002,3,2469.0,0.0,28984.0,32137.0,-4916.0,85636.0,-99999999.0,0,0,77726.0,1,0.0,4.8,749.0,0,3138.0,1396.0,0.0,0.0,0.0,0.0,117.0,9954.0,1362.0,5410.0,2882.0,1933.0,0,0,0,0.0,0.0,0,0,82472.0,60983.0,1
2,25,420,3,26410,26350,2641003,2635002,3,3120.0,0.0,33486.0,28889.0,0.0,161734.0,83874.0,0,0,114954.0,0,0.0,7.5,529.0,0,5450.0,2503.0,0.0,0.0,0.0,0.0,389.0,3492.0,2778.0,1789.0,1090.0,2103.0,0,0,0,0.0,0.0,0,0,98123.0,58633.0,0
1,50,420,2,26290,26320,2629003,2632001,4,4089.0,0.0,50379.0,48365.0,0.0,48784.0,25873.0,1,1,66073.0,0,0.0,2.6,772.0,0,2502.0,1328.0,0.0,0.0,0.0,0.0,172.0,5554.0,5905.0,2039.0,801.0,2330.0,0,0,0,0.0,0.0,0,0,62586.0,43743.0,0
2,25,910,5,26440,26350,2644001,2635002,3,1536.0,0.0,19001.0,18050.0,0.0,17449.0,10977.0,1,1,18423.0,0,150.0,276.3,0.0,1,0.0,0.0,83674.0,52503.0,0.0,0.0,8913.0,5908.0,1018.0,3947.0,1892.0,938.0,0,0,0,0.0,0.0,1,0,17728.0,12304.0,0
1,40,110,2,26410,26260,2641003,2626002,2,4278.0,0.0,47512.0,40151.0,0.0,120729.0,98727.0,1,0,105745.0,1,0.0,0.0,0.0,1,0.0,0.0,0.0,0.0,0.0,0.0,0.0,15323.0,6884.0,9870.0,1877.0,3585.0,0,0,0,0.0,0.0,1,0,104855.0,77101.0,0
1,45,110,2,26350,26260,2635002,2626002,1,2649.0,0.0,32200.0,35350.0,3501.0,95811.0,82136.0,0,1,129192.0,0,0.0,11.0,608.0,0,6834.0,3552.0,0.0,0.0,0.0,0.0,449.0,6531.0,3410.0,4161.0,758.0,1165.0,2,1,32,1528.0,860.0,0,0,135192.0,89909.0,1
2,30,220,4,26350,26410,2635002,2641001,4,3026.0,34602.0,35587.0,37377.0,0.0,234404.0,145498.0,0,0,-99999999.0,0,0.0,0.0,714.0,1,0.0,0.0,0.0,0.0,0.0,0.0,0.0,11252.0,5042.0,3669.0,3436.0,2137.0,0,0,0,0.0,0.0,0,0,1.0,1.0,0
2,25,420,3,26410,26440,2641002,2644001,2,1880.0,0.0,20118.0,21549.0,0.0,89684.0,-99999999.0,1,0,84580.0,1,41.0,186.5,0.0,4,6112.0,2879.0,46546.0,34651.0,0.0,0.0,7197.0,2728.0,1987.0,897.0,562.0,156.0,0,0,0,0.0,0.0,1,0,76385.0,56975.0,0
2,50,910,3,26500,26320,2650003,2632002,4,3448.0,37363.0,40361.0,41279.0,0.0,93711.0,-99999999.0,0,0,94945.0,0,0.0,0.0,699.0,1,0.0,0.0,0.0,0.0,0.0,0.0,0.0,14904.0,3888.0,7281.0,979.0,273.0,0,0,0,0.0,0.0,0,0,99822.0,58484.0,0
1,30,220,4,26320,26710,2632002,2671002,3,2827.0,33458.0,35202.0,28598.0,0.0,150032.0,99273.0,0,0,182069.0,0,0.0,0.0,574.0,2,0.0,0.0,0.0,0.0,0.0,0.0,0.0,7870.0,5119.0,3269.0,634.0,484.0,0,0,0,0.0,0.0,0,0,164674.0,87843.0,0
1,25,110,2,26350,26440,2635002,2644001,1,2760.0,20521.0,30681.0,39597.0,0.0,183526.0,168385.0,0,1,188071.0,1,0.0,0.0,722.0,1,0.0,0.0,0.0,0.0,0.0,0.0,0.0,9204.0,4385.0,3999.0,1256.0,2351.0,0,0,0,0.0,0.0,0,0,178615.0,110796.0,0
2,30,910,1,26350,26260,2635002,2626003,3,1541.0,12745.0,16184.0,19021.0,0.0,64521.0,35364.0,0,1,87120.0,0,0.0,24.9,598.0,2,6650.0,4030.0,0.0,0.0,0.0,0.0,749.0,7165.0,1783.0,4183.0,742.0,984.0,0,0,0,0.0,0.0,0,0,95330.0,70597.0,0
1,30,910,1,26230,26320,2623003,2632001,2,2848.0,0.0,35468.0,42984.0,-1404.0,173981.0,144990.0,0,0,235732.0,0,0.0,0.0,981.0,2,0.0,0.0,0.0,0.0,0.0,0.0,0.0,9959.0,1238.0,6714.0,3475.0,2587.0,0,0,0,0.0,0.0,0,0,205441.0,135906.0,1
1,40,420,5,26230,26440,2623002,2644002,1,3350.0,32482.0,37949.0,30598.0,0.0,72183.0,30548.0,0,0,83932.0,0,0.0,0.0,478.0,0,0.0,0.0,0.0,0.0,0.0,0.0,0.0,10790.0,1342.0,5841.0,2862.0,1032.0,0,0,0,0.0,0.0,0,0,71843.0,46956.0,0
1,25,220,3,26230,26350,2623003,2635001,2,2646.0,0.0,30063.0,32056.0,0.0,99699.0,58811.0,0,0,117778.0,0,0.0,15.7,1000.0,4,5521.0,4713.0,0.0,0.0,0.0,0.0,856.0,4092.0,733.0,1275.0,743.0,403.0,0,0,0,0.0,0.0,0,0,112844.0,65767.0,0
2,30,910,3,26440,26320,2644001,2632001,3,3563.0,0.0,42490.0,43313.0,0.0,147630.0,112543.0,0,1,120446.0,0,0.0,0.0,526.0,0,0.0,0.0,0.0,0.0,0.0,0.0,0.0,4909.0,1664.0,1552.0,1434.0,204.0,0,0,0,0.0,0.0,0,0,118267.0,80812.0,0
1,50,910,2,26440,26350,2644002,2635002,1,3536.0,30959.0,41402.0,-1.0,0.0,163911.0,135522.0,0,0,142220.0,1,0.0,0.0,815.0,1,0.0,0.0,0.0,0.0,0.0,0.0,0.0,17510.0,3774.0,6875.0,2420.0,1450.0,0,0,0,0.0,0.0,0,0,138458.0,75478.0,0
1,20,910,4,26410,26230,2641003,2623003,3,2383.0,20830.0,26461.0,26711.0,-567.0,119490.0,86714.0,0,1,100860.0,0,0.0,0.0,758.0,0,0.0,0.0,0.0,0.0,0.0,0.0,0.0,10671.0,2062.0,3240.0,627.0,2057.0,0,0,0,0.0,0.0,0,0,103483.0,-99999999.0,2
1,30,910,5,26230,26320,2623003,2632002,4,3837.0,0.0,41056.0,35394.0,0.0,51620.0,45326.0,1,1,52992.0,0,0.0,0.0,532.0,2,0.0,0.0,0.0,0.0,0.0,0.0,0.0,15751.0,4525.0,5598.0,2513.0,138.0,0,0,0,0.0,0.0,0,0,56725.0,40752.0,0
1,35,420,4,26200,26350,2620002,2635002,1,2829.0,0.0,34386.0,32198.0,0.0,32140.0,27365.0,0,0,25096.0,0,0.0,0.0,728.0,1,0.0,0.0,0.0,0.0,0.0,0.0,0.0,15404.0,4676.0,4949.0,2425.0,2550.0,2,0,35,2180.0,528.0,0,0,26171.0,16479.0,0
1,50,110,3,26320,26260,2632001,2626001,1,2832.0,30381.0,32474.0,32031.0,0.0,88188.0,65226.0,0,1,129487.0,2,0.0,0.0,586.0,0,0.0,0.0,0.0,0.0,0.0,0.0,0.0,4348.0,2239.0,1787.0,400.0,717.0,0,0,0,0.0,0.0,0,0,138743.0,100110.0,0
1,35,910,3,26440,26350,2644001,2635001,1,2864.0,20807.0,33924.0,42657.0,4694.0,176799.0,104571.0,1,1,195114.0,1,7.0,39.0,686.0,2,0.0,0.0,19683.0,13222.0,0.0,0.0,1506.0,12484.0,4512.0,3973.0,2985.0,156.0,0,0,0,0.0,0.0,0,0,196283.0,99883.0,1
1,45,420,5,26260,26410,2626002,2641003,3,2845.0,26322.0,34769.0,35449.0,4230.0,-99999999.0,77580.0,0,1,1.0,0,0.0,1.9,0.0,2,1318.0,654.0,0.0,0.0,0.0,0.0,101.0,4838.0,4746.0,3215.0,803.0,481.0,0,0,0,0.0,0.0,1,0,1.0,1.0,1
1,25,910,5,26260,26320,2626002,2632002,4,1090.0,9511.0,11484.0,10916.0,0.0,114144.0,84273.0,1,0,114924.0,1,9.0,93.7,605.0,1,0.0,0.0,20871.0,10758.0,0.0,0.0,1177.0,3700.0,1242.0,1884.0,516.0,91.0,0,0,0,0.0,0.0,0,0,102199.0,54332.0,0
2,30,220,2,26500,26350,2650002,2635001,4,2679.0,30244.0,32734.0,37146.0,4096.0,98300.0,74816.0,0,1,90821.0,0,0.0,0.0,594.0,1,0.0,0.0,0.0,0.0,0.0,0.0,0.0,11499.0,4210.0,7414.0,2660.0,1781.0,0,0,0,0.0,0.0,0,0,104053.0,55889.0,1
2,60,910,5,26260,26230,2626003,2623001,1,1913.0,0.0,22963.0,20353.0,-1200.0,118831.0,73321.0,0,1,138470.0,0,0.0,11.2,0.0,0,2980.0,1304.0,0.0,0.0,1877.0,1275.0,208.0,7870.0,3223.0,4497.0,2100.0,1756.0,0,0,0,0.0,0.0,1,0,144980.0,80023.0,1
1,50,910,5,26350,26440,2635002,2644002,2,3857.0,35608.0,47802.0,41111.0,0.0,54369.0,33635.0,0,1,64961.0,0,0.0,5.2,533.0,2,6299.0,2489.0,0.0,0.0,0.0,0.0,407.0,9212.0,3795.0,4460.0,3198.0,3780.0,0,0,0,0.0,0.0,0,0,-99999999.0,30450.0,0
1,35,910,5,26200,26260,2620001,2626001,1,3831.0,45477.0,42015.0,44194.0,0.0,157648.0,78387.0,0,0,146571.0,1,0.0,4.6,537.0,1,2506.0,1920.0,0.0,0.0,0.0,0.0,279.0,17191.0,3588.0,8359.0,5424.0,238.0,0,0,0,0.0,0.0,0,0,154810.0,115640.0,0
1,30,110,1,26500,26440,2650002,2644001,2,3354.0,0.0,37380.0,32822.0,0.0,164027.0,65637.0,0,1,142754.0,0,0.0,10.6,0.0,0,7053.0,3955.0,0.0,0.0,0.0,0.0,452.0,11144.0,3256.0,6555.0,609.0,1636.0,3,0,31,3683.0,682.0,1,0,144366.0,95662.0,0
1,30,110,1,26260,26530,2626003,2653003,2,2645.0,0.0,31272.0,30854.0,0.0,79765.0,52152.0,0,0,75000.0,0,0.0,0.0,706.0,2,0.0,0.0,0.0,0.0,0.0,0.0,0.0,13126.0,2496.0,5622.0,1254.0,1088.0,0,0,0,0.0,0.0,0,0,72838.0,52877.0,0
1,20,220,2,26440,26260,2644002,2626002,3,2145.0,0.0,26494.0,22040.0,0.0,128310.0,109957.0,1,0,122436.0,1,0.0,0.8,480.0,1,341.0,207.0,0.0,0.0,0.0,0.0,28.0,6773.0,3795.0,3471.0,1447.0,592.0,0,0,0,0.0,0.0,0,0,126663.0,67934.0,0
2,50,420,4,26260,26410,2626003,2641001,4,2373.0,0.0,29628.0,22191.0,0.0,35245.0,28957.0,0,1,39516.0,1,0.0,0.0,520.0,1,0.0,0.0,0.0,0.0,0.0,0.0,0.0,6519.0,945.0,2262.0,1232.0,1276.0,0,0,0,0.0,0.0,0,0,36229.0,25320.0,0
1,45,220,1,26440,26260,2644002,2626002,4,4063.0,0.0,46048.0,53176.0,0.0,109977.0,104112.0,1,1,104918.0,1,0.0,0.0,372.0,0,0.0,0.0,0.0,0.0,0.0,0.0,0.0,19087.0,3095.0,11718.0,5953.0,904.0,4,1,45,2908.0,383.0,0,0,119763.0,62631.0,0
2,30,220,1,26260,26260,2626003,2626002,1,2350.0,19384.0,27209.0,23755.0,-2609.0,91138.0,70010.0,0,1,94849.0,1,0.0,0.0,0.0,0,0.0,0.0,0.0,0.0,0.0,0.0,0.0,10489.0,3750.0,4524.0,3088.0,522.0,0,0,0,0.0,0.0,1,0,93079.0,49693.0,1
1,25,910,1,26350,26230,2635002,2623002,1,1269.0,13983.0,13757.0,-1.0,-282.0,210142.0,111092.0,1,1,222361.0,1,13.0,211.7,740.0,2,0.0,0.0,34113.0,29130.0,0.0,0.0,2886.0,1790.0,1660.0,665.0,373.0,1051.0,0,0,0,0.0,0.0,0,0,227144.0,163227.0,1
1,30,910,1,26140,26230,2614002,2623003,2,3470.0,0.0,41251.0,46643.0,0.0,87624.0,67693.0,1,1,76070.0,0,104.0,192.0,508.0,1,0.0,0.0,132248.0,79216.0,0.0,0.0,11606.0,10459.0,2371.0,6237.0,3501.0,2470.0,3,0,43,546.0,6620.0,0,0,67007.0,36485.0,0
1,20,420,5,26350,26410,2635001,2641001,2,3775.0,0.0,45960.0,48700.0,0.0,166242.0,142247.0,1,0,206214.0,0,0.0,0.0,734.0,0,0.0,0.0,0.0,0.0,0.0,0.0,0.0,5814.0,4884.0,1961.0,918.0,2815.0,0,0,0,0.0,0.0,0,0,229693.0,161042.0,0
1,40,910,4,26320,26380,2632002,2638002,2,3878.0,0.0,46913.0,49799.0,-1703.0,78065.0,58748.0,0,1,90303.0,1,0.0,0.0,908.0,1,0.0,0.0,0.0,0.0,0.0,0.0,0.0,18979.0,950.0,12921.0,4662.0,1918.0,1,0,44,20876.0,645.0,0,0,95190.0,69315.0,1
1,35,420,4,26260,26410,2626003,2641003,3,3475.0,40782.0,38891.0,38503.0,5096.0,25043.0,16652.0,0,1,31603.0,0,0.0,8.2,450.0,1,8276.0,3202.0,0.0,0.0,0.0,0.0,619.0,10400.0,3471.0,5988.0,2692.0,1322.0,0,0,0,0.0,0.0,0,0,27805.0,14165.0,1
1,25,420,2,26410,26260,2641001,2626002,3,3581.0,0.0,44499.0,45568.0,-5484.0,86222.0,-99999999.0,0,1,75255.0,1,0.0,0.0,570.0,1,0.0,0.0,0.0,0.0,0.0,0.0,0.0,8523.0,6203.0,5081.0,1726.0,1363.0,0,0,0,0.0,0.0,0,0,73622.0,54046.0,1
1,35,220,4,26320,26410,2632002,2641003,4,2834.0,29043.0,30439.0,30431.0,0.0,111085.0,46010.0,0,1,126277.0,0,0.0,0.0,447.0,0,0.0,0.0,0.0,0.0,0.0,0.0,0.0,3792.0,3055.0,1262.0,435.0,333.0,0,0,0,0.0,0.0,0,0,117213.0,74721.0,0
2,65,420,4,26410,26440,2641002,2644001,3,1450.0,0.0,0.0,15950.0,0.0,108067.0,58984.0,1,1,74172.0,0,60.0,4449800.0,773.0,2,0.0,0.0,56311.0,44498.0,0.0,0.0,8788.0,0.0,0.0,0.0,0.0,0.0,0,0,0,0.0,0.0,0,0,73817.0,48265.0,0
2,20,910,3,26290,26140,2629003,2614002,2,2818.0,0.0,32715.0,43876.0,0.0,109051.0,53081.0,0,1,141376.0,0,0.0,4.1,638.0,2,4036.0,1357.0,0.0,0.0,0.0,0.0,239.0,7448.0,976.0,2324.0,733.0,1768.0,0,0,0,0.0,0.0,0,0,137830.0,97816.0,0
1,30,420,5,26230,26350,2623001,2635002,1,3204.0,24098.0,37080.0,41950.0,0.0,72848.0,45703.0,0,0,71972.0,1,0.0,0.0,0.0,0,0.0,0.0,0.0,0.0,0.0,0.0,0.0,16302.0,3314.0,7024.0,2712.0,1506.0,0,0,0,0.0,0.0,1,0,77947.0,52059.0,0
2,30,910,3,26440,26230,2644002,2623002,2,2712.0,30196.0,32587.0,28826.0,0.0,81289.0,72442.0,0,1,85086.0,0,0.0,0.0,680.0,1,0.0,0.0,0.0,0.0,0.0,0.0,0.0,14551.0,3550.0,8580.0,3657.0,1642.0,0,0,0,0.0,0.0,0,0,86816.0,64328.0,0
1,25,910,2,26260,26260,2626002,2626003,4,2682.0,0.0,31431.0,28242.0,0.0,50221.0,25280.0,0,1,64908.0,1,0.0,0.0,578.0,3,0.0,0.0,0.0,0.0,0.0,0.0,0.0,8235.0,765.0,3181.0,1178.0,2507.0,0,0,0,0.0,0.0,0,0,63764.0,46523.0,0
1,30,420,4,26230,26440,2623002,2644002,4,2173.0,0.0,23152.0,26574.0,0.0,29793.0,13080.0,0,0,29975.0,0,0.0,13.5,598.0,2,6072.0,3136.0,0.0,0.0,0.0,0.0,535.0,9720.0,3071.0,5627.0,2995.0,463.0,0,0,0,0.0,0.0,0,0,27044.0,15221.0,0
1,35,910,5,26290,26260,2629002,2626003,2,2149.0,21765.0,23338.0,20951.0,-3273.0,92607.0,76614.0,0,0,132212.0,1,0.0,0.0,686.0,2,0.0,0.0,0.0,0.0,0.0,0.0,0.0,8858.0,1245.0,4608.0,2026.0,1641.0,2,0,50,1020.0,162.0,0,0,149879.0,102671.0,2
1,25,220,5,26230,26140,2623002,2614001,1,3995.0,0.0,46200.0,37591.0,4307.0,63125.0,55383.0,0,0,83031.0,1,0.0,3.8,571.0,3,5194.0,1751.0,0.0,0.0,0.0,0.0,259.0,17063.0,6118.0,11334.0,3177.0,371.0,0,0,0,0.0,0.0,0,0,78130.0,46608.0,1
2,25,910,3,26410,26410,2641003,2641002,1,4018.0,36847.0,47770.0,46712.0,-6473.0,188698.0,130629.0,0,1,156980.0,2,0.0,0.0,0.0,1,0.0,0.0,0.0,0.0,0.0,0.0,0.0,9271.0,2692.0,4624.0,1358.0,21.0,0,0,0,0.0,0.0,1,0,136357.0,72156.0,1
2,50,220,3,26350,26470,2635001,2647003,1,2798.0,0.0,32256.0,36704.0,3833.0,26657.0,16184.0,0,1,30118.0,0,0.0,12.3,630.0,0,3995.0,2675.0,0.0,0.0,2040.0,1299.0,585.0,11608.0,4761.0,4881.0,975.0,2354.0,4,1,36,3345.0,163.0,0,0,-99999999.0,16284.0,2
2,25,110,5,26260,26440,2626003,2644002,3,2983.0,27915.0,33442.0,28798.0,0.0,117549.0,74855.0,0,1,129662.0,0,0.0,0.0,662.0,0,0.0,0.0,0.0,0.0,0.0,0.0,0.0,14945.0,4527.0,9714.0,3213.0,232.0,3,0,35,1472.0,495.0,0,0,117353.0,60155.0,0
2,35,910,4,26230,26350,2623003,2635001,3,2162.0,0.0,22922.0,17790.0,0.0,352530.0,268785.0,0,0,349891.0,0,0.0,0.0,728.0,1,0.0,0.0,0.0,0.0,0.0,0.0,0.0,9031.0,3010.0,4436.0,1476.0,1258.0,0,0,0,0.0,0.0,0,0,335941.0,212006.0,0
2,35,420,3,26320,26260,2632001,2626001,3,3218.0,26803.0,38847.0,43304.0,0.0,88459.0,75826.0,0,0,105343.0,0,0.0,5.6,726.0,0,5547.0,2170.0,0.0,0.0,0.0,0.0,378.0,11256.0,4249.0,4674.0,3814.0,1488.0,0,0,0,0.0,0.0,0,0,115368.0,57791.0,0
1,45,420,2,26320,26350,2632001,2635002,1,3944.0,0.0,45334.0,43763.0,0.0,98553.0,49690.0,0,1,152647.0,1,0.0,4.8,455.0,2,4473.0,2169.0,0.0,0.0,0.0,0.0,213.0,4548.0,3273.0,2121.0,1240.0,1490.0,0,0,0,0.0,0.0,0,0,147070.0,79956.0,0
1,40,220,5,26230,26230,2623002,2623001,2,1806.0,13135.0,20909.0,17519.0,0.0,127492.0,114264.0,0,1,155725.0,0,0.0,0.0,833.0,3,0.0,0.0,0.0,0.0,0.0,0.0,0.0,4848.0,1663.0,2313.0,439.0,1656.0,0,0,0,0.0,0.0,0,0,153789.0,115179.0,0
1,45,910,5,26260,26260,2626003,2626001,1,3102.0,0.0,35480.0,33877.0,0.0,133614.0,101756.0,1,1,137264.0,2,0.0,0.0,658.0,2,0.0,0.0,0.0,0.0,0.0,0.0,0.0,11671.0,3418.0,4539.0,2530.0,917.0,0,0,0,0.0,0.0,0,0,149421.0,109835.0,0
2,35,910,1,26320,26350,2632002,2635002,2,3150.0,0.0,34747.0,45249.0,0.0,77257.0,62274.0,0,1,119102.0,0,0.0,0.0,0.0,0,0.0,0.0,0.0,0.0,0.0,0.0,0.0,5159.0,1903.0,3193.0,1610.0,260.0,0,0,0,0.0,0.0,1,0,119410.0,77674.0,0
1,30,110,1,26260,26260,2626003,2626001,3,3143.0,22667.0,34739.0,31681.0,-3570.0,53907.0,24140.0,1,1,57808.0,1,0.0,0.0,0.0,0,0.0,0.0,0.0,0.0,0.0,0.0,0.0,8406.0,1852.0,5281.0,2789.0,679.0,0,0,0,0.0,0.0,1,0,61709.0,-99999999.0,1
2,30,420,1,26200,26350,2620002,2635002,2,3868.0,36350.0,41105.0,46542.0,1804.0,146040.0,132179.0,0,0,99914.0,1,0.0,0.0,0.0,2,0.0,0.0,0.0,0.0,0.0,0.0,0.0,14330.0,3416.0,6850.0,4721.0,3169.0,0,0,0,0.0,0.0,1,0,99392.0,61215.0,1
2,30,110,2,26260,26320,2626002,2632002,3,4123.0,37875.0,49126.0,58526.0,0.0,31419.0,21695.0,0,1,40919.0,2,0.0,5.2,957.0,1,3084.0,2576.0,0.0,0.0,0.0,0.0,407.0,20239.0,4360.0,6209.0,5973.0,3677.0,0,0,0,0.0,0.0,0,0,39014.0,24221.0,0
1,30,420,1,26440,26440,2644002,2644002,2,2648.0,0.0,29244.0,37938.0,0.0,162647.0,97451.0,0,1,171562.0,0,0.0,4.3,0.0,4,2488.0,1268.0,0.0,0.0,0.0,0.0,212.0,10104.0,3616.0,3447.0,1345.0,683.0,2,1,36,2044.0,1536.0,1,0,171723.0,104898.0,0
1,25,220,5,26350,26200,2635001,2620002,3,3238.0,0.0,35932.0,29731.0,-1344.0,78036.0,48337.0,0,0,98894.0,1,0.0,1.9,666.0,4,1992.0,697.0,0.0,0.0,0.0,0.0,133.0,11272.0,4198.0,5677.0,2701.0,1570.0,2,0,37,699.0,406.0,0,0,113090.0,57558.0,1
2,30,420,5,26350,26350,2635001,2635002,2,2855.0,0.0,35650.0,39401.0,10631.0,98899.0,55499.0,0,1,94852.0,0,0.0,4.7,695.0,0,2592.0,1690.0,0.0,0.0,0.0,0.0,204.0,6384.0,3610.0,2581.0,1679.0,1686.0,0,0,0,0.0,0.0,0,0,83693.0,49007.0,1
1,30,420,1,26350,26410,2635001,2641003,2,2389.0,0.0,26928.0,24933.0,0.0,72015.0,35261.0,1,0,76989.0,0,69.0,202.6,844.0,0,0.0,0.0,78485.0,53054.0,1966.0,1509.0,6258.0,9017.0,2829.0,3898.0,2707.0,2110.0,0,0,0,0.0,0.0,0,0,85902.0,54242.0,0
1,20,110,5,26230,26320,2623001,2632001,1,2976.0,0.0,34288.0,30701.0,0.0,232938.0,97616.0,0,1,314218.0,1,0.0,6.0,619.0,1,3483.0,2044.0,0.0,0.0,0.0,0.0,345.0,13491.0,4571.0,6910.0,4262.0,1709.0,3,1,24,2361.0,1212.0,0,0,326066.0,204909.0,0
1,25,420,1,26710,26320,2671003,2632002,3,3236.0,0.0,36479.0,34601.0,0.0,114623.0,62518.0,0,0,106894.0,0,0.0,0.0,720.0,2,0.0,0.0,0.0,0.0,0.0,0.0,0.0,9239.0,1005.0,5221.0,1934.0,2479.0,0,0,0,0.0,0.0,0,0,121904.0,76434.0,0
2,40,220,4,26350,26320,2635002,2632002,4,2941.0,29937.0,32587.0,30328.0,0.0,81386.0,54784.0,0,1,107284.0,1,0.0,5.4,680.0,2,3170.0,1745.0,0.0,0.0,0.0,0.0,200.0,13399.0,3069.0,5023.0,1970.0,378.0,2,0,36,743.0,1043.0,0,0,99230.0,58451.0,0
1,35,110,2,26350,26410,2635002,2641001,3,2227.0,24932.0,0.0,24497.0,-0.0,80022.0,61354.0,0,1,102007.0,0,0.0,457300.0,899.0,2,5802.0,4573.0,0.0,0.0,0.0,0.0,516.0,0.0,0.0,0.0,0.0,0.0,0,0,0,0.0,0.0,0,0,98382.0,66802.0,1
2,45,420,1,26230,26320,2623001,2632001,3,2499.0,28125.0,30512.0,29039.0,0.0,90319.0,72557.0,0,1,100219.0,0,0.0,16.3,837.0,0,6459.0,4975.0,0.0,0.0,0.0,0.0,932.0,9807.0,1047.0,3370.0,3203.0,1865.0,0,0,0,0.0,0.0,0,0,88482.0,65271.0,0
1,35,420,3,26440,26260,2644001,2626001,4,2504.0,0.0,28662.0,31291.0,0.0,415885.0,302591.0,1,0,471897.0,1,6.0,95.8,632.0,1,1328.0,972.0,28657.0,26476.0,0.0,0.0,3068.0,11305.0,2346.0,5945.0,2350.0,96.0,0,0,0,0.0,0.0,0,0,408537.0,286025.0,0
2,50,220,5,26350,26440,2635001,2644001,1,2252.0,22034.0,26888.0,29790.0,2430.0,44790.0,20775.0,1,1,59973.0,0,9.0,22.4,0.0,0,2887.0,901.0,9853.0,5122.0,0.0,0.0,782.0,11043.0,1907.0,6272.0,1019.0,929.0,0,0,0,0.0,0.0,1,0,59335.0,34455.0,1
2,45,910,5,26260,26320,2626003,2632001,4,3004.0,0.0,0.0,33044.0,0.0,189043.0,120487.0,0,1,238664.0,1,0.0,0.0,650.0,2,0.0,0.0,0.0,0.0,0.0,0.0,0.0,0.0,0.0,0.0,0.0,0.0,2,0,25,955.0,2189.0,0,0,209280.0,119609.0,0
1,20,220,1,26320,26440,2632001,2644002,1,3072.0,33934.0,32273.0,31919.0,0.0,138810.0,106477.0,1,1,177882.0,2,46.0,269.9,579.0,2,6682.0,5153.0,107623.0,81951.0,0.0,0.0,15339.0,8431.0,4080.0,5350.0,2347.0,2014.0,0,0,0,0.0,0.0,0,0,183356.0,132217.0,0
2,65,420,5,26440,26260,2644001,2626002,3,3437.0,0.0,40729.0,37216.0,831.0,248671.0,201112.0,0,1,255213.0,0,0.0,0.0,613.0,2,0.0,0.0,0.0,0.0,0.0,0.0,0.0,17550.0,4998.0,10798.0,6004.0,453.0,0,0,0,0.0,0.0,0,0,260101.0,144171.0,1
1,18,220,2,26530,26440,2653003,2644001,4,2243.0,26871.0,24084.0,20150.0,-1748.0,143981.0,83290.0,1,0,174199.0,0,85.0,612.5,669.0,1,0.0,0.0,159796.0,147515.0,0.0,0.0,28661.0,6340.0,2297.0,4138.0,1121.0,943.0,0,0,0,0.0,0.0,0,0,197472.0,104535.0,1
1,35,910,3,26350,26350,2635002,2635001,4,2425.0,0.0,27684.0,25596.0,0.0,98915.0,90076.0,0,0,99352.0,0,0.0,5.6,0.0,0,1829.0,1541.0,0.0,0.0,0.0,0.0,279.0,2801.0,575.0,1223.0,810.0,1018.0,2,1,38,6210.0,1292.0,1,0,111615.0,63225.0,0
2,45,110,1,26410,26260,2641003,2626001,2,3810.0,40543.0,46457.0,51143.0,0.0,182046.0,152456.0,0,0,173234.0,0,0.0,0.0,583.0,1,0.0,0.0,0.0,0.0,0.0,0.0,0.0,12527.0,1070.0,8434.0,1652.0,448.0,0,0,0,0.0,0.0,0,0,162578.0,103152.0,0
1,25,910,5,26350,26320,2635001,2632002,4,2693.0,28284.0,28662.0,40781.0,0.0,113308.0,98403.0,0,1,154513.0,1,0.0,0.0,462.0,1,0.0,0.0,0.0,0.0,0.0,0.0,0.0,8928.0,1282.0,4407.0,1420.0,708.0,0,0,0,0.0,0.0,0,0,174178.0,87424.0,0
2,35,420,4,26440,26410,2644002,2641001,3,2820.0,22661.0,35191.0,38474.0,0.0,155278.0,119036.0,0,0,129674.0,2,0.0,8.6,0.0,0,5082.0,3041.0,0.0,0.0,0.0,0.0,487.0,12679.0,1931.0,5382.0,1767.0,509.0,1,1,21,1003.0,314.0,1,0,112345.0,61682.0,0
2,30,220,4,26410,26410,2641001,2641003,1,2686.0,0.0,31323.0,37815.0,0.0,232567.0,145952.0,0,0,206258.0,0,0.0,6.3,680.0,0,5229.0,1958.0,0.0,0.0,0.0,0.0,246.0,4000.0,2503.0,2197.0,1014.0,2477.0,0,0,0,0.0,0.0,0,0,220670.0,124446.0,0
1,20,220,4,26320,26230,2632002,2623002,1,3536.0,0.0,39921.0,43371.0,0.0,104351.0,95355.0,0,1,160985.0,0,0.0,0.0,785.0,2,0.0,0.0,0.0,0.0,0.0,0.0,0.0,12031.0,2771.0,7862.0,3912.0,1612.0,0,0,0,0.0,0.0,0,0,164870.0,105441.0,0
1,18,910,5,26410,26350,2641001,2635001,4,3562.0,33351.0,37540.0,35204.0,0.0,76525.0,68551.0,0,1,66024.0,0,0.0,6.5,769.0,2,3355.0,2428.0,0.0,0.0,0.0,0.0,390.0,11783.0,1488.0,7725.0,3484.0,462.0,1,0,38,8418.0,534.0,0,0,63152.0,43088.0,0
2,20,220,1,26230,26350,2623003,2635002,4,3524.0,0.0,41138.0,39455.0,5932.0,67085.0,57402.0,0,0,65053.0,0,0.0,4.9,706.0,1,2533.0,2001.0,0.0,0.0,0.0,0.0,260.0,13900.0,1338.0,5520.0,3169.0,1538.0,0,0,0,0.0,0.0,0,1,71328.0,53180.0,1
1,20,420,2,26320,26350,2632002,2635001,4,2817.0,0.0,32367.0,24732.0,0.0,129356.0,115142.0,0,0,141279.0,0,0.0,5.5,451.0,2,0.0,0.0,0.0,0.0,3065.0,1788.0,233.0,6322.0,738.0,2282.0,1331.0,233.0,0,0,0,0.0,0.0,0,0,135066.0,74271.0,0
1,35,420,1,26410,26320,2641003,2632002,2,2233.0,0.0,0.0,24563.0,0.0,58285.0,52698.0,0,1,48460.0,2,0.0,85800.0,0.0,0,1544.0,858.0,0.0,0.0,0.0,0.0,124.0,0.0,0.0,0.0,0.0,0.0,0,0,0,0.0,0.0,1,0,48902.0,32972.0,0
1,30,420,3,26320,26260,2632001,2626002,2,4051.0,0.0,46509.0,35331.0,0.0,80027.0,64862.0,0,0,123100.0,0,0.0,0.0,624.0,3,0.0,0.0,0.0,0.0,0.0,0.0,0.0,17502.0,934.0,11821.0,5799.0,2379.0,0,0,0,0.0,0.0,0,0,129944.0,72393.0,0
1,30,910,3,26230,26500,2623001,2650003,4,3357.0,26696.0,35334.0,31069.0,0.0,55241.0,28183.0,0,0,58972.0,1,0.0,0.0,0.0,0,0.0,0.0,0.0,0.0,0.0,0.0,0.0,5230.0,855.0,3588.0,1484.0,1472.0,0,0,0,0.0,0.0,1,0,54863.0,35631.0,0
2,40,420,1,26320,26440,2632002,2644001,1,2503.0,0.0,31285.0,26227.0,4017.0,133921.0,93236.0,1,0,167925.0,0,0.0,0.0,578.0,1,0.0,0.0,0.0,0.0,0.0,0.0,0.0,11583.0,2445.0,4753.0,2860.0,1827.0,0,0,0,0.0,0.0,0,0,148603.0,83791.0,1
1,18,910,4,26320,26410,2632002,2641001,4,3725.0,0.0,41587.0,42602.0,0.0,62863.0,46443.0,0,0,92335.0,1,0.0,11.7,491.0,1,5509.0,4845.0,0.0,0.0,0.0,0.0,668.0,13130.0,4484.0,4293.0,3796.0,1028.0,0,0,0,0.0,0.0,0,0,97734.0,60209.0,0
2,25,420,1,26470,26350,2647002,2635001,3,2452.0,0.0,28101.0,32344.0,5102.0,45614.0,37648.0,0,1,71842.0,1,0.0,0.0,838.0,0,0.0,0.0,0.0,0.0,0.0,0.0,0.0,7104.0,2091.0,4147.0,1393.0,915.0,0,0,0,0.0,0.0,0,0,65068.0,40310.0,1
2,45,110,4,26230,26260,2623002,2626002,3,3717.0,33406.0,44863.0,46603.0,0.0,50693.0,34082.0,1,1,68343.0,1,56.0,84.7,554.0,0,0.0,0.0,50741.0,38007.0,0.0,0.0,7590.0,16720.0,2429.0,6566.0,2965.0,325.0,3,1,37,3484.0,826.0,0,0,62443.0,46162.0,0
2,55,110,4,26230,26320,2623002,2632001,2,3761.0,0.0,44852.0,43621.0,0.0,70077.0,47798.0,0,0,91371.0,0,0.0,0.0,503.0,2,0.0,0.0,0.0,0.0,0.0,0.0,0.0,6486.0,4486.0,2493.0,2199.0,867.0,0,0,0,0.0,0.0,0,0,83147.0,46959.0,0
2,30,110,5,26410,26440,2641002,2644002,4,2201.0,20238.0,27022.0,28877.0,0.0,74000.0,70119.0,0,0,63533.0,0,0.0,0.0,680.0,1,0.0,0.0,0.0,0.0,0.0,0.0,0.0,6082.0,2762.0,3614.0,1311.0,70.0,0,0,0,0.0,0.0,0,0,68248.0,48199.0,0
2,20,420,1,26350,26410,2635001,2641002,3,3178.0,0.0,39352.0,44727.0,7681.0,114791.0,74466.0,1,1,154481.0,0,0.0,0.0,643.0,3,0.0,0.0,0.0,0.0,0.0,0.0,0.0,16233.0,4424.0,6175.0,3614.0,328.0,0,0,0,0.0,0.0,0,0,145889.0,99561.0,1
1,45,110,5,26320,26350,2632001,2635002,1,3308.0,37708.0,35986.0,32938.0,-541.0,89592.0,42243.0,1,0,123750.0,0,0.0,0.0,585.0,0,0.0,0.0,0.0,0.0,0.0,0.0,0.0,5402.0,2050.0,3314.0,460.0,1884.0,0,0,0,0.0,0.0,0,0,132682.0,84492.0,1
1,50,420,3,26350,26440,2635001,2644001,3,4500.0,41596.0,0.0,49500.0,-1.0,123277.0,-99999999.0,0,0,148359.0,1,0.0,0.0,650.0,1,0.0,0.0,0.0,0.0,0.0,0.0,0.0,0.0,0.0,0.0,0.0,0.0,0,0,0,0.0,0.0,0,0,151362.0,102515.0,1
